<?xml version="1.0"?>
<menu>
        <header>
		<listname>Cave Arcade</listname>
		<exporterversion>Created by HardCoreG for CORE Type R</exporterversion>
	  </header>
	<game name="agallet">
        <description>Air Gallet</description>
        <year>1996</year>
        <manufacturer>Gazelle</manufacturer>
        <publisher>Gazelle</publisher>
        <score>4.2</score>
        <genre>Shooter</genre>
        <players>2</players>
      </game>
	<game name="akatana">
        <description>Akai Katana</description>
        <year>2010</year>
        <manufacturer>Cave</manufacturer>
        <publisher>Cave</publisher>
        <score>4.4</score>
        <genre>Shooter</genre>
        <players>2</players>
      </game>
	<game name="deathsml">
        <description>Deathsmiles</description>
        <year>2007</year>
        <manufacturer>Cave</manufacturer>
        <publisher>Cave</publisher>
        <score>4.3</score>
        <genre>Shooter</genre>
        <players>2</players>
      </game>  
	<game name="dsmbl">
        <description>Deathsmiles MegaBlack Label</description>
        <year>2007</year>
        <manufacturer>Cave</manufacturer>
        <publisher>Cave</publisher>
        <score>4.6</score>
        <genre>Shooter</genre>
        <players>2</players>
      </game>
	<game name="ddonpach">
        <description>DoDonPachi</description>
        <year>1997</year>
        <manufacturer>Cave</manufacturer>
        <publisher>Cave</publisher>
        <score>4.5</score>
        <genre>Shooter</genre>
        <players>2</players>
      </game>
	<game name="dfkbl">
        <description>DoDonPachi Dai-Fukkatsu Black Label</description>
        <year>2010</year>
        <manufacturer>Cave</manufacturer>
        <publisher>Cave</publisher>
        <score>4.1</score>
        <genre>Shooter</genre>
        <players>2</players>
      </game> 
    <game name="ddpdoj">
        <description>DoDonPachi Dai-Ou-Jou V101</description>
        <year>2002</year>
        <manufacturer>Cave</manufacturer>
        <publisher>Cave</publisher>
        <score>4.2</score>
        <genre>Shooter</genre>
        <players>2</players>
      </game>
	<game name="ddp2">
        <description>DoDonPachi II: Bee Storm</description>
        <year>2001</year>
        <manufacturer>Cave</manufacturer>
        <publisher>IGS</publisher>
        <score>3.8</score>
        <genre>Shooter</genre>
        <players>2</players>
      </game>
	<game name="donpachi">
        <description>DonPachi</description>
        <year>1995</year>
        <manufacturer>Cave</manufacturer>
        <publisher>Cave</publisher>
        <score>4.2</score>
        <genre>Shooter</genre>
        <players>2</players>
      </game>
    <game name="esprade">
        <description>ESP Ra.De.</description>
        <year>1995</year>
        <manufacturer>Cave</manufacturer>
        <publisher>Cave</publisher>
        <score>4.2</score>
        <genre>Shooter</genre>
        <players>2</players>
      </game> 
    <game name="espgal">
        <description>Espgaluda</description>
        <year>1998</year>
        <manufacturer>Cave</manufacturer>
        <publisher>Cave</publisher>
        <score>4.1</score>
        <genre>Shooter</genre>
        <players>2</players>
      </game>
    <game name="espgal2">
        <description>Espgaluda II</description>
        <year>2005</year>
        <manufacturer>Cave</manufacturer>
        <publisher>Cave</publisher>
        <score>4.2</score>
        <genre>Shooter</genre>
        <players>2</players>
      </game>
    <game name="feversos">
        <description>Fever SOS</description>
        <year>1998</year>
        <manufacturer>Cave</manufacturer>
        <publisher>Cave</publisher>
        <score>4.1</score>
        <genre>Shooter</genre>
        <players>2</players>
      </game>
    <game name="gaia">
        <description>Gaia Crusaders</description>
        <year>1999</year>
        <manufacturer>Noise Factory</manufacturer>
        <publisher>Noise Factory</publisher>
        <score>3.8</score>
        <genre>Beat 'em Up</genre>
        <players>2</players>
      </game>
    <game name="plegends">
        <description>Gogetsuji Legends</description>
        <year>1995</year>
        <manufacturer>Atlus</manufacturer>
        <publisher>Atlus</publisher>
        <score>3.2</score>
        <genre>Fighter</genre>
        <players>2</players>
      </game>
	<game name="guwange">
        <description>Guwange</description>
        <year>1999</year>
        <manufacturer>Cave</manufacturer>
        <publisher>Cave</publisher>
        <score>4.3</score>
        <genre>Shooter</genre>
        <players>2</players>
      </game> 
	<game name="hotdogst">
        <description>Hotdog Storm</description>
        <year>1996</year>
        <manufacturer>Marble Inc.</manufacturer>
        <publisher>Marble</publisher>
        <score>3.3</score>
        <genre>Shooter</genre>
        <players>2</players>
      </game>
    <game name="hotdogst">
        <description>Hotdog Storm</description>
        <year>1996</year>
        <manufacturer>Marble Inc.</manufacturer>
        <publisher>Marble</publisher>
        <score>3.3</score>
        <genre>Shooter</genre>
        <players>2</players>
      </game>
	<game name="ibara">
        <description>Ibara</description>
        <year>2005</year>
        <manufacturer>Cave</manufacturer>
        <publisher>Cave</publisher>
        <score>3.7</score>
        <genre>Shooter</genre>
        <players>2</players>
      </game>
	<game name="ibarablk">
        <description>Ibara Kuro Black Label</description>
        <year>2006</year>
        <manufacturer>Cave</manufacturer>
        <publisher>Cave</publisher>
        <score>4.0</score>
        <genre>Shooter</genre>
        <players>2</players>
      </game>
	<game name="ket">
        <description>Ketsui: Kizuna Jigoku Tachi</description>
        <year>2002</year>
        <manufacturer>Cave</manufacturer>
        <publisher>Cave</publisher>
        <score>4.2</score>
        <genre>Shooter</genre>
        <players>2</players>
      </game>
	<game name="mazinger">
        <description>Mazinger Z</description>
        <year>1994</year>
        <manufacturer>Eleven</manufacturer>
        <publisher>Banpresto</publisher>
        <score>3.7</score>
        <genre>Shooter</genre>
        <players>2</players>
      </game> 
	<game name="metmqstr">
        <description>Metamoqester</description>
        <year>1995</year>
        <manufacturer>Pandora Box</manufacturer>
        <publisher>Banpresto</publisher>
        <score>3.7</score>
        <genre>Fighter</genre>
        <players>2</players>
      </game>
	<game name="mmpork">
        <description>Muchi Muchi Pork!</description>
        <year>2007</year>
        <manufacturer>Cave</manufacturer>
        <publisher>Cave</publisher>
        <score>3.7</score>
        <genre>Shooter</genre>
        <players>2</players>
      </game>
	<game name="mushisam">
        <description>Mushihime-Sama</description>
        <year>2004</year>
        <manufacturer>Cave</manufacturer>
        <publisher>Cave</publisher>
        <score>4.2</score>
        <genre>Shooter</genre>
        <players>2</players>
      </game>
	<game name="futari15">
        <description>Mushihime-Sama Futari Ver 1.5</description>
        <year>2006</year>
        <manufacturer>Cave</manufacturer>
        <publisher>Cave</publisher>
        <score>4.2</score>
        <genre>Shooter</genre>
        <players>2</players>
      </game>
<game name="futaribl">
        <description>Mushihime-Sama Futari Black Label: Another Ver</description>
        <year>2009</year>
        <manufacturer>Cave</manufacturer>
        <publisher>AMI</publisher>
        <score>4.5</score>
        <genre>Shooter</genre>
        <players>2</players>
      </game> 	  
	<game name="pinkswts">
        <description>Pink Sweets: Ibara Sorekara</description>
        <year>2006</year>
        <manufacturer>Cave</manufacturer>
        <publisher>Cave</publisher>
        <score>3.9</score>
        <genre>Shooter</genre>
        <players>2</players>
      </game>
	<game name="pwrinst2">
        <description>Power Instinct 2</description>
        <year>1994</year>
        <manufacturer>Atlus</manufacturer>
        <publisher>Atlus</publisher>
        <score>3.7</score>
        <genre>Fighter</genre>
        <players>2</players>
      </game>
	<game name="sailormn">
        <description>Progear</description>
        <year>1995</year>
        <manufacturer>Gazelle</manufacturer>
        <publisher>Gazelle</publisher>
        <score>3.9</score>
        <genre>Beat 'em Up</genre>
        <players>2</players>
      </game>
	<game name="progear">
        <description>Progear</description>
        <year>2001</year>
        <manufacturer>Cave</manufacturer>
        <publisher>Cave</publisher>
        <score>4.4</score>
        <genre>Shooter</genre>
        <players>2</players>
      </game>
	<game name="mushitam">
        <description>Puzzle! Mushihime-Tama</description>
        <year>2005</year>
        <manufacturer>Cave</manufacturer>
        <publisher>Cave</publisher>
        <score>3.9</score>
        <genre>Puzzle</genre>
        <players>2</players>
      </game>
	<game name="theroes">
        <description>Thunder Heroes</description>
        <year>2001</year>
        <manufacturer>Noise Factory</manufacturer>
        <publisher>Primetek Investments</publisher>
        <score>2.9</score>
        <genre>Beat 'em Up</genre>
        <players>2</players>
      </game>
<game name="uopoko">
        <description>Puzzle Uo Poko</description>
        <year>1998</year>
        <manufacturer>Toshiaki Tomizawa</manufacturer>
        <publisher>Jaleco</publisher>
        <score>3.2</score>
        <genre>Puzzle</genre>
        <players>2</players>
      </game>    
</menu>