<?xml version="1.0"?>
<menu>
	<header>
		<listname>Atari Lynx</listname>
		<lastlistupdate>12/05/2022</lastlistupdate>
		<listversion>0.1</listversion>
		<exporterversion>Created by STAiNLESS for CORE Type R</exporterversion>
	</header>
	<game name="A.P.B. (USA, Europe)">
		<description>A.P.B. (USA, Europe)</description>
		<year>1991</year>
		<manufacturer>Quicksilver Software</manufacturer>
		<publisher>Atari Games</publisher>
		<score>2.7</score>
		<genre>Action;Racing</genre>
		<players>1</players>
		<story>In this real arcade game you and Officer Bob must search out and collar the perps who've engaged in such
			heinous criminal activities as littering, speeding, and assorted other forms of misconduct too despicable to
			mention! But while you're out there, patrolling the streets in Officer Bob's police car, don't forget to
			refuel! Stop in at your friendly neighborhood donut shop and gain extra time.</story>
	</game>
	<game name="Awesome Golf (USA, Europe)">
		<description>Awesome Golf (USA, Europe)</description>
		<year>1991</year>
		<manufacturer>Hand Made Software</manufacturer>
		<publisher>Atari</publisher>
		<score>2.8</score>
		<genre>Sports</genre>
		<players>4</players>
		<story>You are on the 18th tee, one stroke behind the defending champion. Do you take your caddy's advice and
			play it safe, or do you risk the water? Awesome Golf provides great realism and a challenge for one to four
			players.</story>
	</game>
	<game name="Baseball Heroes (USA, Europe)">
		<description>Baseball Heroes (USA, Europe)</description>
		<year>1992</year>
		<manufacturer>Atari</manufacturer>
		<publisher>Atari</publisher>
		<score>1.8</score>
		<genre>Sports</genre>
		<players>2</players>
		<story>The crowd roars as the Mighty Champ steps up to the plate. Wild Joe, the southpaw flamethrower, stares in
			to his catcher for what seems like minutes. He nods slowly and steps into his windup. He throws a heater
			right under the Champ's chin. The big man falls to the ground to avoid getting hit. He sits there a second,
			glaring at Wild Joe, then slowly rises to his feet. The tension is as thick as peanut butter as he steps
			back into the box. Wild Joe's next two pitches, breaking balls, shave the corners of the plate, bringing the
			count to I and 2. The Champ steps out of the box and peers at the coach down at the hot corner, who touches
			his cap, his number, his elbow, then the tip of his nose. But the signal does not fool anyone. Everybody
			knows the Champ will swing for the cheap seats. Wild Joe winds up and burns a fireball across the heart of
			the plate. The Champ steps into it, head down, and brings his 38-ounce bat around as though it were a
			child's toy. Crack! The bat launches a rocket to the deepest part of the yard. Centerfielder Yazoo Sherman
			races toward the fence and leaps at the warning track, but he never stood a chance. You can kiss that one
			goodbye!</story>
	</game>
	<game name="Basketbrawl (USA, Europe)">
		<description>Basketbrawl (USA, Europe)</description>
		<year>1992</year>
		<manufacturer>Atari</manufacturer>
		<publisher>Atari</publisher>
		<score>1.3</score>
		<genre>Fighting;Sports</genre>
		<players>2</players>
		<story>Vinnie and Slash are bleeding from knife wounds and the ref is out cold! No wonder the gang members
			nicknamed this game "Basketbrawl." To them it's not a game--it's a street fight!</story>
	</game>
	<game name="Batman Returns (USA, Europe)">
		<description>Batman Returns (USA, Europe)</description>
		<year>1992</year>
		<manufacturer>Atari</manufacturer>
		<publisher>Atari</publisher>
		<score>1.7</score>
		<genre>Beat 'em Up</genre>
		<players>1</players>
		<story>Gotham City is in desperate trouble again. Catwoman and The Penguin have joined forces to terrorize the
			entire metropolis! Only you can help Batman foil their deadly scheme and save the city from their fiendish
			clutches.</story>
	</game>
	<game name="Battle Wheels (USA, Europe)">
		<description>Battle Wheels (USA, Europe)</description>
		<year>1993</year>
		<manufacturer>Beyond Games</manufacturer>
		<publisher>Atari</publisher>
		<score>2.8</score>
		<genre>Racing;Shooter</genre>
		<players>6</players>
		<story>The year is 2019, and the world is bored with conventional entertainment. Enter the world of
			BattleWheels, where contestants fight in post-apocalyptic deserts and dead cities in the most violent
			destruction derby ever. At your disposal are machine guns, flame throwers, missiles, mines, and even paint
			(to obstruct someone's view). And if you survive your car getting destroyed, you can hoof it and try to
			wreak as much carnage as possible before becoming roadkill. You can buy a pre-made car, or customize your
			own car with different levels of engine power, suspension, and armor.

			BattleWheels can be comlynxed up to 6 simultaneous players.</story>
	</game>
	<game name="Battlezone 2000 (USA, Europe)">
		<description>Battlezone 2000 (USA, Europe)</description>
		<year>1995</year>
		<manufacturer>Hand Made Software</manufacturer>
		<publisher>Atari</publisher>
		<score>2.3</score>
		<genre>Action;Shooter</genre>
		<players>4</players>
		<story>2005 A.D. A deadly virus has infected the Supertank's ultrasophisticated computer systems, turning these
			mighty weapons of destruction against their creators. Humankind is on the brink of extinction. Free the
			battle zones from this robotic plague!</story>
	</game>
	<game name="Bill &amp; Ted's Excellent Adventure (USA, Europe)">
		<description>Bill &amp; Ted's Excellent Adventure (USA, Europe)</description>
		<year>1991</year>
		<manufacturer>Al Baker &amp; Associates</manufacturer>
		<publisher>Atari</publisher>
		<score>3.2</score>
		<genre>Adventure;Puzzle</genre>
		<players>2</players>
		<story>Bill and Ted are about to embark on their most excellent adventure through time and space. Those two
			beautiful babes from Medieval England, Joanna and Elizabeth, have been kidnapped by the most heinous Grim
			Reaper. Bill and Ted must use the circuits of time to find the princesses. Will they be most triumphant?
			Only you can help!</story>
	</game>
	<game name="Block Out (USA, Europe)">
		<description>Block Out (USA, Europe)</description>
		<year>1991</year>
		<manufacturer>P.Z.Karen Co. Development Group</manufacturer>
		<publisher>Atari</publisher>
		<score>3.6</score>
		<genre>Puzzle</genre>
		<players>1</players>
		<story>Easy to play, difficult to master, impossible to quit!

			Welcome to the world of Blockout! One of the most absorbing games ever devised. Drop as many 3-D blocks as
			you can into a pit without reaching the top. The better you do, the faster the blocks will fall. It takes
			skill to rotate each block into its best position without leaving any unfilled holes. This is 3-D puzzle
			action at its best!</story>
	</game>
	<game name="Blue Lightning (USA, Europe)">
		<description>Blue Lightning (USA, Europe)</description>
		<year>1989</year>
		<manufacturer>Epyx</manufacturer>
		<publisher>Atari</publisher>
		<score>3.6</score>
		<genre>Flight Simulator;Shooter</genre>
		<players>1</players>
		<story>Flight Command chose you to fly the top secret Blue Lightning combat jet on its first flight. You
			finished last at flight school so they have nothing to lose.
			Trails of smoke warn of oncoming enemy missiles. A few quick barrel rolls and you avoid the missiles. Now
			here come the jets! With guns blazing you fly into the thick of the enemy formation.
			If you can somehow complete nine crucial missions which combine the explosive action of combat with the
			quiet stealth of night flight, you'll be a hero. If you fail, no one will even remember your name.</story>
	</game>
	<game name="Bubble Trouble (USA, Europe)">
		<description>Bubble Trouble (USA, Europe)</description>
		<year>1993</year>
		<manufacturer>Lore Games</manufacturer>
		<publisher>Telegames</publisher>
		<score>1.5</score>
		<genre>Action</genre>
		<players>1</players>
		<story>You are Travis, a scientist doing experiments with dense matter for the creation of artificial black
			holes for interstellar travel. While testing a piece of equipment, you are transported into a bubble world.
			Fortunately, a friendly denizen decides to help you. You must locate the correct type of radioactive
			particles to move from world to world and finally home, before the hostile denizens of these worlds burst
			your bubble.

			You move your bubble by pushing in the desired direction. Be advised that you do not stop easily and can
			bounce out of control if you are not careful. Pushing the A button fires a bubble shot that will ricochet
			around. You can use this action to bounce shots at enemies that are around a corner. Pressing B drops a
			bubble bomb straight down. Pressing Option 1 switches options on the screen, including the suicidal
			"Burst!!!", that are then activated by pressing Option 2. The one you will use most is "Use scanner". This
			will bring up the scanner that looks like a radar screen and will show you the approximate location of your
			needed particles. Once you locate and gather all the particles needed in the level, you move on to the next
			level. After you finish five levels, you win the game.</story>
	</game>
	<game name="California Games (USA, Europe)">
		<description>California Games (USA, Europe)</description>
		<year>1989</year>
		<manufacturer>Epyx</manufacturer>
		<publisher>Atari</publisher>
		<score>3.3</score>
		<genre>Sports</genre>
		<players>4</players>
		<story>Hey Dude, get ready for the ultimate in rad video! Sega's California Games takes you to the sunny beaches
			and deserts of the California coast for some gnarly sports competition. Kick it down on a skateboard. Ride
			the waves to surfing heaven. Cruise the concrete on skates or the rough track on a BMX. Test your toes with
			a footbag or your long concentration with a flying disk. In a word: awesome. But there's more. You can play
			with up to 8 of your friends. Practice events. Compete in one, some or all to become the total California
			Champion! And you can play for some of the hottest teams around around representing the heaviest names on
			the circuit. So what are you waiting for? Grab your board and get ready to achieve a new state of Atari
			cool.</story>
	</game>
	<game name="Checkered Flag (USA, Europe)">
		<description>Checkered Flag (USA, Europe)</description>
		<year>1991</year>
		<manufacturer>Atari</manufacturer>
		<publisher>Atari</publisher>
		<score>3.6</score>
		<genre>Racing;Sports</genre>
		<players>6</players>
		<story>Checkered Flag puts you in the driver's seat of a Formula 1 race car! Choose from 18 high-speed tracks,
			three different transmissions, and single-heat or tournament racing. For really tough wheeling, challenge up
			to five of your friends and get into big-time competition!</story>
	</game>
	<game name="Chip's Challenge (USA, Europe)">
		<description>Chip's Challenge (USA, Europe)</description>
		<year>1989</year>
		<manufacturer>Epyx</manufacturer>
		<publisher>Atari</publisher>
		<score>4.2</score>
		<genre>Puzzle</genre>
		<players>1</players>
		<story>Before Chip can join the Bit Busters computer club and hang out with the girl of his dreams, Melinda the
			Mental Marvel, he must solve all 144 challenging puzzles.

			Your bird's-eye view can help Chip rush through the puzzles and mazes before he's deleted by monsters,
			traps, and the passage of time. Show Chip how to use blocks of soil to overcome water traps and cherry
			bombs, find keys, and pick up the computer chips which Chip needs to solve some puzzles.

			Can you help Chip win the cold heart of his one true love and become an official Bit Buster? If you can't,
			no one can!</story>
	</game>
	<game name="Crystal Mines II (USA, Europe)">
		<description>Crystal Mines II (USA, Europe)</description>
		<year>1992</year>
		<manufacturer>Color Dreams</manufacturer>
		<publisher>Atari</publisher>
		<score>3.2</score>
		<genre>Puzzle</genre>
		<players>1</players>
		<story>Great treasure still lies deep in the abandoned Crystal Mines. But over the years, underground demons
			have made them deadly. Guide your robot through the mines, destroying demons and gathering great wealth. Or
			fail, and become history.</story>
	</game>
	<game name="Desert Strike - Return to the Gulf (USA, Europe)">
		<description>Desert Strike - Return to the Gulf (USA, Europe)</description>
		<year>1993</year>
		<manufacturer>Teque London</manufacturer>
		<publisher>Telegames</publisher>
		<score>3.0</score>
		<genre>Shooter</genre>
		<players>1</players>
		<story>You must annihilate a ruthless tyrant's military arsenal. Tear into his air force and smoke his private
			yacht as you battle over land, air and sea in over 20 fiery missions using all the force you can to
			establish superiority. The President has chosen you to fly a series of dangerous preemptive campaigns in the
			desert to vanguish this tyrant.</story>
	</game>
	<game name="Dinolympics (USA, Europe)">
		<description>Dinolympics (USA, Europe)</description>
		<year>1992</year>
		<manufacturer>Imagitec Design</manufacturer>
		<publisher>Atari</publisher>
		<score>2.2</score>
		<genre>Puzzle</genre>
		<players>1</players>
		<story>Come back to the dawn of history in this combination of puzzling problems, awesome adventures, and
			mind-bending mazes. The survival of your race is at stake!</story>
	</game>
	<game name="Dirty Larry - Renegade Cop (USA, Europe)">
		<description>Dirty Larry - Renegade Cop (USA, Europe)</description>
		<year>1992</year>
		<manufacturer>Knight Technologies</manufacturer>
		<publisher>Atari</publisher>
		<score>2.5</score>
		<genre>Action</genre>
		<players>1</players>
		<story>He's the baddest of the good guys. He's Dirty Larry - Renegade Cop. Mr. Big's Gang is determined to end
			his career for good--if his own Captain doesn't do it first! So take to the streets in a hurry. It's time
			for a little house cleaning!</story>
	</game>
	<game name="Double Dragon (USA, Europe)">
		<description>Double Dragon (USA, Europe)</description>
		<year>1993</year>
		<manufacturer>Knight Technologies</manufacturer>
		<publisher>Atari</publisher>
		<score>2</score>
		<genre>Beat 'em Up</genre>
		<players>2</players>
		<story>Twin brothers use expert knowledge of martial arts, various weapons and street smarts to rescue their
			friend Marian from the Black Warriors, the savage street gang of the mysterious Shadow Boss! Non stop action
			in one of the world's classic games now in your hands.</story>
	</game>
	<game name="Dracula the Undead (USA, Europe)">
		<description>Dracula the Undead (USA, Europe)</description>
		<year>1992</year>
		<manufacturer>Hand Made Software</manufacturer>
		<publisher>Atari</publisher>
		<score>3.4</score>
		<genre>Adventure</genre>
		<players>1</players>
		<story>You must escape Dracula's sinister castle, find the dark one and drive a stake through his heart. To
			escape, you must explore the castle and learn its secrets. If you fail, you will join Dracula's brides for
			dinner, and guess who's the main course!</story>
	</game>
	<game name="Electrocop (USA, Europe)">
		<description>Electrocop (USA, Europe)</description>
		<year>1989</year>
		<manufacturer>Epyx</manufacturer>
		<publisher>Atari</publisher>
		<score>2.3</score>
		<genre>Action;Shooter</genre>
		<players>1</players>
		<story>The Criminal Brain has kidnapped the President's daughter and threatens to kill her if he does not get
			control of the world. Only you, Electrocop, can invade the Steel Complex where evil robots and dangerous
			traps protect the Criminal Brain.
			The odds are against you. Your only hope is to find the weapons and computer terminals hidden in the mazes
			of the Criminal Brain's fortress.
			Can you save the President's daughter and serve justice to the world's most wicked criminal? It's your sworn
			duty as an officer of the law.</story>
	</game>
	<game name="European Soccer Challenge (USA, Europe)">
		<description>European Soccer Challenge (USA, Europe)</description>
		<year>1993</year>
		<manufacturer>Krisalis Software</manufacturer>
		<publisher>Telegames</publisher>
		<score>1</score>
		<genre>Sports</genre>
		<players>2</players>
		<story>European Soccer Challenge gives you all the excitement and tension of the European Challenge Cup in this
			action packed version of the world's most popular game featuring over 170 teams from 32 countries. Has your
			team got what it takes?</story>
	</game>
	<game name="Fat Bobby (USA, Europe)">
		<description>Fat Bobby (USA, Europe)</description>
		<year>1997</year>
		<manufacturer>Lore Games</manufacturer>
		<publisher>Telegames</publisher>
		<score>1.7</score>
		<genre>Platform</genre>
		<players>1</players>
		<story>In this 2D scrolling platformer, Dr. Mephisto has taken members of Fat Bobby's band captive. With Fat
			Bobby being their lead guitarist, its up to him to get the get the band back together.

			Fat Bobby attacks enemies with his electric guitar. In each level, Bobby can collect musical notes, egg
			timers, and shields. The musical notes increase the player's score, while egg timers add extra time to the
			constantly running down time limit, and shields give Bobby temporary invincibility.</story>
	</game>
	<game name="Fidelity Ultimate Chess Challenge, The (USA, Europe)">
		<description>Fidelity Ultimate Chess Challenge, The (USA, Europe)</description>
		<year>1991</year>
		<manufacturer>Telegames</manufacturer>
		<publisher>Telegames</publisher>
		<score>2</score>
		<genre>Strategy</genre>
		<players>2</players>
		<story>On your own against the Fidelity Ultimate Chess Challenge - the world's most powerful hand-held chess
			game - or against a friend, the stunning 3D graphics and advanced technology of this latest game from
			Telegames has to be played to be believed.

			The Fidelity Ultimate Chess Challenge uses the most powerful chess playing technology from the laboratories
			of Fidelity - the premier manufacturers of dedicated chess computers are developers of the world's only USCF
			certified Master rated (2325) chess program.

			Switch from 3D to overhead view for the final attack - or use one of the many options available to review
			the game to date.

			Full on-screen statistics giving score, times, moves etc. and many other features on this the world's
			fastest color hand-held chess game.</story>
	</game>
	<game name="Gates of Zendocon (USA, Europe)">
		<description>Gates of Zendocon (USA, Europe)</description>
		<year>1989</year>
		<manufacturer>Epyx, Inc.</manufacturer>
		<publisher>Atari Corporation</publisher>
		<score>3.3</score>
		<genre>Shooter</genre>
		<players>1</players>
		<story>The evil spider Zendocon has trapped you in its web of universes. Your mission is to defeat Zendocon's
			droids and brave the 51 universes to fight Zendocon itself to the death!

			Gates of Zendocon is a side-scrolling shooter very similar to the original arcade shooter of this type,
			Scramble. Unlike Scramble, however, there are 51 game areas in total, but the player fights through a subset
			of them through branches, choosing the next area to visit.

			Some aliens will join you when shot (power-ups). Alien bases in each area allow you to repair your weapons
			and shield, but landing at the wrong time will cause your ship to explode and lose all power-ups.</story>
	</game>
	<game name="Gauntlet - The Third Encounter (USA, Europe)">
		<description>Gauntlet - The Third Encounter (USA, Europe)</description>
		<year>1990</year>
		<manufacturer>Epyx</manufacturer>
		<publisher>Atari</publisher>
		<score>2.9</score>
		<genre>Action</genre>
		<players>4</players>
		<story>Generations ago an enchanted Star Gem crashed to Earth at the base of an ancient castle. Loathsome
			creatures crept from the castle and carried the Gem into the depths of the fortress.
			All attempts to retrieve the Star Gem failed. The adventurers were destroyed.
			The creatures in the castle gain magical strength from the Star Gem. Unless the Gem is taken from them, the
			evil ones will soon have the strength to venture forth and destroy mankind! You and your friends must take
			up the quest to rescure the Star Gem...and your world!</story>
	</game>
	<game name="Gordo 106 (USA, Europe)">
		<description>Gordo 106 (USA, Europe)</description>
		<year>1993</year>
		<manufacturer>Tenth Planet</manufacturer>
		<publisher>Atari</publisher>
		<score>1.6</score>
		<genre>Platform</genre>
		<players>1</players>
		<story>Gordo, the laboratory monkey, is free of cage 106, but his adventure of escape and revenge is just
			beginning. Even with super-monkey intelligence, he needs your help to explore the lab's six levels, freeing
			his captive friends and destroying evil scientists in his fight for freedom.</story>
	</game>
	<game name="Hard Drivin' (USA, Europe)">
		<description>Hard Drivin' (USA, Europe)</description>
		<year>1991</year>
		<manufacturer>NuFX</manufacturer>
		<publisher>Atari</publisher>
		<score>1.8</score>
		<genre>Racing</genre>
		<players>1</players>
		<story>Make sure you're strapped in tight--because Hard Drivin' means just that! Can you beat the clock on the
			hottest track going? Can you handle jumps, loops, and other stunts and still survive? Can you keep your
			speed at max without crashing? Yeah? Ok--but--can you take the title away from the Phantom Photon, the Hard
			Drivin' world's champion?</story>
	</game>
	<game name="Hockey (USA, Europe)">
		<description>Hockey (USA, Europe)</description>
		<year>1992</year>
		<manufacturer>Alpine Studios</manufacturer>
		<publisher>Atari</publisher>
		<score>1.7</score>
		<genre>Sports</genre>
		<players>2</players>
		<story>This game, as the name suggests, is a hockey simulation which is very similar to Mario Lemieux Hockey.
			There are 22 teams to choose from which are based on the NHL 91 line up though they can be changed if the
			player wishes. You control 1 player at a time and the CPU controls the rest of your team though you can
			switch to a different player at any time if the need arises. There is also a fight penalty system where you
			have to continually punch the an opponent in order to proceed. The game is viewed from an isometric
			perspective as if you were sat in one of the crowd seats.</story>
	</game>
	<game name="Hydra (USA, Europe)">
		<description>Hydra (USA, Europe)</description>
		<year>1992</year>
		<manufacturer>NuFX</manufacturer>
		<publisher>Atari</publisher>
		<score>2.2</score>
		<genre>Racing;Shooter</genre>
		<players>1</players>
		<story>Someone has to be a hero, and it might as well be you. In your super-advanced speedboat, you must deliver
			top-secret military equipment to various parts of the world. Fame and riches await you -- but so do pitfalls
			and danger!</story>
	</game>
	<game name="Ishido - The Way of Stones (USA, Europe)">
		<description>Ishido - The Way of Stones (USA, Europe)</description>
		<year>1991</year>
		<manufacturer>Atari</manufacturer>
		<publisher>Atari</publisher>
		<score>2.9</score>
		<genre>Strategy</genre>
		<players>2</players>
		<story>Introducing Ishido, the ancient and intricate Game of the Stones. You must place stones on the game
			board, matching colors and patterns according to centuries-old rules. It requires great skill and
			concentration--but if you can unlock the secret of the Oracle, its wisdom will help you!</story>
	</game>
	<game name="Jimmy Connors' Tennis (USA, Europe)">
		<description>Jimmy Connors' Tennis (USA, Europe)</description>
		<year>1993</year>
		<manufacturer>Hand Made Software</manufacturer>
		<publisher>Atari</publisher>
		<score>1.5</score>
		<genre>Sports</genre>
		<players>4</players>
		<story>Welcome to the Jimmy Connors Invitational. Prepare to hold court with the ripest top-speeds in
			championship singles and doubles tournament play. Survive... and Jimmy will be waiting to give you the
			tennis lesson of your life!</story>
	</game>
	<game name="Joust (USA, Europe)">
		<description>Joust (USA, Europe)</description>
		<year>1992</year>
		<manufacturer>Shadowsoft</manufacturer>
		<publisher>Shadowsoft</publisher>
		<score>3.5</score>
		<genre>Action</genre>
		<players>2</players>
		<story>You don a suit of armor, choose your weapon-a worn but sturdy lance. You climb onto a cyborg ostrich,
			grab the reins of your faithful mount and fly off to wage battle against the enemy.

			In the distance you see an enemy vulture appear on a creator pad. You ready your lance and prepare to do
			battle. As you draw close to the enemy Bounder, you rise above him and prepare to defeat him with a quick
			swooping attack. You sweep down from the sky and dismount the enemy rider with a powerful blow. You have
			defeated the enemy...this time.</story>
	</game>
	<game name="Klax (USA, Europe)">
		<description>Klax (USA, Europe)</description>
		<year>1990</year>
		<manufacturer>Atari Games Corporation</manufacturer>
		<publisher>Atari Corporation</publisher>
		<score>3.1</score>
		<genre>Puzzle</genre>
		<players>1</players>
		<story>An action/puzzle game, the object is to catch assorted color falling tiles and create rows, columns, or
			diagonals of a single color. Each level requires a different pattern to be made, and the tiles fall faster,
			more at a time, and in an increasing number of colors as the game progresses.</story>
	</game>
	<game name="Krazy Ace - Miniature Golf (USA, Europe)">
		<description>Krazy Ace - Miniature Golf (USA, Europe)</description>
		<year>1993</year>
		<manufacturer>Telegames</manufacturer>
		<publisher>Telegames</publisher>
		<score>1.9</score>
		<genre>Sports</genre>
		<players>4</players>
		<story>Krazy Ace Miniature Golf is a miniature golf game for one to four players. You must hit the golf ball
			into the hole in the fewest shots while avoiding obstacles and traps. Try to get a better score than your
			opponent(s) or at least get within the number of shots per hole (par).</story>
	</game>
	<game name="Kung Food (USA, Europe)">
		<description>Kung Food (USA, Europe)</description>
		<year>1992</year>
		<manufacturer>Lore Games</manufacturer>
		<publisher>Atari</publisher>
		<score>2.4</score>
		<genre>Beat 'em Up</genre>
		<players>1</players>
		<story>The ultimate food fight! Mutant munchies from your freezer invade your kitchen, your life, and your
			world. Speed and your martial arts skills are required to overcome the vicious veggies!</story>
	</game>
	<game name="Lemmings (USA, Europe)">
		<description>Lemmings (USA, Europe)</description>
		<year>1993</year>
		<manufacturer>DMA Design</manufacturer>
		<publisher>Atari</publisher>
		<score>4.2</score>
		<genre>Puzzle</genre>
		<players>1</players>
		<story>They climb, they dig, they explore...but they can't fly! As the only member of the Save The Lemmings
			Foundation, it's your job to guide these munchkins to safety before they realize they have no landing gear.
		</story>
	</game>
	<game name="Lexis (USA)">
		<description>Lexis (USA)</description>
		<year>1999</year>
		<manufacturer>Shadowsoft</manufacturer>
		<publisher>Songbird Productions</publisher>
		<score>2.4</score>
		<genre>Puzzle</genre>
		<players>2</players>
		<story>This is much like the game Tetris but instead of falling blocks, you have to make words out of falling
			letters. Some words will give you cheats or unlock a bonus game. Keep going until the letters reach the top
			of the screen, at which point the game is over. Words can be formed horizontally, vertically, forwards or
			backwards.</story>
	</game>
	<game name="Lynx Casino (USA, Europe)">
		<description>Lynx Casino (USA, Europe)</description>
		<year>1992</year>
		<manufacturer>Brian A. Rice</manufacturer>
		<publisher>Atari</publisher>
		<score>0.8</score>
		<genre>Casino</genre>
		<players>2</players>
		<story>Ever wish you could take a thousand dollars and head for Vegas, Monaco, or a Caribbean cruise? Here's the
			next best thing! Five exciting games in one give you the real feel of a high-roller's favorite casino!
		</story>
	</game>
	<game name="Lynx II Production Test Program (USA)">
		<description>Lynx II Production Test Program (USA)</description>
		<year>NA</year>
		<manufacturer>NA</manufacturer>
		<publisher>NA</publisher>
		<score>0</score>
		<genre>NA</genre>
		<players>NA</players>
		<story>NA</story>
	</game>
	<game name="Malibu Bikini Volleyball (USA, Europe)">
		<description>Malibu Bikini Volleyball (USA, Europe)</description>
		<year>1993</year>
		<manufacturer>Hand Made Software</manufacturer>
		<publisher>Atari</publisher>
		<score>2.8</score>
		<genre>Sports</genre>
		<players>4</players>
		<story>Welcome to Malibu: Volleyball capital of the world. This is where the best come to play--and show off
			their tans. If you want in, sign up. But keep your eyes on the ball...there'll be plenty of time for
			bikini-watching after the match!</story>
	</game>
	<game name="Ms. Pac-Man (USA, Europe)">
		<description>Ms. Pac-Man (USA, Europe)</description>
		<year>1990</year>
		<manufacturer>Atari</manufacturer>
		<publisher>Atari</publisher>
		<score>3.7</score>
		<genre>Action</genre>
		<players>1</players>
		<story>With classic style and tradition, Ms. Pac-Man munches her way through maze after maze. She will consume
			all the dots in a level before she can progress to the next level. That can be pretty tough though, because
			at the same time she must dodge those devious gobbling ghosts!</story>
	</game>
	<game name="NFL Football (USA, Europe)">
		<description>NFL Football (USA, Europe)</description>
		<year>1992</year>
		<manufacturer>BlueSky Software</manufacturer>
		<publisher>Atari</publisher>
		<score>1.5</score>
		<genre>Sports</genre>
		<players>2</players>
		<story>The championship is on the line! Do you run or pass? Go for the first down or hope for a score? Time's
			running out on you, quarterback--and the defense could have something up its sleeve...</story>
	</game>
	<game name="Ninja Gaiden (USA, Europe)">
		<description>Ninja Gaiden (USA, Europe)</description>
		<year>1991</year>
		<manufacturer>BlueSky Software</manufacturer>
		<publisher>Atari</publisher>
		<score>2.3</score>
		<genre>Beat 'em Up</genre>
		<players>1</players>
		<story>Now the adventure and thrill of this fast-paced, action-packed coin-op hit is placed in your hands! Kick,
			punch, and master the special Ninjutsu techniques as you battle your way through four of the nastiest
			neighborhoods known to man.</story>
	</game>
	<game name="Ninja Gaiden III - The Ancient Ship of Doom (USA, Europe)">
		<description>Ninja Gaiden III - The Ancient Ship of Doom (USA, Europe)</description>
		<year>1993</year>
		<manufacturer>Tecmo</manufacturer>
		<publisher>Atari</publisher>
		<score>2.3</score>
		<genre>Action;Platform</genre>
		<players>1</players>
		<story>Immerse yourself in action-acked Ninja adventure as you help Ryu through his greatest challenge. Battle
			the hideous ancient forces of darkness to save mankind, with the epic adventure unfolding as you complete
			each level.</story>
	</game>
	<game name="Pac-Land (USA, Europe)">
		<description>Pac-Land (USA, Europe)</description>
		<year>1991</year>
		<manufacturer>Namco</manufacturer>
		<publisher>Atari</publisher>
		<score>2.8</score>
		<genre>Platform</genre>
		<players>2</players>
		<story>Pac-Man, the world's most famous game character is back! Help Pac-Man guide the Fairy back to her home in
			Fairy Land, but watch out - those mischievous ghosts are out to stop you once again! Use the Magic Shoes to
			help get Pac-Man back to his own home in 16 different rounds with multiple trips in each round, eating Power
			Pellets and bonus Fruit along the way. Fast, frantic, addictive Pac-Man action from beginning to end!
		</story>
	</game>
	<game name="Paperboy (USA, Europe)">
		<description>Paperboy (USA, Europe)</description>
		<year>1990</year>
		<manufacturer>Atari</manufacturer>
		<publisher>Atari</publisher>
		<score>1.8</score>
		<genre>Action</genre>
		<players>1</players>
		<story>Jump aboard your heavy duty bike for a ride through the burbs. Avoid hazards like motorcycles, brawling
			dudes, mad dogs and crazed grannies.

			Bust the windows of those non-customers, deliver to your subscribers and earn big points by mastering the
			radical training course. Keep it up for a week and you'll get to keep your job!</story>
	</game>
	<game name="Pinball Jam (USA, Europe)">
		<description>Pinball Jam (USA, Europe)</description>
		<year>1992</year>
		<manufacturer>Atari</manufacturer>
		<publisher>Atari</publisher>
		<score>2.8</score>
		<genre>Action</genre>
		<players>1</players>
		<story>Pinball Jam is a Lynx conversion of two pinball tables: "Elvira and the Party Monsters" (Midway, 1989),
			and "Police Force" (Williams, 1989). Both feature authentic table layouts, targets, and bonuses; the
			conversion of Elvira and the Party Monsters also features digitized sound effects, including the voice of
			Cassandra Peterson (Elvira).

			Each table scrolls up and down during gameplay (as opposed to just "snapping" to a new area as the ball
			reaches it).</story>
	</game>
	<game name="Pit-Fighter (USA, Europe)">
		<description>Pit-Fighter (USA, Europe)</description>
		<year>1992</year>
		<manufacturer>Atari</manufacturer>
		<publisher>Atari</publisher>
		<score>2.0</score>
		<genre>Fighting</genre>
		<players>2</players>
		<story>Your karate abilities, boxing skills, and wrestling techniques will be put to the test as you battle the
			roughest fighters ever to enter the pit. You and your tag team must defeat a series of opponents on the road
			to the championship. There's no such thing as fighting dirty when there are no rules, so do whatever you
			have to do to win. If you see a barrel near the pit, pick it up and throw it at your opponent. When your
			opponent is down, nail him. Everything counts. To win, you must give your opponent a worse beating than he
			gives you. Make no bones about it, your opponent will hurt you. But you must hurt your opponent even more.
		</story>
	</game>
	<game name="Power Factor (USA, Europe)">
		<description>Power Factor (USA, Europe)</description>
		<year>1992</year>
		<manufacturer>Hand Made Software</manufacturer>
		<publisher>Atari</publisher>
		<score>1.5</score>
		<genre>Action;Platform</genre>
		<players>1</players>
		<story>Transdimensional intruders from the Ceeg dimension have invaded our space. Only Redd Ace, with his
			TRANSMAT Multi-Ordinance Weapon, can enter our dimension's reactor and find the six bomb components needed
			to destroy the Ceegarians.</story>
	</game>
	<game name="QIX (USA, Europe)">
		<description>QIX (USA, Europe)</description>
		<year>1991</year>
		<manufacturer>Knight Technologies</manufacturer>
		<publisher>Telegames</publisher>
		<score>2.9</score>
		<genre>Action;Puzzle</genre>
		<players>2</players>
		<story>The objective of Qix is to fence off, or “claim”, a supermajority of the playfield. At the start of each
			level, the playing field is a large, empty rectangle, containing the Qix — a sticklike entity that performs
			graceful but unpredictable motions within the confines of the rectangle.

			The player controls a Stix that can move around the edges of the rectangle. Holding down one of the draw
			buttons allows the marker to move into unclaimed territory in an attempt to create a closed shape. If
			completed, the captured area (defined as the side opposite of where the Qix is) becomes filled in with a
			solid color and points are awarded. To complete a level, the player must claim 75% of the playfield
			(adjustable by the arcade operator to be between 50% and 90%).

			The player's marker can move at two different speeds; areas drawn exclusively at the slower speed
			(orange-red on the screenshot shown) are worth double points. It cannot cross or backtrack along a line in
			progress.

			A life is lost if the Qix touches a line as it is being drawn or if the marker is touched by any of the
			Sparx – enemies that traverse all playfield edges except uncompleted lines. In addition, if the marker stops
			while drawing a line, a fuse will appear and burn along the uncompleted line toward the marker; if it
			reaches the marker, the player loses one life. The fuse disappears once the player moves the marker again.
			The player has no defenses against the enemies and must out-maneuver them in order to survive.

			A meter at the top of the screen counts down to the release of additional Sparx, and the mutation of all
			Sparx into Super Sparx which can chase the player up an uncompleted line.

			After the player completes two levels, the difficulty increases by the inclusion of multiple Qixes,
			additional Sparx, speed increases, and the eventual appearance of only Super Sparx. In levels with multiple
			Qixes, the player can also complete the level by splitting the playfield into two regions, each containing
			at least one Qix.</story>
	</game>
	<game name="Rampage (USA, Europe)">
		<description>Rampage (USA, Europe)</description>
		<year>1990</year>
		<manufacturer>Atari</manufacturer>
		<publisher>Atari</publisher>
		<score>2.5</score>
		<genre>Action</genre>
		<players>4</players>
		<story>Up to three simultaneous players control the monsters George (a King Kong-like gorilla), Lizzie (a
			Godzilla-like dinosaur/lizard), or Ralph (a giant werewolf), created from mutated humans. When they were
			humans, George was a normal middle aged man, Lizzie was a young woman, and Ralph was an elderly man. They
			were experimented on at Scumlabs. As monsters, they need to raze all buildings in a high-rise city to
			advance to the next level, eating people and destroying helicopters, tanks, taxis, police cars, boats, and
			trolleys along the way.

			The Atari Lynx version adds a special fourth character named Larry, a giant rat.</story>
	</game>
	<game name="Rampart (USA, Europe)">
		<description>Rampart (USA, Europe)</description>
		<year>1992</year>
		<manufacturer>Atari Games</manufacturer>
		<publisher>Tengen</publisher>
		<score>2.5</score>
		<genre>Strategy</genre>
		<players>4</players>
		<story>Your castle and your lands are under siege! Enemy hoards attack by land while seaborne invaders bombard
			your castle walls with cannon fire. Somehow, you must defend your realm. But it won't be over until you
			conquer your enemies and regain all the land for yourself.</story>
	</game>
	<game name="RoadBlasters (USA, Europe)">
		<description>RoadBlasters (USA, Europe)</description>
		<year>1990</year>
		<manufacturer>Atari</manufacturer>
		<publisher>Atari</publisher>
		<score>3.8</score>
		<genre>Racing;Shooter</genre>
		<players>1</players>
		<story>In the distant future the ultimate race will occur. Half race and half battle.

			Grab the controls and accelerate to reach the rally points. Dodge mines and toxic spills, blast Rat Jeeps
			and Darting Cycles. Acquire weapons like Cruise Missiles and U.Z. Cannons. Explore 50 levels of mind blowing
			authentic arcade action!</story>
	</game>
	<game name="Robo-Squash (USA, Europe)">
		<description>Robo-Squash (USA, Europe)</description>
		<year>1990</year>
		<manufacturer>Atari</manufacturer>
		<publisher>Atari</publisher>
		<score>1.7</score>
		<genre>Action</genre>
		<players>2</players>
		<story>Experience the Ultimate Zero-G Futuresport.

			Take the challenge of multi-dimensional competition. Control and aim your raquet to deflect the ball as it
			comes at you. Hit exploding bricks and special items for power-ups. Miss the ball and you'll be splattered!

			You and a friend can "Lynx up" for an awesome two player challenge.</story>
	</game>
	<game name="Robotron 2084 (USA, Europe)">
		<description>Robotron 2084 (USA, Europe)</description>
		<year>1991</year>
		<manufacturer>Shadowsoft</manufacturer>
		<publisher>Shadowsoft</publisher>
		<score>3.2</score>
		<genre>Shooter</genre>
		<players>1</players>
		<story>The year is 2084. Technology and advancement are at a dangerous where man perfects the ultimate species.
			A species so advanced that man falls victim to his own creation - the ROBOTRON. Guided by their infallible
			logic, the Robotrons conclude: The human race is inefficient, and must, therefore, be eliminated.

			Due to a genetic engineering error, you possess superhuman powers. Your mission: To stop the Robotrons and
			save the last of the human race. You are the only hope for the mankind!</story>
	</game>
	<game name="Rygar (USA, Europe)">
		<description>Rygar (USA, Europe)</description>
		<year>1990</year>
		<manufacturer>Haehn Software Productions</manufacturer>
		<publisher>Atari</publisher>
		<score>2.7</score>
		<genre>Action;Platform</genre>
		<players>1</players>
		<story>The odds are against you, but you are the chosen one, Rygar. So pick up your shield, whisper the
			protection spell, and scream your warcry as you fight your way through 23 levels of lush landscapes and
			blood curdling creatures.</story>
	</game>
	<game name="S.T.U.N. Runner (USA, Europe)">
		<description>S.T.U.N. Runner (USA, Europe)</description>
		<year>1991</year>
		<manufacturer>Atari Games</manufacturer>
		<publisher>Atari</publisher>
		<score>3.3</score>
		<genre>Racing</genre>
		<players>1</players>
		<story>Pit your skills against earth invaders in the 25th century! You'll need all your driving skills in the
			narrow, twisting underground tunnels of the subterranean network. Destroy your enemies and advance your
			speed to incredible levels. Beat the clock and become the best there is - S.T.U.N. Runner!</story>
	</game>
	<game name="Scrapyard Dog (USA, Europe)">
		<description>Scrapyard Dog (USA, Europe)</description>
		<year>1991</year>
		<manufacturer>Creative Software Designs</manufacturer>
		<publisher>Atari</publisher>
		<score>3.1</score>
		<genre>Platform</genre>
		<players>1</players>
		<story>Our friend Louis loved his dog. But why would some thugs kidnap this poor puppy? The thugs want the deed
			to the scrapyard, that's why. Will Louie stand for this? It's up to you and Louie to survive over 15 levels
			of danger and find the ultimate bad guy, Mr. Big.</story>
	</game>
	<game name="Shadow of the Beast (USA, Europe)">
		<description>Shadow of the Beast (USA, Europe)</description>
		<year>1992</year>
		<manufacturer>Digital Developments</manufacturer>
		<publisher>Atari</publisher>
		<score>3</score>
		<genre>Action;Platform</genre>
		<players>1</players>
		<story>Shadow of the Beast is a side-scrolling platform video game produced by Reflections and published by
			Psygnosis in 1989. The original version was released for the Commodore Amiga, and was later ported to many
			other systems. Shadow of the Beast is considered revolutionary at the time, because of its graphics, with
			many more colours on screen and up to twelve levels of parallax scrolling backdrops, were of a level rarely
			if ever seen before in action games. It was also notable for its atmospheric score composed by David
			Whittaker that used high-quality instrument samples.

			Shadow of the Beast was followed by two sequels, Shadow of the Beast II in 1990 and Shadow of the Beast III
			in 1992 . A remake is in development for the PlayStation 4.

			A man named Aarbron is kidnapped as a child and corrupted through magic into a monstrous warrior-servant for
			the evil beast lord Maletoth. The creature's memory of his human life returns when he watches a man being
			executed, whom he later recognizes as his father. This prompts Aarbron to seek revenge on Maletoth.</story>
	</game>
	<game name="Shanghai (USA, Europe)">
		<description>Shanghai (USA, Europe)</description>
		<year>1990</year>
		<manufacturer>Activision</manufacturer>
		<publisher>Atari</publisher>
		<score>3.7</score>
		<genre>Puzzle</genre>
		<players>2</players>
		<story>Obsession awaits. The game of ivory tiles, played by seafarers, scoundrels, and emperors of the far east
			for centuries, is brought to you in modern form for the Lynx - as Shanghai.

			Ancient tiles are stacked randomly in mystical shapes awaiting your challenge. 144 tiles beckon your skill
			and strategy in matching pairs, eliminating them from the board, while revealing new tiles underneath.

			Accept the challenge alone or with a friend in a cooperative or competitive two-player game against the
			Dragon, the Hawk, the Bear - any of seven different puzzle boards.

			For 3000 years the dragon of tiles has challenged the Orient. Now it challenges you!</story>
	</game>
	<game name="Steel Talons (USA, Europe)">
		<description>Steel Talons (USA, Europe)</description>
		<year>1992</year>
		<manufacturer>NuFX</manufacturer>
		<publisher>Atari</publisher>
		<score>2.1</score>
		<genre>Flight Simulator</genre>
		<players>1</players>
		<story>Steel Talons brought realism-oriented helicopter combat to the arcades, and later to home systems. The
			action is viewed from behind your helicopter, with the 3D polygon world rotating around you, taking in
			mountains, rivers and deserts.

			There are 12 missions in total, each of which requires you to destroy targets in a set time limit. There are
			also training and head-to-head (against a CPU-controlled drone) modes.

			You have a limited number of automatically-targeting missiles as well as a cannon. A tracking map tells you
			where you are on the level, and where the enemies are. Contact with the ground, mountains or other vehicles
			will damage or destroy your helicopter.</story>
	</game>
	<game name="Super Asteroids, Missile Command (USA, Europe)">
		<description>Super Asteroids, Missile Command (USA, Europe)</description>
		<year>1995</year>
		<manufacturer>Atari</manufacturer>
		<publisher>Atari</publisher>
		<score>3.9</score>
		<genre>Shooter</genre>
		<players>1</players>
		<story>So you think you're an ace, huh? Here's your chance to prove yourself. Fight your way out of an asteroid
			belt filled with hostile aliens in Super Asteroids. Too easy? Take a shot at saving the earth in Super
			Missile Command. These enhanced versions of your favorite coin-ops have never looked so good.</story>
	</game>
	<game name="Super Off-Road (USA, Europe)">
		<description>Super Off-Road (USA, Europe)</description>
		<year>1993</year>
		<manufacturer>Telegames</manufacturer>
		<publisher>Telegames</publisher>
		<score>1.6</score>
		<genre>Racing</genre>
		<players>4</players>
		<story>Ivan "Ironman" Stewart's Super Off Road is an arcade video game released in 1989 by Leland
			Corporation.[1] The game was endorsed by professional off road racer Ivan Stewart. Virgin Games produced
			several home versions in 1990. In 1991, an NES version was later released by Leland's Tradewest subsidiary
			followed by versions for most major home formats, including NES, Sega Genesis, SNES, Amiga and MS-DOS. Some
			of the ports removed Ivan Stewart's name from the title due to licensing issues and are known simply as
			Super Off Road.</story>
	</game>
	<game name="Super Skweek (USA, Europe)">
		<description>Super Skweek (USA, Europe)</description>
		<year>1991</year>
		<manufacturer>Loriciel</manufacturer>
		<publisher>Atari</publisher>
		<score>2.6</score>
		<genre>Puzzle</genre>
		<players>2</players>
		<story>How do you keep a monster away? Paint his place pink! You will have to help Skweek to paint all 50
			levels, rescue the kidnapped Skweezettes, and avoid being killed by the monsters all at once. And it's not
			as easy as it sounds!</story>
	</game>
	<game name="Switchblade II (USA, Europe)">
		<description>Switchblade II (USA, Europe)</description>
		<year>1992</year>
		<manufacturer>Gremlin Graphics</manufacturer>
		<publisher>Atari</publisher>
		<score>3.5</score>
		<genre>Action;Platform</genre>
		<players>1</players>
		<story>After 200 years, the evil Ninja Lord Havok has returned! Only Hiro has the power to free the empire. But
			Havok is stronger than before and Hiro has not had to fight for two centuries. Is he up to the task? Are
			you?</story>
	</game>
	<game name="Todd's Adventures in Slime World (USA, Europe)">
		<description>Todd's Adventures in Slime World (USA, Europe)</description>
		<year>1990</year>
		<manufacturer>Epyx</manufacturer>
		<publisher>Atari</publisher>
		<score>2.6</score>
		<genre>Action;Platform</genre>
		<players>8</players>
		<story>You are Todd, the explorer of new worlds. It's your adventure to travel deep into Slime World, the
			gooiest, drippiest place around. There are scary blobs to shoot and lots of objects and weapons to find.
			"Link up" with up to seven of your fellow slimers for an awesome multiplayer adventure.</story>
	</game>
	<game name="Toki (USA, Europe)">
		<description>Toki (USA, Europe)</description>
		<year>1992</year>
		<manufacturer>Tad</manufacturer>
		<publisher>Atari</publisher>
		<score>2.6</score>
		<genre>Action;Platform</genre>
		<players>1</players>
		<story>The hero of the game is a young jungle-man named Toki. One day the evil wizard Dr. Stark kidnaps his
			girlfriend Wanda. When Toki tries to save her, he is turned into a monkey! Now Toki has to find Dr. Stark in
			his palace, rescue Wanda, and become a human being again!

			Toki is a platform game with many various levels: jungle, underwater, volcanic caves, on the ice, etc.
			Toki's only weapons are spitting on the enemies or jumping on them and crashing them. There are many
			possibilities to upgrade his spitting "weapon"; for example, if he finds an upgrade, he can spit fireballs.
		</story>
	</game>
	<game name="Tournament Cyberball (USA, Europe)">
		<description>Tournament Cyberball (USA, Europe)</description>
		<year>1991</year>
		<manufacturer>Atari</manufacturer>
		<publisher>Atari</publisher>
		<score>2.2</score>
		<genre>Sports</genre>
		<players>4</players>
		<story>Robotic football action!

			Journey into the future of football with this cult, arcade classic. Enjoy robotic action against the
			computer or ComLynx up to four players and play head-to-head with your friends. Earn money for completed
			plays which can be used to power-up your team, replace broken players, and upgrade to bigger and more
			advanced players. Awesome football action!</story>
	</game>
	<game name="Turbo Sub (USA, Europe)">
		<description>Turbo Sub (USA, Europe)</description>
		<year>1991</year>
		<manufacturer>Atari</manufacturer>
		<publisher>Atari</publisher>
		<score>2.5</score>
		<genre>Shooter</genre>
		<players>2</players>
		<story>Earth has been invaded in the 28th century! Only you and your Turbo Sub stand in the enemy's way!
			Cruising underwater, you will find great treasure and great danger, too. Use your wits and your firepower to
			overcome the Stealth Raiders and restore Earth to peace. Comlynx with another player and compete for top
			points.</story>
	</game>
	<game name="Viking Child (USA, Europe)">
		<description>Viking Child (USA, Europe)</description>
		<year>1991</year>
		<manufacturer>Imagitec Design</manufacturer>
		<publisher>Atari</publisher>
		<score>1.8</score>
		<genre>Action;Platform</genre>
		<players>1</players>
		<story>Mainly titled Prophecy I - The Viking Child is a game created by Imagitec Design Limited on Amiga, Atari
			ST, Atari Lynx, Game Boy, Game Gear and the PC.

			This video game was based on a Viking Child called Brian who must enter the Halls of Valhalla and do battle
			against an evil god Loki and his minions.

			The game closely resembled Sega's Wonder Boy in Monster Land, as certain elements like collecting hidden
			gold, upgrading the character's weapons and visiting shops were practically identical, despite the
			difference in release times.

			Programming of the Lead version (Atari ST version) was done by Mark Fisher (a.k.a. Fish, Mr Fish) Original
			graphics were created by Anthony Rosbottom (a.k.a. Bliz, Blizzard) Music was written by Barry Leitch &amp;
			Ian Howe</story>
	</game>
	<game name="Warbirds (USA, Europe)">
		<description>Warbirds (USA, Europe)</description>
		<year>1991</year>
		<manufacturer>Atari</manufacturer>
		<publisher>Atari</publisher>
		<score>3.2</score>
		<genre>Flight Simulator</genre>
		<players>4</players>
		<story>It's the First World War and the conquest of the sky is your mission. Battle your way to that target with
			WarBirds, the totally three-dimensional, fly by the seat of your pants, dog fight game.

			Pick from any of six missions from Milk Run to The Swarm to dog fight one-on-one or fill the sky with war
			planes. Fight against a computer-controlled squadron or link with up to four Lynx friends to determine who
			is the Greatest World War I Flying Ace.</story>
	</game>
	<game name="World Class Soccer (USA, Europe)">
		<description>World Class Soccer (USA, Europe)</description>
		<year>1992</year>
		<manufacturer>Brian A. Rice</manufacturer>
		<publisher>Atari</publisher>
		<score>1.6</score>
		<genre>Sports</genre>
		<players>2</players>
		<story>World Class Soccer brings football to the Lynx, allowing players to stage matches featuring more than 100
			different national teams. The game features selectable skill levels, adjustable game time (from 10 to 90
			minutes), dry or muddy fields, and manual or automatic player switching.

			During matches, the field is horizontally aligned, with the scrolling screen showing an angled view centered
			on the active player. When playing the goalie, the view zooms out for a better overview. On offense, the
			Lynx' two buttons allow players to make passes or kicks, on defense, tackles and sliding tackles, and for
			the goalie, high or low dives. On penalty shots, there is a choice of kicking high or low. The game supports
			two players via ComLynx connection.</story>
	</game>
	<game name="Xenophobe (USA, Europe)">
		<description>Xenophobe (USA, Europe)</description>
		<year>1990</year>
		<manufacturer>Atari</manufacturer>
		<publisher>Atari</publisher>
		<score>2.7</score>
		<genre>Shooter</genre>
		<players>4</players>
		<story>Can this motley crew of Xeno Exterminators wipe out the hoards of alien creatures aboard the infested
			space stations? Hurry up and blast away or your mission may end in a blizzard of ooze!

			You and up to three of your friends can "Lynx up" for a multi player frenzy. Choose your character, find the
			weapons and Zap the Xenos!</story>
	</game>
	<game name="Xybots (USA, Europe)">
		<description>Xybots (USA, Europe)</description>
		<year>1991</year>
		<manufacturer>Atari</manufacturer>
		<publisher>Atari</publisher>
		<score>2.5</score>
		<genre>Shooter</genre>
		<players>2</players>
		<story>The fate of humanity is in your hands! You must explore the corners and passageways of Earth's last
			outpost in space and defeat the invading Xybots. If you fail, human life as we know it will end. Comlynx
			with a friend, or take on the dreaded Xybot warriors all alone.</story>
	</game>
	<game name="Zarlor Mercenary (USA, Europe)">
		<description>Zarlor Mercenary (USA, Europe)</description>
		<year>1990</year>
		<manufacturer>Epyx</manufacturer>
		<publisher>Atari</publisher>
		<score>3.0</score>
		<genre>Shooter</genre>
		<players>4</players>
		<story>WANTED: Hot gun for hire. Travel to several exotic and dangerous places. Discover several exotic and
			dangerous aliens and kill them. Kill lots. For cash. Buy more weapons and kill again. Bring up to 3 friends
			along and kill even more.</story>
	</game>
</menu>