<?xml version="1.0"?>
<menu>
	<header>
		<listname>Pinball FX3</listname>
		<lastlistupdate>16/11/2022</lastlistupdate>
		<listversion></listversion>
		<exporterversion></exporterversion>
	</header>
	<game name="Amusement_Park" index="" image="a">
		<description>Adventure Land</description>
		<manufacturer>Microsoft Studios</manufacturer>
		<year>2018</year>
		<genre>Pinball</genre>
		<score>5</score>
		<players>1</players>
	</game>
	<game name="Alien_Isolation" index="true" image="a">
		<description>Alien Isolation</description>
		<manufacturer>ZEN Studios</manufacturer>
        <publisher>Microsoft Game Studios</publisher>
		<year>2016</year>
		<genre>Pinball</genre>
		<score>5</score>
		<players>1</players>
	</game>
	<game name="Alien_vs_Predator">
		<description>Alien vs Predator</description>
		<manufacturer>ZEN Studios</manufacturer>
        <publisher>Microsoft Game Studios</publisher>
		<year>2016</year>
		<genre>Pinball</genre>
		<score>5</score>
		<players>1</players>
	</game>
	<game name="Aliens">
		<description>Aliens</description>
		<manufacturer>ZEN Studios</manufacturer>
        <publisher>Microsoft Game Studios</publisher>
		<year>2016</year>
		<genre>Pinball</genre>
		<score>5</score>
		<players>1</players>
	</game>
	<game name="AmericanDad">
		<description>American Dad!</description>
		<manufacturer>ZEN Studios</manufacturer>
        <publisher>Microsoft Game Studios</publisher>
		<year>2015</year>
		<genre>Pinball</genre>
		<score>5</score>
		<players>1</players>
	</game>
	<game name="Archer">
		<description>Archer</description>
		<manufacturer>ZEN Studios</manufacturer>
        <publisher>Microsoft Game Studios</publisher>
		<year>2015</year>
		<genre>Pinball</genre>
		<score>5</score>
		<players>1</players>
	</game>
	<game name="BALLY_Attack_from_Mars" index="" image="">
		<description>Attack from Mars</description>
		<manufacturer>Microsoft Studios</manufacturer>
		<year>2018</year>
		<genre>Pinball</genre>
		<score>5</score>
		<players>1</players>
	</game>
	<game name="UNIVERSAL_BTTF" index="" image="b">
		<description>Back to the Future</description>
		<manufacturer>Microsoft Studios</manufacturer>
		<year>2018</year>
		<genre>Pinball</genre>
		<score>5</score>
		<players>1</players>
	</game>
	<game name="BioLab">
		<description>Biolab</description>
		<manufacturer>ZEN Studios</manufacturer>
        <publisher>Microsoft Game Studios</publisher>
		<year>2013</year>
		<genre>Pinball</genre>
		<score>5</score>
		<players>1</players>
	</game>
	<game name="BALLY_BlackRose" index="" image="">
		<description>Black Rose</description>
		<manufacturer>Microsoft Studios</manufacturer>
		<year>2018</year>
		<genre>Pinball</genre>
		<score>5</score>
		<players>1</players>
	</game>
	<game name="BobsBurgers">
		<description>Bob&apos;s Burgers</description>
		<manufacturer>ZEN Studios</manufacturer>
        <publisher>Microsoft Game Studios</publisher>
		<year>2015</year>
		<genre>Pinball</genre>
		<score>5</score>
		<players>1</players>
	</game>
	<game name="CastleStorm">
		<description>CastleStorm</description>
		<manufacturer>ZEN Studios</manufacturer>
        <publisher>Microsoft Game Studios</publisher>
		<year>2015</year>
		<genre>Pinball</genre>
		<score>5</score>
		<players>1</players>
	</game>
	<game name="BALLY_Cirqus_Voltaire" index="" image="">
		<description>Cirqus Voltaire</description>
		<manufacturer>Microsoft Studios</manufacturer>
		<year>2018</year>
		<genre>Pinball</genre>
		<score>5</score>
		<players>1</players>
	</game>
	<game name="BALLY_Creature_from_the_Black_Lagoon" index="" image="">
		<description>Creature from the Black Lagoon</description>
		<manufacturer>Microsoft Studios</manufacturer>
		<year>2018</year>
		<genre>Pinball</genre>
		<score>5</score>
		<players>1</players>
	</game>
	<game name="BETHESDA_Doom">
		<description>DOOM</description>
		<manufacturer>ZEN Studios</manufacturer>
        <publisher>Microsoft Game Studios</publisher>
		<year>2016</year>
		<genre>Pinball</genre>
		<score>5</score>
		<players>1</players>
	</game>
	<game name="BALLY_Dr_Dude" index="true" image="d">
		<description>Dr.Dude</description>
		<manufacturer>Microsoft Studios</manufacturer>
		<year>2020</year>
		<genre>Pinball</genre>
		<score>5</score>
		<players>1</players>
	</game>
	<game name="UNIVERSAL_ET" index="" image="e">
		<description>E.T. the Extra-Terrestrial</description>
		<manufacturer>Microsoft Studios</manufacturer>
		<year>2018</year>
		<genre>Pinball</genre>
		<score>5</score>
		<players>1</players>
	</game>
	<game name="EarthDefense">
		<description>Earth Defense</description>
		<manufacturer>ZEN Studios</manufacturer>
        <publisher>Microsoft Game Studios</publisher>
		<year>2013</year>
		<genre>Pinball</genre>
		<score>5</score>
		<players>1</players>
	</game>
	<game name="Eldorado">
		<description>El Dorado</description>
		<manufacturer>ZEN Studios</manufacturer>
        <publisher>Microsoft Game Studios</publisher>
		<year>2013</year>
		<genre>Pinball</genre>
		<score>5</score>
		<players>1</players>
	</game>
	<game name="Looter">
		<description>Epic Quest</description>
		<manufacturer>ZEN Studios</manufacturer>
        <publisher>Microsoft Game Studios</publisher>
		<year>2013</year>
		<genre>Pinball</genre>
		<score>5</score>
		<players>1</players>
	</game>
	<game name="Excalibur">
		<description>Excalibur</description>
		<manufacturer>ZEN Studios</manufacturer>
        <publisher>Microsoft Game Studios</publisher>
		<year>2013</year>
		<genre>Pinball</genre>
		<score>5</score>
		<players>1</players>
	</game>
	<game name="BETHESDA_Fallout">
		<description>Fallout</description>
		<manufacturer>ZEN Studios</manufacturer>
        <publisher>Microsoft Game Studios</publisher>
		<year>2016</year>
		<genre>Pinball</genre>
		<score>5</score>
		<players>1</players>
	</game>
	<game name="FamilyGuy">
		<description>Family Guy</description>
		<manufacturer>ZEN Studios</manufacturer>
        <publisher>Microsoft Game Studios</publisher>
		<year>2015</year>
		<genre>Pinball</genre>
		<score>5</score>
		<players>1</players>
	</game>
	<game name="WMS_Fish_Tales" index="true" image="">
		<description>Fish Tales</description>
		<manufacturer>Microsoft Studios</manufacturer>
		<year>2018</year>
		<genre>Pinball</genre>
		<score>5</score>
		<players>1</players>
	</game>
	<game name="WMS_Funhouse" index="true" image="">
		<description>FunHouse</description>
		<manufacturer>Microsoft Studios</manufacturer>
		<year>2020</year>
		<genre>Pinball</genre>
		<score>5</score>
		<players>1</players>
	</game>
	<game name="Hercules" index="" image="h">
		<description>Hercules</description>
		<manufacturer>Microsoft Studios</manufacturer>
		<year>2017</year>
		<genre>Pinball</genre>
		<score>5</score>
		<players>1</players>
	</game>
	<game name="WMS_Hurricane" index="true" image="">
		<description>Hurricane</description>
		<manufacturer>Microsoft Studios</manufacturer>
		<year>2018</year>
		<genre>Pinball</genre>
		<score>5</score>
		<players>1</players>
	</game>
	<game name="WMS_Indiana_Jones" index="true" image="">
		<description>Indiana Jones - The Pinball Advanture</description>
		<manufacturer>Microsoft Studios</manufacturer>
		<year>2022</year>
		<genre>Pinball</genre>
		<score>5</score>
		<players>1</players>
	</game>
	<game name="UNIVERSAL_Jaws" index="" image="j">
		<description>Jaws</description>
		<manufacturer>Microsoft Studios</manufacturer>
		<year>2018</year>
		<genre>Pinball</genre>
		<score>5</score>
		<players>1</players>
	</game>
	<game name="WMS_Junkyard" index="true" image="">
		<description>Junk Yard</description>
		<manufacturer>Microsoft Studios</manufacturer>
		<year>2018</year>
		<genre>Pinball</genre>
		<score>5</score>
		<players>1</players>
	</game>
	<game name="UNIVERSAL_Jurassic_Park" index="" image="">
		<description>Jurassic Park</description>
		<manufacturer>Microsoft Studios</manufacturer>
		<year>2018</year>
		<genre>Pinball</genre>
		<score>5</score>
		<players>1</players>
	</game>
	<game name="UNIVERSAL_Jurassic_Theme_Park" index="" image="">
		<description>Jurassic Park - Pinball Mayhem</description>
		<manufacturer>Microsoft Studios</manufacturer>
		<year>2018</year>
		<genre>Pinball</genre>
		<score>5</score>
		<players>1</players>
	</game>
	<game name="UNIVERSAL_Jurassic_World" index="" image="">
		<description>Jurassic World</description>
		<manufacturer>Microsoft Studios</manufacturer>
		<year>2018</year>
		<genre>Pinball</genre>
		<score>5</score>
		<players>1</players>
	</game>
	<game name="Mars">
		<description>Mars</description>
		<manufacturer>ZEN Studios</manufacturer>
        <publisher>Microsoft Game Studios</publisher>
		<year>2013</year>
		<genre>Pinball</genre>
		<score>5</score>
		<players>1</players>
	</game>
	<game name="MARVEL_MsMarvel">
		<description>Marvel - A-Force</description>
		<manufacturer>ZEN Studios</manufacturer>
        <publisher>Microsoft Game Studios</publisher>
		<year>2016</year>
		<genre>Pinball</genre>
		<score>5</score>
		<players>1</players>
	</game>
	<game name="MARVEL_Ant-Man">
		<description>Marvel - Ant-Man</description>
		<manufacturer>ZEN Studios</manufacturer>
        <publisher>Microsoft Game Studios</publisher>
		<year>2015</year>
		<genre>Pinball</genre>
		<score>5</score>
		<players>1</players>
	</game>
	<game name="MARVEL_Blade">
		<description>Marvel - Blade</description>
		<manufacturer>ZEN Studios</manufacturer>
        <publisher>Microsoft Game Studios</publisher>
		<year>2013</year>
		<genre>Pinball</genre>
		<score>5</score>
		<players>1</players>
	</game>
	<game name="MARVEL_WOP_TheNextGeneration">
		<description>Marvel - Champions</description>
		<manufacturer>ZEN Studios</manufacturer>
        <publisher>Microsoft Game Studios</publisher>
		<year>2016</year>
		<genre>Pinball</genre>
		<score>5</score>
		<players>1</players>
	</game>
	<game name="MARVEL_CaptainAmerica">
		<description>Marvel - Captain America</description>
		<manufacturer>ZEN Studios</manufacturer>
        <publisher>Microsoft Game Studios</publisher>
		<year>2013</year>
		<genre>Pinball</genre>
		<score>5</score>
		<players>1</players>
	</game>
	<game name="MARVEL_CivilWar">
		<description>Marvel - Civil War</description>
		<manufacturer>ZEN Studios</manufacturer>
        <publisher>Microsoft Game Studios</publisher>
		<year>2013</year>
		<genre>Pinball</genre>
		<score>5</score>
		<players>1</players>
	</game>
	<game name="MARVEL_Deadpool">
		<description>Marvel - Deadpool</description>
		<manufacturer>ZEN Studios</manufacturer>
        <publisher>Microsoft Game Studios</publisher>
		<year>2014</year>
		<genre>Pinball</genre>
		<score>5</score>
		<players>1</players>
	</game>
	<game name="MARVEL_DrStrange">
		<description>Marvel - Doctor Strange</description>
		<manufacturer>ZEN Studios</manufacturer>
        <publisher>Microsoft Game Studios</publisher>
		<year>2013</year>
		<genre>Pinball</genre>
		<score>5</score>
		<players>1</players>
	</game>
	<game name="MARVEL_FantasticFour">
		<description>Marvel - Fantastic Four</description>
		<manufacturer>ZEN Studios</manufacturer>
        <publisher>Microsoft Game Studios</publisher>
		<year>2013</year>
		<genre>Pinball</genre>
		<score>5</score>
		<players>1</players>
	</game>
	<game name="MARVEL_FearItSelf">
		<description>Marvel - Fear Itself</description>
		<manufacturer>ZEN Studios</manufacturer>
        <publisher>Microsoft Game Studios</publisher>
		<year>2013</year>
		<genre>Pinball</genre>
		<score>5</score>
		<players>1</players>
	</game>
	<game name="MARVEL_GhostRider">
		<description>Marvel - Ghost Rider</description>
		<manufacturer>ZEN Studios</manufacturer>
        <publisher>Microsoft Game Studios</publisher>
		<year>2013</year>
		<genre>Pinball</genre>
		<score>5</score>
		<players>1</players>
	</game>
	<game name="MARVEL_Guardians">
		<description>Marvel - Guardians of the Galaxy</description>
		<manufacturer>ZEN Studios</manufacturer>
        <publisher>Microsoft Game Studios</publisher>
		<year>2014</year>
		<genre>Pinball</genre>
		<score>5</score>
		<players>1</players>
	</game>
	<game name="MARVEL_IronMan">
		<description>Marvel - Iron Man</description>
		<manufacturer>ZEN Studios</manufacturer>
        <publisher>Microsoft Game Studios</publisher>
		<year>2013</year>
		<genre>Pinball</genre>
		<score>5</score>
		<players>1</players>
	</game>
	<game name="MARVEL_MoonKnight">
		<description>Marvel - Moon Knight</description>
		<manufacturer>ZEN Studios</manufacturer>
        <publisher>Microsoft Game Studios</publisher>
		<year>2013</year>
		<genre>Pinball</genre>
		<score>5</score>
		<players>1</players>
	</game>
	<game name="MARVEL_SpiderMan">
		<description>Marvel - Spider-Man</description>
		<manufacturer>ZEN Studios</manufacturer>
        <publisher>Microsoft Game Studios</publisher>
		<year>2013</year>
		<genre>Pinball</genre>
		<score>5</score>
		<players>1</players>
	</game>
	<game name="MARVEL_Avengers">
		<description>Marvel - The Avengers</description>
		<manufacturer>ZEN Studios</manufacturer>
        <publisher>Microsoft Game Studios</publisher>
		<year>2013</year>
		<genre>Pinball</genre>
		<score>5</score>
		<players>1</players>
	</game>
	<game name="MARVEL_Age_of_Ultron">
		<description>Marvel - The Avengers Age of Ultron</description>
		<manufacturer>ZEN Studios</manufacturer>
        <publisher>Microsoft Game Studios</publisher>
		<year>2015</year>
		<genre>Pinball</genre>
		<score>5</score>
		<players>1</players>
	</game>
	<game name="MARVEL_InfinityGauntlet">
		<description>Marvel - The Infinity Gauntlet</description>
		<manufacturer>ZEN Studios</manufacturer>
        <publisher>Microsoft Game Studios</publisher>
		<year>2013</year>
		<genre>Pinball</genre>
		<score>5</score>
		<players>1</players>
	</game>
	<game name="MARVEL_Thor">
		<description>Marvel - Thor</description>
		<manufacturer>ZEN Studios</manufacturer>
        <publisher>Microsoft Game Studios</publisher>
		<year>2013</year>
		<genre>Pinball</genre>
		<score>5</score>
		<players>1</players>
	</game>
	<game name="MARVEL_Venom">
		<description>Marvel - Venom</description>
		<manufacturer>ZEN Studios</manufacturer>
        <publisher>Microsoft Game Studios</publisher>
		<year>2014</year>
		<genre>Pinball</genre>
		<score>5</score>
		<players>1</players>
	</game>
	<game name="MARVEL_Wolverine">
		<description>Marvel - Wolverine</description>
		<manufacturer>ZEN Studios</manufacturer>
        <publisher>Microsoft Game Studios</publisher>
		<year>2013</year>
		<genre>Pinball</genre>
		<score>5</score>
		<players>1</players>
	</game>
	<game name="MARVEL_WWH">
		<description>Marvel - World War Hulk</description>
		<manufacturer>ZEN Studios</manufacturer>
        <publisher>Microsoft Game Studios</publisher>
		<year>2013</year>
		<genre>Pinball</genre>
		<score>5</score>
		<players>1</players>
	</game>
	<game name="MARVEL_XMen">
		<description>Marvel - X-Men</description>
		<manufacturer>ZEN Studios</manufacturer>
        <publisher>Microsoft Game Studios</publisher>
		<year>2013</year>
		<genre>Pinball</genre>
		<score>5</score>
		<players>1</players>
	</game>
	<game name="WMS_Medieval_Madness" index="true" image="">
		<description>Medieval Madness</description>
		<manufacturer>Microsoft Studios</manufacturer>
		<year>2015</year>
		<genre>Pinball</genre>
		<score>5</score>
		<players>1</players>
	</game>
	<game name="WMS_Monster_Bash" index="true" image="">
		<description>Monster Bash</description>
		<manufacturer>Microsoft Studios</manufacturer>
		<year>2018</year>
		<genre>Pinball</genre>
		<score>5</score>
		<players>1</players>
	</game>
	<game name="WMS_No_Good_Gofers" index="true" image="n">
		<description>No Good Gofers</description>
		<manufacturer>Microsoft Studios</manufacturer>
		<year>2018</year>
		<genre>Pinball</genre>
		<score>5</score>
		<players>1</players>
	</game>
	<game name="Paranormal">
		<description>Paranormal</description>
		<manufacturer>ZEN Studios</manufacturer>
        <publisher>Microsoft Game Studios</publisher>
		<year>2013</year>
		<genre>Pinball</genre>
		<score>5</score>
		<players>1</players>
	</game>
	<game name="BALLY_Party_Zone" index="" image="">
		<description>Party Zone</description>
		<manufacturer>Microsoft Studios</manufacturer>
		<year>2018</year>
		<genre>Pinball</genre>
		<score>5</score>
		<players>1</players>
	</game>
	<game name="Pasha">
		<description>Pasha</description>
		<manufacturer>ZEN Studios</manufacturer>
        <publisher>Microsoft Game Studios</publisher>
		<year>2013</year>
		<genre>Pinball</genre>
		<score>5</score>
		<players>1</players>
	</game>
	<game name="Portal">
		<description>Portal</description>
		<manufacturer>ZEN Studios</manufacturer>
        <publisher>Microsoft Game Studios</publisher>
		<year>2015</year>
		<genre>Pinball</genre>
		<score>5</score>
		<players>1</players>
	</game>
	<game name="WMS_Roadshow" index="true" image="r">
		<description>Road Show</description>
		<manufacturer>Microsoft Studios</manufacturer>
		<year>2018</year>
		<genre>Pinball</genre>
		<score>5</score>
		<players>1</players>
	</game>
	<game name="Rome">
		<description>Rome</description>
		<manufacturer>ZEN Studios</manufacturer>
        <publisher>Microsoft Game Studios</publisher>
		<year>2013</year>
		<genre>Pinball</genre>
		<score>5</score>
		<players>1</players>
	</game>
	<game name="BALLY_Safe_Cracker" index="" image="s">
		<description>Safe Cracker</description>
		<manufacturer>Microsoft Studios</manufacturer>
		<year>2018</year>
		<genre>Pinball</genre>
		<score>5</score>
		<players>1</players>
	</game>
	<game name="Atlantis">
		<description>Secrets of the Deep</description>
		<manufacturer>ZEN Studios</manufacturer>
        <publisher>Microsoft Game Studios</publisher>
		<year>2013</year>
		<genre>Pinball</genre>
		<score>5</score>
		<players>1</players>
	</game>
	<game name="Shaman">
		<description>Shaman</description>
		<manufacturer>ZEN Studios</manufacturer>
        <publisher>Microsoft Game Studios</publisher>
		<year>2013</year>
		<genre>Pinball</genre>
		<score>5</score>
		<players>1</players>
	</game>
	<game name="BETHESDA_Skyrim">
		<description>Skyrim</description>
		<manufacturer>ZEN Studios</manufacturer>
        <publisher>Microsoft Game Studios</publisher>
		<year>2016</year>
		<genre>Pinball</genre>
		<score>5</score>
		<players>1</players>
	</game>
	<game name="Citadel">
		<description>Sorcerer&apos;s Lair</description>
		<manufacturer>ZEN Studios</manufacturer>
        <publisher>Microsoft Game Studios</publisher>
		<year>2013</year>
		<genre>Pinball</genre>
		<score>5</score>
		<players>1</players>
	</game>
	<game name="WMS_Space_Station" index="" image="">
		<description>Space Station</description>
		<manufacturer>Microsoft Studios</manufacturer>
		<year>2020</year>
		<genre>Pinball</genre>
		<score>5</score>
		<players>1</players>
	</game>
	<game name="STARWARS_Episode_4">
		<description>Star Wars - A New Hope</description>
		<manufacturer>ZEN Studios</manufacturer>
        <publisher>Microsoft Game Studios</publisher>
		<year>2014</year>
		<genre>Pinball</genre>
		<score>5</score>
		<players>1</players>
	</game>
	<game name="SpaceBear2" index="" image="">
		<description>Star Wars - Ahch-To Island</description>
		<manufacturer>Microsoft Studios</manufacturer>
		<year>2018</year>
		<genre>Pinball</genre>
		<score>5</score>
		<players>1</players>
	</game>
	<game name="RedCup3" index="" image="">
		<description>Star Wars - Battle of Mimban</description>
		<manufacturer>Microsoft Studios</manufacturer>
		<year>2017</year>
		<genre>Pinball</genre>
		<score>5</score>
		<players>1</players>
	</game>
	<game name="STARWARS_Boba_Fett">
		<description>Star Wars - Boba Fett</description>
		<manufacturer>ZEN Studios</manufacturer>
        <publisher>Microsoft Game Studios</publisher>
		<year>2013</year>
		<genre>Pinball</genre>
		<score>5</score>
		<players>1</players>
	</game>
	<game name="RedCup2" index="" image="">
		<description>Star Wars - Calrissian Chronicles</description>
		<manufacturer>Microsoft Studios</manufacturer>
		<year>2017</year>
		<genre>Pinball</genre>
		<score>5</score>
		<players>1</players>
	</game>
	<game name="STARWARS_Darth_Vader">
		<description>Star Wars - Darth Vader</description>
		<manufacturer>ZEN Studios</manufacturer>
        <publisher>Microsoft Game Studios</publisher>
		<year>2013</year>
		<genre>Pinball</genre>
		<score>5</score>
		<players>1</players>
	</game>
	<game name="STARWARS_Droids">
		<description>Star Wars - Droids</description>
		<manufacturer>ZEN Studios</manufacturer>
        <publisher>Microsoft Game Studios</publisher>
		<year>2014</year>
		<genre>Pinball</genre>
		<score>5</score>
		<players>1</players>
	</game>
	<game name="STARWARS_Han_Solo">
		<description>Star Wars - Han Solo</description>
		<manufacturer>ZEN Studios</manufacturer>
        <publisher>Microsoft Game Studios</publisher>
		<year>2014</year>
		<genre>Pinball</genre>
		<score>5</score>
		<players>1</players>
	</game>
	<game name="STARWARS_Light_VS_Dark">
		<description>Star Wars - Masters of the Force</description>
		<manufacturer>ZEN Studios</manufacturer>
        <publisher>Microsoft Game Studios</publisher>
		<year>2014</year>
		<genre>Pinball</genre>
		<score>5</score>
		<players>1</players>
	</game>
	<game name="STARWARS_AVCO2" index="" image="">
		<description>Star Wars - Might of the First Order</description>
		<manufacturer>Microsoft Studios</manufacturer>
		<year>2014</year>
		<genre>Pinball</genre>
		<score>5</score>
		<players>1</players>
	</game>
	<game name="STARWARS_Rebels">
		<description>Star Wars - Rebels</description>
		<manufacturer>ZEN Studios</manufacturer>
        <publisher>Microsoft Game Studios</publisher>
		<year>2015</year>
		<genre>Pinball</genre>
		<score>5</score>
		<players>1</players>
	</game>
	<game name="STARWARS_Episode_6">
		<description>Star Wars - Return of the Jedi</description>
		<manufacturer>ZEN Studios</manufacturer>
        <publisher>Microsoft Game Studios</publisher>
		<year>2013</year>
		<genre>Pinball</genre>
		<score>5</score>
		<players>1</players>
	</game>
	<game name="STARWARS_LAPB" index="" image="">
		<description>Star Wars - Rogue One</description>
		<manufacturer>Microsoft Studios</manufacturer>
		<year>2018</year>
		<genre>Pinball</genre>
		<score>5</score>
		<players>1</players>
	</game>
	<game name="RedCup1" index="" image="">
		<description>Star Wars - Solo</description>
		<manufacturer>Microsoft Studios</manufacturer>
		<year>2017</year>
		<genre>Pinball</genre>
		<score>5</score>
		<players>1</players>
	</game>
	<game name="STARWARS_SFA">
		<description>Star Wars - Starfighter Assault</description>
		<manufacturer>ZEN Studios</manufacturer>
        <publisher>Microsoft Game Studios</publisher>
		<year>2013</year>
		<genre>Pinball</genre>
		<score>5</score>
		<players>1</players>
	</game>
	<game name="STARWARS_CloneWars">
		<description>Star Wars - The Clone Wars</description>
		<manufacturer>ZEN Studios</manufacturer>
        <publisher>Microsoft Game Studios</publisher>
		<year>2013</year>
		<genre>Pinball</genre>
		<score>5</score>
		<players>1</players>
	</game>
	<game name="STARWARS_Episode_5">
		<description>Star Wars - The Empire Strikes Back</description>
		<manufacturer>ZEN Studios</manufacturer>
        <publisher>Microsoft Game Studios</publisher>
		<year>2013</year>
		<genre>Pinball</genre>
		<score>5</score>
		<players>1</players>
	</game>
	<game name="STARWARS_Episode7">
		<description>Star Wars - The Force Awakens</description>
		<manufacturer>ZEN Studios</manufacturer>
        <publisher>Microsoft Game Studios</publisher>
		<year>2016</year>
		<genre>Pinball</genre>
		<score>5</score>
		<players>1</players>
	</game>
	<game name="SpaceBear1" index="" image="">
		<description>Star Wars - The Last Jedi</description>
		<manufacturer>Microsoft Studios</manufacturer>
		<year>2018</year>
		<genre>Pinball</genre>
		<score>5</score>
		<players>1</players>
	</game>
	<game name="WMS_Tales_of_the_Arabian_Nights" index="true" image="t">
		<description>Tales of the Arabian Nights</description>
		<manufacturer>Microsoft Studios</manufacturer>
		<year>2018</year>
		<genre>Pinball</genre>
		<score>5</score>
		<players>1</players>
	</game>
	<game name="Tesla">
		<description>Tesla</description>
		<manufacturer>ZEN Studios</manufacturer>
        <publisher>Microsoft Game Studios</publisher>
		<year>2013</year>
		<genre>Pinball</genre>
		<score>5</score>
		<players>1</players>
	</game>
	<game name="BALLY_Champion_Pub" index="" image="">
		<description>The Champion Pub</description>
		<manufacturer>Microsoft Studios</manufacturer>
		<year>2018</year>
		<genre>Pinball</genre>
		<score>5</score>
		<players>1</players>
	</game>
	<game name="WMS_Getaway" index="true" image="">
		<description>The Getaway</description>
		<manufacturer>Microsoft Studios</manufacturer>
		<year>2018</year>
		<genre>Pinball</genre>
		<score>5</score>
		<players>1</players>
	</game>
	<game name="TheWalkingDead">
		<description>The Walking Dead</description>
		<manufacturer>ZEN Studios</manufacturer>
        <publisher>Microsoft Game Studios</publisher>
		<year>2014</year>
		<genre>Pinball</genre>
		<score>5</score>
		<players>1</players>
	</game>
	<game name="BALLY_TheatreOfMagic" index="" image="">
		<description>Theatre Of Magic</description>
		<manufacturer>Microsoft Studios</manufacturer>
		<year>2018</year>
		<genre>Pinball</genre>
		<score>5</score>
		<players>1</players>
	</game>
	<game name="V12">
		<description>V12</description>
		<manufacturer>ZEN Studios</manufacturer>
        <publisher>Microsoft Game Studios</publisher>
		<year>2013</year>
		<genre>Pinball</genre>
		<score>5</score>
		<players>1</players>
	</game>
	<game name="WMS_White_Water" index="true" image="w">
		<description>White Water</description>
		<manufacturer>Microsoft Studios</manufacturer>
		<year>2015</year>
		<genre>Pinball</genre>
		<score>5</score>
		<players>1</players>
	</game>
	<game name="Western">
		<description>Wild West Rampage</description>
		<manufacturer>ZEN Studios</manufacturer>
        <publisher>Microsoft Game Studios</publisher>
		<year>2015</year>
		<genre>Pinball</genre>
		<score>5</score>
		<players>1</players>
	</game>
</menu>