<?xml version="1.0"?>
<menu>
	<header>
		<listname>Atari 5200</listname>
		<lastlistupdate>12/05/2022</lastlistupdate>
		<listversion>0.1</listversion>
		<exporterversion>Created by STAiNLESS for CORE Type R</exporterversion>
	</header>
	<game name="Activision Decathlon, The (USA)">
		<description>Activision Decathlon, The (USA)</description>
		<year>1983</year>
		<manufacturer>David Crane</manufacturer>
		<publisher>Activision, Inc.</publisher>
		<score>4.0</score>
		<genre>Sports</genre>
		<players>4</players>
		<story>The Activision Decathlon is a series of Olympic games similar to the Epyx games series. Up to four
			players can compete in the ten different events of a real-life decathlon, either in sequence or
			individually. Included are the 100-meter dash, long jump, shot put, high jump, 400-meter race, 110-meter
			hurdles, discus throw, pole vault, javelin throw, and 1500-meter race.

			The flat running events involve simple joystick waggling, which must be balanced with accurately-timed
			button presses to clear the hurdles - hitting them or breaking stride causes a loss of momentum and thus
			time. For jumping and throwing events, you must build momentum by waggling and then press the button to
			throw or jump at what you feel is the appropriate moment.

			For each event, points are earned based on how well you do (this can be based on your running time, or how
			far you throw the javelin or discus, etc...), and the player with the most points at the end of the
			decathlon wins the gold medal.</story>
	</game>
	<game name="Astro Chase (USA)">
		<description>Astro Chase (USA)</description>
		<year>1982</year>
		<manufacturer>First Star Software</manufacturer>
		<publisher>Parker Brothers</publisher>
		<score>3.9</score>
		<genre>Shooter</genre>
		<players>1</players>
		<story>As pilot of a spaceship, your job is to save the planet Earth! Eight mega mines are slowly homing in, and
			you need to destroy them all before they reach Earth. Trying to stop you are a variety of flying saucers
			which will constantly be chasing you around the planet. Your ship is equipped with lasers which can be used
			to destroy enemy saucers and the mega mines. Located throughout the space around Earth are eight shield
			depots; if you fly through one of these, you will temporarily become invincible. Your spaceship also has a
			limited energy supply; if you get too low on energy, it can be resupplied at one of the generators located
			in the four corners of the play area. When all of the mega mines have been destroyed, you will move on to
			the next, faster chase!</story>
	</game>
	<game name="Atari PAM - Pete's Test (USA)">
		<description>Atari PAM - Pete's Test (USA)</description>
		<year>NA</year>
		<manufacturer>NA</manufacturer>
		<publisher>NA</publisher>
		<score>0</score>
		<genre>NA</genre>
		<players>NA</players>
		<story>NA</story>
	</game>
	<game name="Atari PAM Diagnostics (USA) (v2.3)">
		<description>Atari PAM Diagnostics (USA) (v2.3)</description>
		<year>NA</year>
		<manufacturer>NA</manufacturer>
		<publisher>NA</publisher>
		<score>0</score>
		<genre>NA</genre>
		<players>NA</players>
		<story>NA</story>
	</game>
	<game name="Atari PAM System Test (USA) (v1.02)">
		<description>Atari PAM System Test (USA) (v1.02)</description>
		<year>NA</year>
		<manufacturer>NA</manufacturer>
		<publisher>NA</publisher>
		<score>0</score>
		<genre>NA</genre>
		<players>NA</players>
		<story>NA</story>
	</game>
	<game name="Ballblazer (USA)">
		<description>Ballblazer (USA)</description>
		<year>1984</year>
		<manufacturer>Lucasfilm</manufacturer>
		<publisher>Atari, Inc.</publisher>
		<score>3.2</score>
		<genre>Action;Sports</genre>
		<players>2</players>
		<story>Ballblazer is a simple one-on-one sports-style game bearing similarities to basketball and soccer. Each
			side is represented by a craft called a "rotofoil", which can be controlled by either a human player or a
			computer-controlled "droid" with ten levels of difficulty. (The game allows for human vs. human, human vs.
			droid, and droid vs. droid matches.) The basic objective of the game is to score points by either firing or
			carrying a floating ball into the opponent's goal. The game takes place on a flat, checkerboard playfield,
			and each player's half of the screen is presented in a first-person perspective.</story>
	</game>
	<game name="Beamrider (USA)">
		<description>Beamrider (USA)</description>
		<year>1983</year>
		<manufacturer>Activision</manufacturer>
		<publisher>Activision</publisher>
		<score>3.3</score>
		<genre>Shooter</genre>
		<players>1</players>
		<story>Beamrider takes place above Earth's atmosphere, where a large alien shield called the Restrictor Shield
			surrounds the Earth. The player's objective is to clear the Shield's 99 sectors of alien craft while
			piloting the Beamrider ship. The Beamrider is equipped with a short-rage laser lariat and a limited supply
			of torpedos. The player is given three at the start of each sector.

			To clear a sector, fifteen enemy ships must be destroyed. A "Sentinel ship" will then appear, which can be
			destroyed using a torpedo (if any remain) for bonus points. Some enemy ships can only be destroyed with
			torpedoes, and some must simply be dodged. Occasionally during a sector, "Yellow Rejuvenators" (extra lives)
			appear. They can be picked up for an extra ship, but if they are shot they will transform into ship-damaging
			debris.</story>
	</game>
	<game name="BerZerk (USA)">
		<description>BerZerk (USA)</description>
		<year>1984</year>
		<manufacturer>Stern Electronics</manufacturer>
		<publisher>Atari, Inc.</publisher>
		<score>3.3</score>
		<genre>NA</genre>
		<players>2</players>
		<story>After a routine space exploration mission goes awry, you find yourself marooned on the planet Mazeon. To
			add insult to injury, the robotic residents are out to kill you. Now you're forced to fend off these
			relentless robots as you move through endless mazelike environments. In Berzerk, the goal is to make your
			way past the electrified walls forming each screen while using your laser gun to blast the hostile threats
			known as Automazeons. Firing your weapon involves pointing the joystick in one of eight directions and
			pressing a button. You can also lead robots into walls and even into their own shots to defeat them.</story>
	</game>
	<game name="Blue Print (USA)">
		<description>Blue Print (USA)</description>
		<year>1983</year>
		<manufacturer>Bally Midway</manufacturer>
		<publisher>CBS Electronics</publisher>
		<score>3.3</score>
		<genre>Action</genre>
		<players>1</players>
		<story>Your girlfriend Daisy is in trouble! Ollie Org is chasing her across the top of the screen, and you need
			to come to the rescue. To stop Ollie before time runs out, you need to construct a machine. The blue print
			for the machine is at the bottom of the screen, so all you need to do is locate the parts which are hidden
			in the numerous houses in a maze like town. When you locate a part, drag it back and place it on the blue
			print. When all parts have been located, press the start button and the machine is ready to go! To make your
			task more difficult, there are several obstacles that get in the way. If you enter a house which doesn't
			contain a part, you will instead be stuck with a bomb. You will need to hurry and diffuse any bombs in the
			bomb pit before they explode! From time to time, a flower pot will fall from above and then hop off the
			screen. Get hit by a flower pot, and you lose a life. You also need to be careful of Fuzzy Wuzzy, who
			wanders around the neighborhood randomly. An encounter with Fuzzy Wuzzy will also be deadly! Hiding in the
			bomb pit is Sneaky Pete; while he isn't deadly, he will occasionally appear and press the start button
			before your machine is complete. If this happens, you will need to drag Pete back to the bomb pit and
			reassemble all of the machine parts.</story>
	</game>
	<game name="Bounty Bob Strikes Back! (USA)">
		<description>Bounty Bob Strikes Back! (USA)</description>
		<year>1984</year>
		<manufacturer>Big Five Software</manufacturer>
		<publisher>Big Five Software</publisher>
		<score>3.8</score>
		<genre>Action;Platform</genre>
		<players>1</players>
		<story>Bounty Bob Strikes Back! is the sequel to Miner 2049er and features similar gameplay. As Bounty Bob, your
			goal is to claim every inch of 25 challenging mines. To do this, you must walk over each segment of the
			framework in the mines. To reach each segment of framework, you will need to figure out a way to jump,
			climb, or use one of the many devices occasionally available to get there. To your help you get around (or
			sometimes hinder progress) are ladders, slides, suction tubes, cannons, transporters, and other devices.
			Wandering about the mines are many dangerous mutants. If you come in contact with one of these, you will
			lose a life. Scattered throughout each mine are special food items; collect one of these, and you will
			temporarily be able to eliminate the mutants by walking into them. You will need to figure out a unique
			strategy for each level in order to complete it, plus there is a time limit so claim all the territory
			quickly!</story>
	</game>
	<game name="Buck Rogers - Planet of Zoom (USA)">
		<description>Buck Rogers - Planet of Zoom (USA)</description>
		<year>1983</year>
		<manufacturer>Sega</manufacturer>
		<publisher>Sega</publisher>
		<score>2.9</score>
		<genre>Shooter</genre>
		<players>1</players>
		<story>Fast and furious racing game taking place on a futuristic racetrack. Guide your spaceship between the
			pylons and shoot down other enemy racers.

			Based on the arcade game (which is even more loosely based on the Buck Rogers comic strips).</story>
	</game>
	<game name="Carol Shaw's River Raid (USA)">
		<description>Carol Shaw's River Raid (USA)</description>
		<year>1983</year>
		<manufacturer>Activision</manufacturer>
		<publisher>Activision, Inc.</publisher>
		<score>3.9</score>
		<genre>Shooter</genre>
		<players>2</players>
		<story>River Raid is a vertically scrolling action game. You fly a jet up a river in an attempt to destroy
			bridges which are vital to the enemy. The river is heavily guarded, however, with balloons, ships, choppers,
			and enemy aircraft trying to stop you. Along the way you will need to fly over fuel stations to refuel your
			jet and keep flying.

			The plane is armed with a cannon with unlimited ammo. It can be used to destroy the enemy vehicles and
			bridges, but a careless player can accidentally destroy a fuel station. Colliding with the riverbanks or
			with the enemy aircraft destroys your plane and makes you lose a life.</story>
	</game>
	<game name="Centipede (USA)">
		<description>Centipede (USA)</description>
		<year>1982</year>
		<manufacturer>Atari</manufacturer>
		<publisher>Atari</publisher>
		<score>3.7</score>
		<genre>Shooter</genre>
		<players>2</players>
		<story>The player moves the character about the bottom area of the screen and fires laser shots at a centipede
			advancing from the top of the screen down through a field of mushrooms. Shooting any section of the
			centipede creates a mushroom; shooting one of the middle segments splits the centipede into two pieces at
			that point. Each piece then continues independently on its way down the board, with the first section of the
			rear piece becoming a new head. If the head is destroyed, the section behind it becomes the next head.
		</story>
	</game>
	<game name="Choplifter! (USA)">
		<description>Choplifter! (USA)</description>
		<year>1984</year>
		<manufacturer>Dan Gorlin</manufacturer>
		<publisher>Atari</publisher>
		<score>3.8</score>
		<genre>Shooter</genre>
		<players>1</players>
		<story>In this prototype version of Choplifter for the Atari 5200, the player assumes the role of a combat
			helicopter pilot. The player attempts to save hostages being held in prisoner of war camps in territory
			ruled by the evil Bungeling Empire. The player must collect the hostages and transport them safely to the
			nearby friendly base, all the while fighting off hostile tanks and other enemy combatants.</story>
	</game>
	<game name="Congo Bongo (USA)">
		<description>Congo Bongo (USA)</description>
		<year>1983</year>
		<manufacturer>Sega</manufacturer>
		<publisher>Sega</publisher>
		<score>4.0</score>
		<genre>Action;Platform</genre>
		<players>2</players>
		<story>In the first of three screens, you must climb the cliffs of Jungle Mountain in order to get to Congo
			Bongo, the jungle gorilla. You must also cross a bridge and jump a chasm. Along the way, Congo will throw
			coconuts at you, and monkeys will try to jump on your back. The monkeys slow you down tremendously, but a
			couple of jumps will send them scurrying.</story>
	</game>
	<game name="Countermeasure (USA)">
		<description>Countermeasure (USA)</description>
		<year>1982</year>
		<manufacturer>Atari, Inc.</manufacturer>
		<publisher>Atari, Inc.</publisher>
		<score>2.8</score>
		<genre>Shooter</genre>
		<players>2</players>
		<story>We've just received word that terrorists have seized one of our missile silo complexes and are
			threatening to blow up Washington, D.C. These lunatics aren't fooling!

			They've wired the missiles to a silo computer and started the launch sequence timer. In just 10 minutes the
			missiles will lift off for Washington... unless YOU stop them. Destroy all the silos in the complex with
			your long-range turret gun before the timer runs out. If you complete this mission, you'll win the
			Congressional Medal of Honor... along with 10,000 bonus points and a bonus life.

			If the timer runs out before you destroy all the silos, you still have a chance to prevent disaster. In the
			seconds before impact, dock your supertank at a silo, enter the War Room, and guess the fail-safe code that
			disarms the missiles: The code is some combination of the letters L, E, and O... for example, ELL, OOO, or
			OLE. Succeed and you win 10,000 bonus points and a bonus life. Fail and... well, you'll find out.</story>
	</game>
	<game name="David Crane's Pitfall II - Lost Caverns (USA)">
		<description>David Crane's Pitfall II - Lost Caverns (USA)</description>
		<year>1994</year>
		<manufacturer>David Crane</manufacturer>
		<publisher>Activision</publisher>
		<score>3.9</score>
		<genre>Platform</genre>
		<players>1</players>
		<story>Pitfall Harry has unlimited time and lives, making it impossible to "lose" the game; when Harry touches a
			dangerous creature, he simply loses points as he floats back to the last continue point (marked with a red
			cross) he touched.</story>
	</game>
	<game name="Defender (USA)">
		<description>Defender (USA)</description>
		<year>1982</year>
		<manufacturer>Atari</manufacturer>
		<publisher>Atari</publisher>
		<score>3.0</score>
		<genre>Shooter</genre>
		<players>2</players>
		<story>Defender is a two-dimensional, side-scrolling shooting game set on the surface of an unnamed planet. The
			player controls a space ship as it navigates the terrain, flying either to the left or right. A joystick
			controls the ship's elevation, and five buttons control its horizontal direction and weapons. The object is
			to destroy alien invaders, while protecting astronauts on the landscape from abduction. Humans that are
			successfully abducted return as mutants that attack the ship. Defeating the aliens allows the player to
			progress to the next level. Failing to protect the astronauts, however, causes the planet to explode and the
			level to become populated with mutants. Surviving the waves of mutants results in the restoration of the
			planet. Players are allotted three chances (lives) to progress through the game and are able to earn more by
			reaching certain scoring benchmarks.</story>
	</game>
	<game name="Dig Dug (USA)">
		<description>Dig Dug (USA)</description>
		<year>1983</year>
		<manufacturer>Namco</manufacturer>
		<publisher>Atari</publisher>
		<score>3.5</score>
		<genre>Action</genre>
		<players>2</players>
		<story>The objective of Dig Dug is to eliminate underground-dwelling monsters by inflating them until they pop,
			or by dropping rocks on them. There are two kinds of enemies in the game:
			Pookas - A race of round red monsters (said to be modeled after tomatoes) who wear yellow goggles.
			Fygars - A race of green dragons who can breathe fire.
			The player's character is Dig Dug, dressed in white and blue, and able to dig tunnels through destructible
			environments. Dig Dug is killed if he is caught by either Pooka or Fygar, burned by a Fygar's fire, or
			crushed by a rock.
			A partially inflated monster will gradually deflate and recover after a few seconds, during which time the
			player can pass safely through it. The monsters normally crawl through the tunnels in the dirt but can turn
			into ghostly eyes and travel slowly through the dirt. The last enemy on a level will try to escape off the
			top left of the screen.
			More points are awarded for popping an enemy further down in the dirt (the levels are color-coded). In
			addition, Fygars are worth double points if exploded horizontally, since they can only breathe fire
			horizontally in the direction they are facing. Extra points are also awarded for dropping rocks on enemies
			in order to eliminate them rather than inflating them. If one enemy is killed by the rock, it is worth 1000
			points. The next two add 1500 points each, and any after that add 2000. The act of digging is itself worth
			points, giving 10 points for each block dug, so some players do as much of it as possible in situations
			where the threat from the remaining monsters is minimal.
			After the player drops two rocks, fruits and vegetables and other edible bonus items, such as Galaxian
			flagships appear in the center of the play field, and can be collected for points if the player is able to
			reach them before they disappear. These edible bonus items will appear even if the rocks fail to hit any
			enemies. In some versions of the game, the most points attainable from a single bonus fruit is 8,000 from
			the pineapple.</story>
	</game>
	<game name="Dreadnaught Factor, The (USA)">
		<description>Dreadnaught Factor, The (USA)</description>
		<year>1984</year>
		<manufacturer>Activision</manufacturer>
		<publisher>Activision</publisher>
		<score>3.5</score>
		<genre>Action</genre>
		<players>1</players>
		<story>The Zorban Dreadnaughts are spaceships that are 140,000 feet long and weigh 970 megatons, making them the
			largest, most heavily armoured spaceships ever created. A fleet of these large battlecraft are now heading
			towards your home planet, and it is your job to stop them! The game is played from a side scrolling overhead
			point of view as your small but agile spaceship flies past the dreadnaughts. On each pass your spaceship
			makes, you need to try and bomb as many of the energy vents as possible. When all energy vents on a
			dreadnaught are destroyed, that dreadnaught will explode. Time is limited, though, and if you make too many
			passes to destroy the energy vents the dreadnaught will be within firing range of your home planet and will
			destroy it. Each of the dreadnaughts are heavily armed; guns, canons, missiles, and other weapons are
			located on each dreadnaught and will be trying their best to end your mission. Multiple skill levels are
			included which alter the number of dreadnaughts you must destroy, as well as their speed and firing
			capabilities.</story>
	</game>
	<game name="Frogger (USA)">
		<description>Frogger (USA)</description>
		<year>1983</year>
		<manufacturer>Sega Enterprises</manufacturer>
		<publisher>Parker Brothers</publisher>
		<score>3.2</score>
		<genre>Action</genre>
		<players>2</players>
		<story>Your task in this arcade conversion is to guide a frog across a treacherous road and river, and to safety
			at the top of the screen. Both these sections are fraught with a variety of hazards, each of which will kill
			the frog and cost you a life if contact is made.</story>
	</game>
	<game name="Frogger II - Threeedeep! (USA)">
		<description>Frogger II - Threeedeep! (USA)</description>
		<year>1984</year>
		<manufacturer>Parker Brothers</manufacturer>
		<publisher>Parker Brothers</publisher>
		<score>2.9</score>
		<genre>Action</genre>
		<players>1</players>
		<story>In Frogger II, you need to guide your frog to safety in three different locations. Starting out
			underwater, reach the top of the pond while avoiding dangerous alligators and fish (you can ride a turtle
			for safety!). Once on top of the pond, hop across logs, birds, and even a whale to the life preserver
			trailing behind a tugboat. In the third location you have to hop across a flock of birds to reach a cloud at
			the top of the screen. Each frog has a time limit to safely reach one of the homes on each of the three
			screens. You move on to the next level when a frog has safely reached each of the homes on all screens.
		</story>
	</game>
	<game name="Galaxian (USA)">
		<description>Galaxian (USA)</description>
		<year>1982</year>
		<manufacturer>Namco</manufacturer>
		<publisher>Atari</publisher>
		<score>3.4</score>
		<genre>Shooter</genre>
		<players>2</players>
		<story>Galaxian expanded on the formula pioneered by Space Invaders. As in the earlier game, Galaxian featured a
			horde of attacking aliens that exchanged shots with the player. In contrast to Space Invaders, Galaxian
			added an element of drama by having the aliens periodically make kamikaze-like dives at the player's ship,
			the Galaxip.</story>
	</game>
	<game name="Gorf (USA)">
		<description>Gorf (USA)</description>
		<year>1983</year>
		<manufacturer>Bally Manufacturing Corporation</manufacturer>
		<publisher>CBS Electronics</publisher>
		<score>2.1</score>
		<genre>Shooter</genre>
		<players>2</players>
		<story>The game itself consists of four levels:
			•The first level has you behind a defensive shield, defending against an alien attack. The level is a
			top-down view, with your ship &amp; shield on one side and the aliens on the other side;

			•The second level is similar to the first, only your defensive shield is gone, and the enemies tend to swoop
			down over the level as opposed to those row formations. Bonus ships also tend to appear in this level;

			•The third level is a change, and has you entering hyperspace. Your only goal is to survive to the end of
			your journey. The viewpoint switches from a top-down view to a behind-the-ship view and in effect you are
			heading "towards" your destination. Alien vessels flying in circular formation try to stop you;

			•The fourth and final level is similar to the first again, with some key differences. You do not fight a
			wave of enemies, but a single one. A mothership with a glowing weak spot. Hitting the weak spot will
			instantly destroy it. The mothership also has that same shield that was yours in the first level.</story>
	</game>
	<game name="Gremlins (USA)">
		<description>Gremlins (USA)</description>
		<year>1986</year>
		<manufacturer>Atari</manufacturer>
		<publisher>Atari</publisher>
		<score>3.3</score>
		<genre>Action</genre>
		<players>2</players>
		<story>Gremlins is an action game based on the Steven Spielberg movie of the same name. The game takes place
			just after midnight when there are Gremlins and Mogwai running around Billy's living room!
			You control Billy from a 3rd person point of view. On each level, your goal is to catch all of the Mogwai
			and return them to their cage (located in the upper right corner of the screen) and to destroy all of the
			Gremlins with a sword. Each level has a time limit - at 6:00 am when the sun rises. You move on to the next
			level by completing your tasks or just surviving until 6:00, although more points are awarded for the
			former. You will also receive bonus points for each Mogwai returned to the cage.
			On many of the levels there will be various types of food lying about the screen. If a Mogwai eats any food,
			it will turn into a gremlin. There may also be puddles of water; if a Gremlin or Mogwai runs into the water,
			it will split into two. Some levels also contain a refrigerator or popcorn machine which will throw food out
			onto the screen, or a television which will distract the Gremlins.
			You also begin the game with a limited number of flash cubes; if you get into trouble, you can use these to
			temporarily stun all of the Gremlins and Mogwai. As the levels progress gameplay becomes faster and the
			Gremlins and Mogwai more numerous.</story>
	</game>
	<game name="Gyruss (USA)">
		<description>Gyruss (USA)</description>
		<year>1984</year>
		<manufacturer>Parker Brothers</manufacturer>
		<publisher>Parker Brothers</publisher>
		<score>3.7</score>
		<genre>Shooter</genre>
		<players>2</players>
		<story>Three billion miles is a long way from home. But there's no shorter route from outer Neptune to Earth. As
			if that weren't enough...it's got to be a shoot-out all the way. You alone in your rapid-firing spaceship,
			swirling in a circular flight pattern...orbiting to the right...arcing to the left...trying to mow down wave
			after wave of enemy plane formations, rocketing meteors and run-away satellites. Stops at Uranus, Saturn,
			Jupiter, and Mars will mark your progression towards Earth. Each one's a short visit, though. Then it's off
			again to the next planet--and the next wave of enemies. Reach Earth in one piece and maybe you'll think
			twice about leaving home. Then again...maybe not!</story>
	</game>
	<game name="H.E.R.O. (USA)">
		<description>H.E.R.O. (USA)</description>
		<year>1984</year>
		<manufacturer>Activision</manufacturer>
		<publisher>Activision</publisher>
		<score>3.2</score>
		<genre>Action</genre>
		<players>1</players>
		<story>There is trouble in the mines! Volcanic activity has trapped numerous miners, and it is your job to save
			them. As Roderick Hero, you need to make your way through the dangerous mineshaft avoiding the dangerous
			creatures and lava, and find out where the miners are located before you run out of energy. To help on your
			mission, Roderick Hero has several useful types of equipment. A prop pack will allow you to hover and fly
			around the mineshaft and (hopefully) avoid the many dangers within. Your helmet features a short range
			microlaser beam which can be used to destroy the bats, spiders, snakes, and other creatures you'll encounter
			in the mines. From time to time, your path through the mine may be blocked by stone or lava walls. You begin
			each mission with six sticks of dynamite which can be used to destroy these obstacles (be careful you don't
			blow yourself up, though!) If you run out of dynamite, your laser beam can also be used to destroy the
			walls, though this will take longer and use up more energy. As the levels progress, the mine shaft will
			become longer and more maze-like, creatures will more frequently block the path, and lava walls and pools
			will appear which are dangerous to the touch.</story>
	</game>
	<game name="James Bond 007 (USA)">
		<description>James Bond 007 (USA)</description>
		<year>1984</year>
		<manufacturer>Parker Brothers</manufacturer>
		<publisher>Parker Brothers</publisher>
		<score>3.2</score>
		<genre>Action</genre>
		<players>1</players>
		<story>When it comes to fast-paced action and intrigue, nobody does it better than Bond. James Bond.
			But you can try when you reenact scenes from four great James Bond movie classics.
			007's specially designed vehicle will take you on the ride of your life--over land, in the air, and under
			the sea! Through it all you must avoid obstacles, avert enemies, and accomplish four different missions!
		</story>
	</game>
	<game name="Joust (USA)">
		<description>Joust (USA)</description>
		<year>1983</year>
		<manufacturer>Williams</manufacturer>
		<publisher>Atari, Inc.</publisher>
		<score>3.7</score>
		<genre>Platform</genre>
		<players>2</players>
		<story>In Joust, players take control of a knight with a lance who rides their flying ostrich (or stork, for
			Player 2) to do battle against computer-controlled evil knights who ride atop vultures.

			Players must flap their steed's wings to hit the enemy from a higher jousting point to destroy the vulture
			and its rider. Once the enemy has been hit, an egg falls to one of the platforms below. The heroic knights
			must destroy the eggs before they hatch and release new and increasingly more difficult knights. The three
			strengths of enemy knights are Bounder (red knight), Hunter (white knight), and Shadow Lord (blue knight).
			These enemy knights are not the only challenge to be found in the game. Players must also contend with
			crumbling platforms, lava trolls who attempt to pull knights into the fire, and the dreaded "unbeatable"(?)
			pterodactyl.</story>
	</game>
	<game name="Jungle Hunt (USA)">
		<description>Jungle Hunt (USA)</description>
		<year>1982</year>
		<manufacturer>Taito</manufacturer>
		<publisher>Atari, Inc.</publisher>
		<score>3.4</score>
		<genre>Action;Platform</genre>
		<players>2</players>
		<story>Jungle Hunt offers four unique adventure experiences, which repeat with greater difficulty once all four
			have been survived. If you don't survive these adventures, you will not only lose your own life but that of
			the lovely Penelope, who has been captured by cannibals!

			The first part challenges your Tarzan skills - can you swing on the vines without plummeting to your doom?
			The second part pits you against a whole bunch of nasty crocodiles in a mighty river. Fortunately, you have
			a knife to fight back with. Don't forget to go up for air! In the third part, you face a battle against
			oncoming boulders of varying sizes and physics. Once you've cleared all these treacherous hazards, you still
			must confront the dreaded cannibal, who is armed with a wicked spear. Can you get past him and save the
			lovely Penelope?</story>
	</game>
	<game name="K-Razy Shoot-Out (USA)">
		<description>K-Razy Shoot-Out (USA)</description>
		<year>1983</year>
		<manufacturer>K-Byte</manufacturer>
		<publisher>CBS Electronics</publisher>
		<score>3.1</score>
		<genre>Action</genre>
		<players>1</players>
		<story>K-Razy Shootout is an arcade action game similar to Berzerk. You are in a maze filled with dangerous
			robots. Your goal is to shoot as many of the robots as you can to earn points. If you collide with a robot,
			robot fire, or the maze walls you lose a life. The game ends when all of your reserve lives have been lost.
			Each sector of the game has a timer bar; if you complete a sector while the bar is in the green or yellow
			section, bonus points are earned. If the timer runs out, you lose a life. Each sector will have one or more
			exits in the maze; you may exit a maze at any time, but if you leave before all of the robots are destroyed
			then you will have to go back two sectors.</story>
	</game>
	<game name="Kaboom! (USA)">
		<description>Kaboom! (USA)</description>
		<year>1983</year>
		<manufacturer>Activision</manufacturer>
		<publisher>Activision</publisher>
		<score>2.3</score>
		<genre>Action</genre>
		<players>1</players>
		<story>Kaboom! is an unauthorized adaptation of the 1978 Atari coin-op Avalanche that was re-themed to be about
			a character known as the "Mad Bomber" who's randomly dropping bombs across the screen. The player uses a
			paddle controller to move buckets back and forth near the bottom of the screen to catch the bombs before
			they reach the bottom. As the game progresses, the Mad Bomber traverses the top of the screen much more
			erratically, dropping bombs at increasingly higher speeds, making each of the seven higher levels more
			difficult.

			Kaboom! was well-received and successful commercially, selling over one million cartridges by 1983.</story>
	</game>
	<game name="Kangaroo (USA)">
		<description>Kangaroo (USA)</description>
		<year>1982</year>
		<manufacturer>Atari</manufacturer>
		<publisher>Atari</publisher>
		<score>2.8</score>
		<genre>Platform</genre>
		<players>1</players>
		<story>Baby Roo has been kidnapped by monkeys, and it's up to Mama Roo to come to the rescue! Your kangaroo
			starts out at the bottom of the screen. You need to guide the kangaroo up the various ladders and platforms
			to the top where Baby Roo is being held captive. The monkeys will be trying to stop you by throwing or
			dropping apples and knocking you off the platforms. Your kangaroo has boxing gloves, however, and can knock
			out the monkeys with a single punch! Along the way various types of fruit can be collected to earn bonus
			points.</story>
	</game>
	<game name="Keystone Kapers (USA)">
		<description>Keystone Kapers (USA)</description>
		<year>1984</year>
		<manufacturer>Activision, Inc.</manufacturer>
		<publisher>Activision, Inc.</publisher>
		<score>4.1</score>
		<genre>Action</genre>
		<players>1</players>
		<story>Keystone Kapers is a video game published by Activision for the Atari 2600 in 1983, and later ported to
			the Atari 5200, Atari 8-bit family, ColecoVision, and MSX. Inspired by Mack Sennett's slapstick Keystone
			Cops series of silent films, the object of the game is for Officer Keystone Kelly (the player) to catch
			Harry Hooligan before he can escape from a department store.</story>
	</game>
	<game name="Mario Bros. (USA)">
		<description>Mario Bros. (USA)</description>
		<year>1983</year>
		<manufacturer>Nintendo</manufacturer>
		<publisher>Nintendo</publisher>
		<score>3.3</score>
		<genre>Platform</genre>
		<players>2</players>
		<story>Mario Bros. features two plumbers, Mario and Luigi, having to investigate the sewers of New York after
			strange creatures have been appearing down there. The objective of the game is to defeat all of the enemies
			in each phase. The mechanics of Mario Bros. involve only running and jumping.</story>
	</game>
	<game name="MegaMania (USA)">
		<description>MegaMania (USA)</description>
		<year>1983</year>
		<manufacturer>Activision</manufacturer>
		<publisher>Activision</publisher>
		<score>3.1</score>
		<genre>Action</genre>
		<players>2</players>
		<story>MegaMania is an arcade action game with gameplay similar to Space Invaders. You control a spaceship at
			the bottom of the screen and need to defend yourself from numerous waves of attackers. But in MegaMania, the
			attackers much more bizarre than invading aliens. There are hamburgers, diamonds, steam irons, bow ties,
			space dice, and more! You need to earn points by destroying as many of these strange attackers as you can
			before your energy supply becomes depleted.</story>
	</game>
	<game name="Meteorites (USA)">
		<description>Meteorites (USA)</description>
		<year>1983</year>
		<manufacturer>Electra Concepts</manufacturer>
		<publisher>Electra Concepts</publisher>
		<score>1.5</score>
		<genre>Action</genre>
		<players>2</players>
		<story>Meteorites is an arcade action game featuring gameplay similar to Asteroids. You control a spaceship
			surrounded by numerous asteroids; your goal is to destroy them! Each time you shoot an asteroid, it will
			break up into smaller asteroids. Eventually the pieces will be small enough that you can destroy them. When
			you have destroyed all of the asteroids, you will move on to the next, more difficult level. To make the
			game more difficult, a flying saucer will also appear from time to time and try to shoot your spaceship. To
			get out of trouble quickly, your spaceship also may enter hyperspace transporting you to a new location on
			the screen. Be careful, though, sometimes the new location is worse than the one you left!</story>
	</game>
	<game name="Miner 2049er Starring Bounty Bob (USA)">
		<description>Miner 2049er Starring Bounty Bob (USA)</description>
		<year>1983</year>
		<manufacturer>Big Five Software</manufacturer>
		<publisher>Big Five Software</publisher>
		<score>4.2</score>
		<genre>Action</genre>
		<players>1</players>
		<story>Miner 2049er is a platform video game created by Bill Hogue that was released in 1982 by Big Five
			Software. It was developed for the Atari 8-bit family and widely ported to other systems. The game was
			licensed in conjunction with International Computer Group.[citation needed] At the time of its release,
			Miner 2049er was notable for having ten different screens, which was a large number for a platform
			game.[1][2] For comparison, the Donkey Kong arcade game had four screens, and many home ports didn't include
			all of them. The title "Miner 2049er" evoked a 21st-century take on the California Gold Rush of around 1849,
			in which the gold miners and prospectors were nicknamed "49ers."[3]

			Unlike most of the home computer versions, Miner 2049er for the Atari 8-bit family was released on 16K ROM
			cartridge with the high price, for 1982, of US$49.95.[4]</story>
	</game>
	<game name="Missile Command (USA)">
		<description>Missile Command (USA)</description>
		<year>1982</year>
		<manufacturer>Atari</manufacturer>
		<publisher>Atari</publisher>
		<score>3.3</score>
		<genre>Shooter</genre>
		<players>2</players>
		<story>The game is played by moving a crosshair across the sky background and launch a counter-missile from the
			appropriate battery. Counter-missiles explode upon reaching the crosshair, leaving a fireball that persists
			for several seconds and destroys any enemy missiles that enter it. There are three batteries, each with ten
			missiles; a missile battery becomes useless when all its missiles are fired, or if the battery is destroyed
			by enemy fire. The missiles of the central battery fly to their targets at much greater speed; only these
			missiles can effectively kill a smart bomb at a distance.</story>
	</game>
	<game name="Montezuma's Revenge - Featuring Panama Joe (USA)">
		<description>Montezuma's Revenge - Featuring Panama Joe (USA)</description>
		<year>1984</year>
		<manufacturer>Utopia</manufacturer>
		<publisher>Parker Brothers</publisher>
		<score>4.0</score>
		<genre>Platform</genre>
		<players>1</players>
		<story>The player controls a on-screen character called Panama Joe, moving him from room to room in the
			labyrinthine underground of the 16th century Aztec temple of emperor Montezuma II, filled with enemies,
			obstacles, traps, and dangers. The objective is to score points by gathering jewels along the way. Panama
			Joe must find keys to open doors, collect and use equipment such as torches, swords, amulets, etc. without
			losing his life. Obstacles are laser gates, conveyor belts, disappearing floors and fire pits.</story>
	</game>
	<game name="Moon Patrol (USA)">
		<description>Moon Patrol (USA)</description>
		<year>1983</year>
		<manufacturer>Irem Corp.</manufacturer>
		<publisher>Atari, Inc.</publisher>
		<score>3.1</score>
		<genre>Shooter</genre>
		<players>2</players>
		<story>The player takes the role of a Luna City police officer assigned to Sector Nine, the home of the
			"toughest thugs in the galaxy."
			The top portion of the screen shows a timeline-style map of the current course, and three indicator lights.
			The top light indicates upcoming enemy aerial attacks, the middle one indicates an upcoming minefield, and
			the bottom one indicates enemies approaching from behind.
			The map shows five different checkpoints labeled E, J, O, T and Z. Similar to racing games, the time spent
			during between each checkpoint is compared to the average which determines the number of bonus points
			allocated to the player. The game contains two courses, the regular and champion course; after completing
			the first course your buggy's color changes from pink to red and the game continues on.</story>
	</game>
	<game name="Mountain King (USA)">
		<description>Mountain King (USA)</description>
		<year>1983</year>
		<manufacturer>E.F. Dreyer, Inc.</manufacturer>
		<publisher>CBS Electronics</publisher>
		<score>4.0</score>
		<genre>Action</genre>
		<players>1</players>
		<story>Deep within a multi platformed diamond mine is a valuable crown. Your goal is to locate and retrieve the
			crown, then make it to the top of the mine alive! There are several steps that need to be completed before
			you can retrieve the crown. First you need to collect enough diamonds to earn 1,000 points. After you have
			enough points, you need to locate the flame spirit which is hidden somewhere within the mine. Since the mine
			is rather dark, you carry a flashlight with you which can be used to locate objects (such as treasure chests
			full of diamonds and the flame spirit.) Once you have the flame spirit, you need to find the entrance to the
			temple the crown is in. Offer the flame spirit to the skull spirit guarding the entrance, and you can get in
			and take the crown. Once you have the crown, you need to make it to the top of the mine before time runs
			out. To make this task more challenging, numerous cave bats fly around which can steal the crown. If this
			happens, you need to begin again! At the very bottom of the mine is a deadly spider; if you're not careful
			while exploring this region of the mine, you could become caught in it's web and be eaten. Each level has a
			time limit, and the more levels you complete the shorter the time limit becomes!</story>
	</game>
	<game name="Mr. Do!'s Castle (USA)">
		<description>Mr. Do!'s Castle (USA)</description>
		<year>1984</year>
		<manufacturer>Universal Co., Ltd.</manufacturer>
		<publisher>Parker Brothers</publisher>
		<score>2.8</score>
		<genre>Platform</genre>
		<players>1</players>
		<story>Mr. Do's Castle is an arcade game created by Universal in September 1983. The Asian title of the game is
			Mr. Do! versus Unicorns. Though marketed as a sequel to the original Mr. Do! released one year earlier, the
			game bears a far closer resemblance to Space Panic. It is the second of the Mr. Do series of video games,
			although it wasn't intended to be. It began life as a game called "Knights vs. Unicorns", but the U.S.
			division of Universal persuaded the Japanese arm to modify the graphics into a Mr. Do! game, taking into
			account the first game's popularity.</story>
	</game>
	<game name="Ms. Pac-Man (USA)">
		<description>Ms. Pac-Man (USA)</description>
		<year>1983</year>
		<manufacturer>Midway Manufacturing Company</manufacturer>
		<publisher>Atari, Inc.</publisher>
		<score>4.2</score>
		<genre>Action</genre>
		<players>2</players>
		<story>The gameplay of Ms. Pac-Man is largely identical to that of the original Pac-Man. The player gathers
			points by eating dots and avoiding ghosts (contact with one loses a life). Power-pellets or energizers
			change the ghosts, which reverse their course and can be eaten for bonus points. Fruit bonuses can be
			consumed for increasing point values, twice per level.</story>
	</game>
	<game name="Pac-Man (USA)">
		<description>Pac-Man (USA)</description>
		<year>1982</year>
		<manufacturer>Namco</manufacturer>
		<publisher>Atari</publisher>
		<score>4.0</score>
		<genre>Action</genre>
		<players>2</players>
		<story>The player controls Pac-Man through a maze, eating pac-dots. When all dots are eaten, Pac-Man is taken to
			the next stage, between some stages one of three intermission animations plays. Four enemies (Blinky, Pinky,
			Inky and Clyde) roam the maze, trying to catch Pac-Man. If an enemy touches Pac-Man, a life is lost. When
			all lives have been lost, the game ends.</story>
	</game>
	<game name="Pengo (USA)">
		<description>Pengo (USA)</description>
		<year>1983</year>
		<manufacturer>Sega Enterprises Ltd.</manufacturer>
		<publisher>Atari, Inc.</publisher>
		<score>3.3</score>
		<genre>Action</genre>
		<players>2</players>
		<story>The player uses a joystick and a single button as controls. Pressing the button while pushing the
			joystick will cause Pengo to push forward the ice block he is facing, which will slide until it hits a wall
			or another ice block, crushing any intervening Sno-Bees. Crushing more than one Sno-Bee at once will
			increase the number of points awarded. There are a total of sixteen levels, which repeat in order starting
			on the seventeenth round.
			As the player crushes those on patrol, new Sno-Bees hatch from eggs located within ice blocks. At the start
			of each level, blocks that contain these eggs are briefly identified by flashing the color of that level's
			Sno-Bees. Eggs can be eliminated by crushing the ice blocks that contain them. If Pengo pushes a side wall
			the water "vibrates", any adjacent Sno-Bees will be briefly stunned, and are eliminated (for 100 points) if
			Pengo walks over them in this state. Eliminating all Sno-Bees in a round will progress the player to the
			next.
			Diamond blocks are unbreakable; when connected in a horizontal or vertical line the player earns bonus
			points: 10,000 points if aligned without being against a wall or if only one diamond block is touching a
			wall, 5,000 points if all three are against the wall. Alignment will also temporarily stun all Sno-Bees.
			After 60 seconds elapse in a round without a death, the game enters into sudden death mode; the music tempo
			and movement of the Sno-Bees accelerates. If a single Sno-Bee remains in the round, a jingle plays and the
			Sno-Bee accelerates in an attempt to reach a corner where it safely fades away.
			The game will always start with the same maze on power up. Once the game has gone through the attract mode,
			the maze will change.</story>
	</game>
	<game name="Pitfall! (USA)">
		<description>Pitfall! (USA)</description>
		<year>1983</year>
		<manufacturer>Activision</manufacturer>
		<publisher>Activision</publisher>
		<score>3.0</score>
		<genre>Action</genre>
		<players>1</players>
		<story>The player must maneuver a character known as Pitfall Harry through a maze-like jungle in an attempt to
			recover 32 treasures in a 20-minute time period. Along the way, he must negotiate numerous hazards,
			including pits, quicksand, rolling logs, fire, rattlesnakes, scorpions, and crocodiles. Harry may jump over
			or otherwise avoid these obstacles by climbing, running, or swinging on a vine to avoid them. Treasure
			includes gold and silver bars, diamond rings, and bags of money. Under the jungle there is a tunnel which
			Harry can access through ladders found at various places. This is required to get around some surface areas
			that have no way across otherwise. The tunnels are filled with dead-ends blocked by brick walls, forcing the
			player return to the surface at one of the ladders, and try to find a way around again. The tunnels also
			contain treasure and scorpions Harry must jump over.</story>
	</game>
	<game name="Pole Position (USA)">
		<description>Pole Position (USA)</description>
		<year>1983</year>
		<manufacturer>Namco Limited</manufacturer>
		<publisher>Atari, Inc.</publisher>
		<score>3.9</score>
		<genre>Racing</genre>
		<players>1</players>
		<story>In this game, the player controls a Formula One race car. The player completes a time trial lap within a
			certain amount of time to qualify for an F1 race at the Fuji Racetrack. After qualifying, the player races
			against other cars in a championship race.</story>
	</game>
	<game name="Popeye (USA)">
		<description>Popeye (USA)</description>
		<year>1984</year>
		<manufacturer>Nintendo Co., Ltd.</manufacturer>
		<publisher>Parker Brothers</publisher>
		<score>3.5</score>
		<genre>Platform</genre>
		<players>2</players>
		<story>As Popeye, you are trying to win Olive Oyl's love! She is at the top of the screen dropping tokens of her
			love, and you need to collect them before they hit the ground. After you have collected the required number
			of items, you can move on to the next, more difficult level. There are many obstacles trying to stop you
			from completing your task, though! Brutus wanders around the screen and is constantly trying to catch you.
			If you collect a can of spinach, you can temporarily knock him out, otherwise Brutus will knock you out.
			Other objects such as bottles or birds are also flying around the screen and will cause you to lose one of
			your lives if you are hit. Each level features a different layout of platforms and ladders, and will have
			you collecting different items as they float towards the bottom of the screen!</story>
	</game>
	<game name="Q-bert (USA)">
		<description>Q-bert (USA)</description>
		<year>1983</year>
		<manufacturer>D. Gottlieb &amp; Co.</manufacturer>
		<publisher>Parker Brothers</publisher>
		<score>3.8</score>
		<genre>Platform</genre>
		<players>2</players>
		<story>Q*bert is an isometric platform game with puzzle elements where the player controls the titular
			protagonist from a third-person perspective. Q*bert starts each game at the top of a pyramid of cubes, and
			moves by jumping diagonally from cube to cube. Landing on a cube causes it to change color, and changing
			every cube to the target color allows the player to progress to the next stage.</story>
	</game>
	<game name="QIX (USA)">
		<description>QIX (USA)</description>
		<year>1982</year>
		<manufacturer>Taito</manufacturer>
		<publisher>Atari, Inc.</publisher>
		<score>2.8</score>
		<genre>Action</genre>
		<players>2</players>
		<story>In this game, you guide a marker which must draw rectangles and other weird objects in order to claim
			your territory, and you can either draw these rectangles fast or slow. Drawing the rectangles using the
			"slow" method awards you the most points. Once a rectangle has been made, it will be colored in to show that
			you have claimed your territory. While drawing the rectangles, you need to watch out for Qix (pronounced
			"kicks"), a series of colored lines that crawl the screen. In addition to Qix, you also need to avoid the
			Sparks who travel around the border, as well as any lines that you have made, as well as The Fuse, who
			travels along the line that you are drawing. Once you have claimed enough territory, you proceed to the next
			level.</story>
	</game>
	<game name="Quest for Quintana Roo (USA)">
		<description>Quest for Quintana Roo (USA)</description>
		<year>1984</year>
		<manufacturer>VSS, Inc.</manufacturer>
		<publisher>Sunrise Software</publisher>
		<score>2</score>
		<genre>Action</genre>
		<players>1</players>
		<story>Help Yucatan Sam explore the dozens of terror filled chambers that create the mystical temple of the
			Mayan god Quintana Roo. You must use your supplies as well as your cat-like reactions to avoid the sleeping
			snakes, overcome the mummy's curse, and eliminate the other adversaries while attempting to solve the
			mystery that will deliver the hidden treasure to you and Yucatan Sam. Since a different solution is required
			each time the game is started, you will be assured hours of mind-challenging, reflex-testing entertainment.
		</story>
	</game>
	<game name="RealSports Baseball (USA)">
		<description>RealSports Baseball (USA)</description>
		<year>1983</year>
		<manufacturer>Atari</manufacturer>
		<publisher>Atari</publisher>
		<score>2</score>
		<genre>Sports</genre>
		<players>2</players>
		<story>Join the Atari Aces in the World Series of video baseball--RealSports
			BASEBALL! It's a hot day in the ballpark--you can see the hot dog and soda
			pop vendors making their way up and down the bleachers. The crowd roars after
			each pitch, and filling the stadium is the sound of "STEERIKE! YOU'RE OUT!"
			Down on the field it's a different story--just you and the pitcher facing each
			other in an enormous diamond of brown and green.
			The roar of the spectators fades into the distance as the pitcher winds up.
			His arm arches back, his leg goes up, and...THUNK! The ball flashes by and
			hits the catcher's glove at 90 miles an hour. "STEERIKE!" Another windup,
			another 90 mile an hour fastball, and "STEERIKE TWO!" Gripping the bat
			tightly, you stare down at the pitcher, see him wind up, and watch as the ball
			seems to float in slow motion down the field toward you. Everything falls
			into place as you swing with perfect timing, feel the contact, and see the
			ball sail over the right fielders outstretched glove and over the wall. HOME
			RUN!</story>
	</game>
	<game name="RealSports Basketball (USA)">
		<description>RealSports Basketball (USA)</description>
		<year>1983</year>
		<manufacturer>Patrick Bass</manufacturer>
		<publisher>Atari</publisher>
		<score>2.5</score>
		<genre>Sports</genre>
		<players>2</players>
		<story>There are two significantly different versions of Realsports Basketball for the Atari 5200, both
			programmed by Patrick Bass. This version is what would become the final version of the game, which seems
			fairly complete, including easter eggs. However, like the Atari 2600 game of the same name, Realsports
			Basketball was never released for sale. It's unknown why Atari programmed two different versions of the
			game.

			Sadly, Patrick Bass died in an automobile crash in 1998. Patrick's brother, Ben Bass, worked with Ken Van
			Mersbergen to ensure this final version of the game would be shared with the public.</story>
	</game>
	<game name="RealSports Football (USA)">
		<description>RealSports Football (USA)</description>
		<year>1982</year>
		<manufacturer>Atari, Inc.</manufacturer>
		<publisher>Atari, Inc.</publisher>
		<score>2</score>
		<genre>Sports</genre>
		<players>2</players>
		<story>RealSports Football is a 1982 football video game made by Atari for the Atari 2600, Atari 5200 and Atari
			8-bit computer platforms.

			RealSports Football presents a greatly simplified version of football for play. Players in the game cannot
			go out of bounds or fumble the football, and there are no penalties in the game. Also, touchdowns
			automatically score 7 points; there is no kicking for extra points.</story>
	</game>
	<game name="RealSports Soccer (USA)">
		<description>RealSports Soccer (USA)</description>
		<year>1983</year>
		<manufacturer>Atari</manufacturer>
		<publisher>Atari</publisher>
		<score>1.7</score>
		<genre>Sports</genre>
		<players>2</players>
		<story>Hi, soccer fans! Here's Atari's new life-like three-dimensional SOCCER with the most exciting games
			you'll ever experience outside a stadium. Beat the computer, trounce the visiting team, or cheer from the
			stands as the computer plays against itself in Auto-Play mode. Halves last from 5 to 45 minutes and there
			are 4 skill levels.</story>
	</game>
	<game name="RealSports Tennis (USA)">
		<description>RealSports Tennis (USA)</description>
		<year>1983</year>
		<manufacturer>Atari</manufacturer>
		<publisher>Atari</publisher>
		<score>1.7</score>
		<genre>Sports</genre>
		<players>2</players>
		<story>RealSports Tennis is a tennis game for two players or one player against the computer. The game follows
			standard tennis rules, and allows you to hit forehand or backhand shots to all areas of the court as well as
			serves and lobs. You can play a game of singles or doubles, and multiple skill levels are included.</story>
	</game>
	<game name="Rescue on Fractalus! (USA)">
		<description>Rescue on Fractalus! (USA)</description>
		<year>1986</year>
		<manufacturer>Lucasfilm Games LLC</manufacturer>
		<publisher>Atari Corporation</publisher>
		<score>2.2</score>
		<genre>Shooter</genre>
		<players>1</players>
		<story>The game utilizes fractal technology to create the craggy mountains of an alien planet, where the
			visibility was drastically reduced by the dense atmosphere. The player controls a fictional "Valkyrie" space
			fighter (converted for search and rescue duty) from a first-person view, attempting to land and pick up
			downed Ethercorps pilots. Some of these mountains hold anti-aircraft guns, which have to be avoided or
			destroyed. Due to the varied terrain, the direction finder has to be used to locate the pilots, whose visual
			beacons are often masked by mountain ridges.

			At higher levels, the enemy Jaggis begin flying kamikaze saucers. The mission area also moves into day/night
			boundaries. Night missions are particularly difficult, requiring diligent use of the altimeter to avoid
			crashing.

			Flying consumes fuel. The way to replenish this supply is to rescue downed pilots who bring their remaining
			fuel supplies on board.</story>
	</game>
	<game name="Robotron 2084 (USA)">
		<description>Robotron 2084 (USA)</description>
		<year>1983</year>
		<manufacturer>Williams Electronics</manufacturer>
		<publisher>Atari, Inc.</publisher>
		<score>2.8</score>
		<genre>Shooter</genre>
		<players>2</players>
		<story>You are a mutant human, who by some freak of nature has the ability to shoot energy pulses from his body
			in eight different directions! Your job is simple: save humanity from their own creation -- the ROBOTRONS!
			The gameplay is pretty unique for the time. You can move and fire in any of eight directions. You get thrown
			in a room with various evil baddies strewn about, you've got to kill all the robots while at the same time
			finding some way to grab humans and avoid death.</story>
	</game>
	<game name="Space Dungeon (USA)">
		<description>Space Dungeon (USA)</description>
		<year>1983</year>
		<manufacturer>Taito America Corporation</manufacturer>
		<publisher>Atari, Inc.</publisher>
		<score>4</score>
		<genre>Shooter</genre>
		<players>2</players>
		<story>In Space Dungeon for the Atari 5200, you are the commander of a space archaeological expedition,
			gathering up the scant remains of a distant planet. Your mission is to collect these treasures, which hold
			the key to the planet's destruction, and take them to a crystal-powered computer. Scientists believe that
			the information garnered from the cosmic chunks could save Earth from a fate similar to that of the
			destroyed planet.</story>
	</game>
	<game name="Space Invaders (USA)">
		<description>Space Invaders (USA)</description>
		<year>1982</year>
		<manufacturer>Atari, Inc.</manufacturer>
		<publisher>Atari, Inc.</publisher>
		<score>4</score>
		<genre>Shooter</genre>
		<players>2</players>
		<story>Space Invaders is a game in which the player controls a laser cannon by moving it horizontally across the
			bottom of the screen and firing at descending aliens.
			The aim is to defeat five rows of eleven aliens—some versions feature different numbers—that move
			horizontally back and forth across the screen as they advance towards the bottom of the screen. The player
			defeats an alien, and earns points, by shooting it with the laser cannon. As more aliens are defeated, the
			aliens' movement and the game's music both speed up.</story>
	</game>
	<game name="Space Shuttle - A Journey Into Space (USA)">
		<description>Space Shuttle - A Journey Into Space (USA)</description>
		<year>1983</year>
		<manufacturer>Activision</manufacturer>
		<publisher>Activision, Inc.</publisher>
		<score>2.7</score>
		<genre>Flight Simulator</genre>
		<players>1</players>
		<story>In Space Shuttle, you're the entire crew of America's pride and joy, the shuttle Orbiter. Climb into the
			cockpit, wait for the countdown, and follow the flight path precisely when you launch (and don't forget to
			separate the solid booster rockets and external tank on your way to orbit). Locate and rendezvous with a
			satellite in need of repair and re-launch it to the correct orbit, then make a fiery reentry through the
			atmosphere to return safely to Earth.

			Originally released for the Atari 2600, Activision's intricate Space Shuttle simulator fares much better on
			the Atari 5200 for one simple reason: the controller keypad. The 2600 edition required players to memorize a
			bewildering array of alternate uses for every switch and toggle on the console except the power switch,
			whereas those functions -- although still cryptically named in NASA-speak -- are much easier to access with
			the keypad and overlay.</story>
	</game>
	<game name="Star Raiders (USA)">
		<description>Star Raiders (USA)</description>
		<year>1982</year>
		<manufacturer>Atari, Inc.</manufacturer>
		<publisher>Atari, Inc.</publisher>
		<score>2.8</score>
		<genre>Shooter</genre>
		<players>1</players>
		<story>As the pilot of an interstellar starship, your mission is to destroy all enemy spacecraft on the galactic
			chart and prevent them from destroying your starbases. There are three different types of fighters roaming
			throughout the galaxy; cruisers, fighters, and basestars. With the help of your galactic map, you can find
			the sectors of the galaxy where these fighters are located and then warp there to destroy them. When all of
			the fighters in a sector are destroyed, you can warp to a new location for the next battle. Be sure to keep
			an eye on your starship's energy level; warping to new locations, being hit by enemy fire, or colliding with
			an asteroid will drain your energy. If you completely run out of energy, your starship will be destroyed,
			however you can warp back to a starbase to refuel at any time. Returning to a starbase will also repair
			other types of damage your starship can receive, such as faulty engines, loss of your shields, and faulty
			photon torpedoes. When all of the enemy ships have been destroyed, you win the game and receive a rank.
		</story>
	</game>
	<game name="Star Trek - Strategic Operations Simulator (USA)">
		<description>Star Trek - Strategic Operations Simulator (USA)</description>
		<year>1983</year>
		<manufacturer>Sega</manufacturer>
		<publisher>Sega</publisher>
		<score>2</score>
		<genre>Vehicle Simulation</genre>
		<players>1</players>
		<story>Star Trek: Strategic Operations Simulator is an arcade action game where you take control of the Starship
			Enterprise. Your mission is to save the Federation from NOMAD! Before you get a chance at destroying NOMAD,
			you'll have to battle your way through ten levels (each consisting of multiple rounds). In each round you
			may encounter Klingon fighters, deadly anti-matter saucers, asteroid fields, and deadly meteors, all of
			which are capable of depleting the Enterprises energy. The game ends when your energy supply has completely
			run out. To fight these dangers, the Enterprise is equipped with an unlimited supply of phasers and a
			limited supply of photon torpedoes. Each round also contains one or more starbases; if you dock at a
			starbase, some of your supplies (such as energy and torpedoes) will be replenished. The game is played from
			two points of view; the top of the screen contains a third person view of the Enterprise (along with the
			ships gauges), and on the bottom of the screen is a first person point of view</story>
	</game>
	<game name="Star Wars - Return of the Jedi - Death Star Battle (USA)">
		<description>Star Wars - Return of the Jedi - Death Star Battle (USA)</description>
		<year>1983</year>
		<manufacturer>Parker Brothers</manufacturer>
		<publisher>Parker Brothers</publisher>
		<score>3.1</score>
		<genre>Action</genre>
		<players>1</players>
		<story>Death Star Battle is loosely based on the events of the film Star Wars Episode VI: Return of the Jedi.
			Your task is to destroy the Death Star before its construction is finished. You start the task outside the
			shield perimeter of the Death Star. There you'll have to combat different imperial vessels and avoid the
			death ray while waiting for an opportunity to slip through one of the random openings in the energy shield.
			After reaching the Death Star you must reduce its structure up to the point where you can hit the core. In
			the following destruction of the station you must avoid collision with Death Star debris.</story>
	</game>
	<game name="Star Wars - The Arcade Game (USA)">
		<description>Star Wars - The Arcade Game (USA)</description>
		<year>1984</year>
		<manufacturer>Atari, Inc.</manufacturer>
		<publisher>Parker Brothers</publisher>
		<score>2</score>
		<genre>Shooter</genre>
		<players>1</players>
		<story>Remember the exhilaration you felt near the end of Star Wars when Luke Skywalker destroyed the Death
			Star? With Star Wars: The Arcade Game for the Atari 5200, you can enjoy the experience all over again, but
			this time you get to take Skywalker's place at the helm of the X-wing Fighter!

			Your spaceship, which you see as though you were sitting in its cockpit, is equipped with a maximum of nine
			energy shields. Each time you run into an obstacle (fireball, tower or catwalk) you will lose a shield, but
			you can earn extra shields by destroying the Death Star. If you get hit when your shield count is zero, the
			game will end.

			Prior to taking a shot at the Death Star, you must battle wave after wave of Imperial TIE Fighter patrol
			ships that are swarming around the artificial planet. You must destroy the entire fleet while shooting at
			and avoiding a barrage of fireballs. Next, you must fly through a maze of laser towers that stretch from the
			Death Star up into the blackness of outer space. The fireballs make a return engagement, and you can shoot
			the tops off the towers for bonus points.</story>
	</game>
	<game name="Super Breakout (USA)">
		<description>Super Breakout (USA)</description>
		<year>1982</year>
		<manufacturer>Atari, Inc.</manufacturer>
		<publisher>Atari, Inc.</publisher>
		<score>4.4</score>
		<genre>Action</genre>
		<players>4</players>
		<story>In Super Breakout, there are three different and more advanced game types from which the player can
			choose:

			Double gives the player control of two bats at the same time—one placed above the other—and two balls.
			Losing a life occurs only when both balls go out of play, and points are doubled while the player is able to
			juggle both balls without losing either.
			Cavity retains the single bat and ball of Breakout, but two other balls are enclosed on the other side of
			the wall, which the player must free before they, too, can be used to destroy additional bricks. Points are
			increased for this, but triple points are available if the player can keep all three balls in play.
			Progressive also has the single bat and ball, but as the ball hits the paddle, the entire wall gradually
			advances downwards step by step, gaining in speed the longer the ball lasts in play.</story>
	</game>
	<game name="Super Cobra (USA)">
		<description>Super Cobra (USA)</description>
		<year>1983</year>
		<manufacturer>Parker Brothers</manufacturer>
		<publisher>Parker Brothers</publisher>
		<score>2.2</score>
		<genre>Shooter</genre>
		<players>1</players>
		<story>The player controls a helicopter and has to guide it across a scrolling terrain, battling obstacles along
			the way. The player uses a joystick to accelerate, decelerate, move up, and move down. The ship uses a laser
			and bomb to destroy defenders, tanks, and UFO's while infiletrating 10 Super Cobra defense systems.
			The ship has a limited fuel supply, which is depleted over time. More fuel can be acquired by destroying
			fuel tanks in the game.
			The game is divided into ten sections, plus a finale, each with a different style of terrain and different
			obstacles. Players navigate through ten levels and a base, where they must safely make it through the level
			and safely remove the booty. The levels are described as follows,
			Player must maneuver the chopper over mountainous terrain against fast and slow firing rockets.
			Chopper faces Arcing missiles over a mountain terrain.
			Smart Bombs flying in groups of four over mountainous terrain. Rockets appear, but do not fire.
			Single Smart Bombs over mountainous terrain. Again, Rockets appear, but do not fire.
			Chopper flies through a cavern-like terrain against falling mines.
			Rapidly firing, roving tanks over mountainous terrain. Rockets appear, but do not fire.
			Maneuver through a field of meteors which explode when hit with bombs or 3 times with laser, plus a single,
			green, shadow meteor directly in front of chopper which explodes when hit five times with laser. Rockets
			appear but do not fire.
			Chopper flies over mountainous terrain against rapidly firing UFOs. Tanks and rockets appear, but do not
			fire.
			Chopper faces arcing missiles over tall buildings.
			Firing rockets in a building maze.
			Base: Player must maneuver the chopper over tall buildings against arcing missiles and rapidly firing tanks
			to reach the Booty and safely carry it away.
			There is no intermission between each section; the game simply scrolls into the new terrain. If the player
			destroys the booty on the final level, they must start back at the beginning of the level.</story>
	</game>
	<game name="Vanguard (USA)">
		<description>Vanguard (USA)</description>
		<year>1984</year>
		<manufacturer>SNK Corporation</manufacturer>
		<publisher>Atari, Inc</publisher>
		<score>3.5</score>
		<genre>Shooter</genre>
		<players>1</players>
		<story>Vanguard for the Atari 5200 would be an exceptional port of the 1981 arcade game were it not for the
			control. While the coin-op has a four-button arrangement for aiming lasers, this version uses the joystick,
			meaning the ship fires in the same direction it is moving as long as the fire button is pressed. This is
			inexcusable, as each 5200 controller is equipped with four fire buttons (not to mention a keypad). As with
			many 5200 titles, this one responds sluggishly to the non-centering joysticks, making for a less enjoyable
			experience. Fans of the original will notice a couple of other differences between versions. The 5200's ship
			slows down when it fires and can be set to single shots or rapid fire in the options screen.</story>
	</game>
	<game name="Wizard of Wor (USA)">
		<description>Wizard of Wor (USA)</description>
		<year>1983</year>
		<manufacturer>Bally Midway</manufacturer>
		<publisher>CBS Electronics</publisher>
		<score>3.7</score>
		<genre>Shooter</genre>
		<players>2</players>
		<story>Wizard of Wor is an arcade shooter played from a top-down point of view.

			The player controls a warrior who is trapped in a dungeon. The goal is to earn as many points as possible by
			shooting the numerous enemy creatures which wander about the maze like corridors. The creatures wander about
			at various speeds, may shoot darts at the player, and some even have the ability to disappear temporarily.
			At the bottom of the screen the player has a radar which can be used to locate creatures that are invisible.
		</story>
	</game>
	<game name="Zaxxon (USA)">
		<description>Zaxxon (USA)</description>
		<year>1984</year>
		<manufacturer>Sega Enterprises Ltd.</manufacturer>
		<publisher>Sega Enterprises, Inc.</publisher>
		<score>3.1</score>
		<genre>Shooter</genre>
		<players>1</players>
		<story>ZAXXON thrusts you into the depths of outer space. Test your pilot skills as you strap into the command
			position. Prepare for an action-packed challenge of space survival.
			Score points as you dive, climb, and swoop down to destroy the enemy's floating fortress. Dodge deadly laser
			barriers, enemy missiles, and rapid gunfire! Destroy enemy fuel tanks and your own supply is replenished.
			Survive the enemy's fighter fleet attack and face the ultimate challenge...the powerful, armored ZAXXON
			ROBOT.</story>
	</game>
	<game name="Zenji (USA)">
		<description>Zenji (USA)</description>
		<year>1984</year>
		<manufacturer>Activision, Inc.</manufacturer>
		<publisher>Activision, Inc.</publisher>
		<score>3</score>
		<genre>Action;Puzzle</genre>
		<players>2</players>
		<story>Zenji is an action/strategy game where you control a rolling face throughout a maze. Each section of the
			maze can be rotated by the face. The goal is to turn the entire maze green by connecting each section of the
			maze to the source at the center of the screen. After all sections of the maze have been connected, you can
			move on to the next, more challenging level. In addition to having a time limit to complete your task, you
			need to avoid the flames and sparks which wander about the maze. From time to time a number will appear in a
			maze section and count down from 9 to 0. If you touch the number before it disappears, bonus points are
			earned. As the levels progress, the mazes become larger, trickier and more flames will appear.</story>
	</game>
	<game name="Zone Ranger (USA)">
		<description>Zone Ranger (USA)</description>
		<year>1984</year>
		<manufacturer>Activision, Inc.</manufacturer>
		<publisher>Activision, Inc.</publisher>
		<score>4.3</score>
		<genre>Shooter</genre>
		<players>2</players>
		<story>Over 30 seperate zones of indescribable danger. Pitting you against a devastatingly evil minefield of
			destruction. Not to mention countless horrible enemies. Strike them and they only multiply.
			Detonate the deadly mines that litter your cosmos or you'll be sorry. Find an elusive, mysterious
			superportal and you'll get even. It's intense multiscreen action. Which loosely translated, simply means,
			it's awesome fun.</story>
	</game>
</menu>