<?xml version="1.0"?>
<menu>
	<header>
		<listname>TeknoParrot</listname>
	</header>
		<game name="GG" index="true" image="1">
		<description>Sega Golden Gun</description>
		<cloneof></cloneof>
		<crc></crc>
		<manufacturer>Sega</manufacturer>
		<score>0.75</score>
		<year>2010</year>
		<genre>Gun</genre>
		<rating>Other - NR (Not Rated)</rating>
		<players>2</players>
		<enabled>Yes</enabled>
	</game>
		<game name="AliensExtermination" index="true" image="1">
		<description>Aliens Extermination</description>
		<cloneof></cloneof>
		<crc></crc>
		<manufacturer>Global VR</manufacturer>
		<score>0.75</score>
		<year>2006</year>
		<genre>Gun</genre>
		<rating>Other - NR (Not Rated)</rating>
		<players>2</players>
		<enabled>Yes</enabled>
	</game>
	<game name="ArcanaHeart2Nesica" index="true" image="1">
		<description>Arcana Heart 2</description>
		<manufacturer>Examu</manufacturer>
		<year>2008</year>
		<genre>Fighter</genre>
		<score>0.75</score>		
		<players>2</players>
		<enabled>Yes</enabled>
		<enabled>Yes</enabled>
	</game>
		<game name="Transformers" index="true" image="1">
		<description>transformers</description>
		<cloneof></cloneof>
		<crc></crc>
		<manufacturer>Sega</manufacturer>
		<score>0.85</score>
		<year>2018</year>
		<genre>Gun</genre>
		<rating>Other - NR (Not Rated)</rating>
		<players>2</players>
		<enabled>Yes</enabled>
	</game>
		<game name="LGI" index="true" image="1">
		<description>Sega Lets Go Island</description>
		<cloneof></cloneof>
		<crc></crc>
		<manufacturer>Sega</manufacturer>
		<score>0.75</score>
		<year>2010</year>
		<genre>Gun</genre>
		<rating>Other - NR (Not Rated)</rating>
		<players>2</players>
		<enabled>Yes</enabled>
	</game>
		<game name="SDR" index="true" image="1">
		<description>Sega Dream Raiders</description>
		<cloneof></cloneof>
		<crc></crc>
		<manufacturer>Sega</manufacturer>
		<score>0.75</score>
		<year>2012</year>
		<genre>Gun</genre>
		<rating>Other - NR (Not Rated)</rating>
		<players>2</players>
		<enabled>Yes</enabled>
	</game>
		<game name="Rambo" index="true" image="1">
		<description>Rambo</description>
		<cloneof></cloneof>
		<crc></crc>
		<manufacturer>Sega</manufacturer>
		<score>0.75</score>
		<year>2010</year>
		<genre>Gun</genre>
		<rating>Other - NR (Not Rated)</rating>
		<players>2</players>
		<enabled>Yes</enabled>
	</game>
		<game name="LGJ" index="true" image="1">
		<description>Let's Go Jungle! Lost on the Island of Spice</description>
		<cloneof></cloneof>
		<crc></crc>
		<manufacturer>Sega</manufacturer>
		<score>0.75</score>
		<year>2006</year>
		<genre>Gun</genre>
		<rating>Other - NR (Not Rated)</rating>
		<players>2</players>
		<enabled>Yes</enabled>
	</game>
		<game name="HOTD4" index="true" image="1">
		<description>House of the Dead 4</description>
		<cloneof></cloneof>
		<crc></crc>
		<manufacturer>Sega</manufacturer>
		<score>0.75</score>
		<year>2005</year>
		<genre>Gun</genre>
		<rating>Other - NR (Not Rated)</rating>
		<players>2</players>
		<enabled>Yes</enabled>
	</game>
		<game name="SR3" index="true" image="1">
		<description>Sega Rally 3</description>
		<cloneof></cloneof>
		<crc></crc>
		<manufacturer>Sega</manufacturer>
		<score>0.75</score>
		<year>2017</year>
		<genre>Driving</genre>
		<rating>Other - NR (Not Rated)</rating>
		<players>1</players>
		<enabled>Yes</enabled>
	</game>
		<game name="SRC" index="true" image="1">
		<description>Sega Racing Classic</description>
		<cloneof></cloneof>
		<crc></crc>
		<manufacturer>Sega</manufacturer>
		<score>0.85</score>
		<year>2017</year>
		<genre>Driving</genre>
		<rating>Other - NR (Not Rated)</rating>
		<players>1</players>
		<enabled>Yes</enabled>
	</game>
	<game name="DaemonBrideExboard" index="true" image="1">
		<description>Daemon Bride</description>
		<manufacturer>Examu</manufacturer>
		<year>2009</year>
		<genre>Fighter</genre>
		<score>0.75</score>		
		<players>2</players>
		<enabled>Yes</enabled>
	</game>
		<game name="SSASR" index="true" image="1">
		<description>Sonic Racing</description>
		<cloneof></cloneof>
		<crc></crc>
		<manufacturer>Sega</manufacturer>
		<score>0.75</score>
		<year>2011</year>
		<genre>Driving</genre>
		<rating>Other - NR (Not Rated)</rating>
		<players>1</players>
		<enabled>Yes</enabled>
	</game>
		<game name="Koihime" index="true" image="1">
		<description>Koihime Enbu</description>
		<cloneof></cloneof>
		<crc></crc>
		<manufacturer>Degica</manufacturer>
		<score>0.75</score>
		<year>2018</year>
		<genre>Fighting</genre>
		<rating>Other - NR (Not Rated)</rating>
		<players>2</players>
		<enabled>Yes</enabled>
	</game>
		<game name="GGXrdSIGN" index="true" image="1">
		<description>Guilty Gear Xrd</description>
		<cloneof></cloneof>
		<crc></crc>
		<manufacturer>Arc System Works</manufacturer>
		<score>0.85</score>
		<year>2016</year>
		<genre>Fighting</genre>
		<rating>Other - NR (Not Rated)</rating>
		<players>2</players>
		<enabled>Yes</enabled>
	</game>
		<game name="PhantomBreaker" index="true" image="1">
		<description>Phantom Breaker</description>
		<cloneof></cloneof>
		<crc></crc>
		<manufacturer>Mage X</manufacturer>
		<score>0.65</score>
		<year>2013</year>
		<genre>Fighting</genre>
		<rating>Other - NR (Not Rated)</rating>
		<players>2</players>
		<enabled>Yes</enabled>
	</game>
		<game name="NitroplusBlasterz" index="true" image="1">
		<description>Nitroplus Blasterz</description>
		<cloneof></cloneof>
		<crc></crc>
		<manufacturer>Examu</manufacturer>
		<score>0.75</score>
		<year>2016</year>
		<genre>Fighting</genre>
		<rating>Other - NR (Not Rated)</rating>
		<players>2</players>
		<enabled>Yes</enabled>
	</game>
		<game name="DirtyDrivin" index="true" image="1">
		<description>Dirty Drivin</description>
		<cloneof></cloneof>
		<crc></crc>
		<manufacturer>Specular Interactive</manufacturer>
		<score>0.75</score>
		<year>2011</year>
		<genre>Driving</genre>
		<rating>Other - NR (Not Rated)</rating>
		<players>1</players>
		<enabled>Yes</enabled>
	</game>
		<game name="H2Overdrive" index="true" image="1">
		<description>H2 Overdrive</description>
		<cloneof></cloneof>
		<crc></crc>
		<manufacturer>Specular Interactive</manufacturer>
		<score>0.75</score>
		<year>2009</year>
		<genre>Driving</genre>
		<rating>Other - NR (Not Rated)</rating>
		<players>1</players>
		<enabled>Yes</enabled>
	</game>
		<game name="abc" index="true" image="1">
		<description>After Burner Climax</description>
		<cloneof></cloneof>
		<crc></crc>
		<manufacturer>Sega</manufacturer>
		<score>0.65</score>
		<year>2006</year>
		<genre>Shooter</genre>
		<rating>Other - NR (Not Rated)</rating>
		<players>1</players>
		<enabled>Yes</enabled>
	</game>
		<game name="AkaiKatanaShinNesica" index="true" image="1">
		<description>Akai Katana Shin</description>
		<cloneof></cloneof>
		<crc></crc>
		<manufacturer>Cave</manufacturer>
		<score>0.65</score>
		<year>2010</year>
		<genre>Shooter</genre>
		<rating>Other - NR (Not Rated)</rating>
		<players>1</players>
		<enabled>Yes</enabled>
	</game>
		<game name="Aleste" index="true" image="1">
		<description>Senjin Aleste</description>
		<cloneof></cloneof>
		<crc></crc>
		<manufacturer>Sega</manufacturer>
		<score>0.65</score>
		<year>2021</year>
		<genre>Shooter</genre>
		<rating>Other - NR (Not Rated)</rating>
		<players>1</players>
		<enabled>Yes</enabled>
	</game>
		<game name="RollingGunner" index="true" image="1">
		<description>Rolling Gunner</description>
		<cloneof></cloneof>
		<crc></crc>
		<manufacturer>Mebius</manufacturer>
		<score>0.65</score>
		<year>2019</year>
		<genre>Shooter</genre>
		<rating>Other - NR (Not Rated)</rating>
		<players>1</players>
		<enabled>Yes</enabled>
	</game>
		<game name="DariusBurstEX" index="true" image="1">
		<description>Darius Burst EX</description>
		<cloneof></cloneof>
		<crc></crc>
		<manufacturer>Taito</manufacturer>
		<score>0.75</score>
		<year>2019</year>
		<genre>Shooter</genre>
		<rating>Other - NR (Not Rated)</rating>
		<players>1</players>
		<enabled>Yes</enabled>
	</game>
		<game name="FarCryParadiseLost" index="true" image="1">
		<description>FarCry Paradise Lost</description>
		<cloneof></cloneof>
		<crc></crc>
		<manufacturer>Global VR</manufacturer>
		<score>0.75</score>
		<year>2007</year>
		<genre>Gun</genre>
		<rating>Other - NR (Not Rated)</rating>
		<players>1</players>
		<enabled>Yes</enabled>
	</game>
		<game name="BladeStrangers" index="true" image="1">
		<description>Blade Strangers</description>
		<manufacturer>Studio Saizensen</manufacturer>
		<year>2018</year>
		<genre>Fighting</genre>
		<score>0.85</score>		
		<players>2</players>
		<enabled>Yes</enabled>
	</game>
		<game name="AquapazzaAquaplusDreamMatch" index="true" image="1">
		<description>Aquapazza Aquaplus DreamMatch</description>
		<manufacturer>Examu</manufacturer>
		<year>2011</year>
		<genre>Fighting</genre>
		<score>0.85</score>		
		<players>2</players>
		<enabled>Yes</enabled>
	</game>	
	    <game name="MB" index="true" image="1">
		<description>Melty Blood Actress Again Current Code</description>
		<cloneof></cloneof>
		<crc></crc>
		<manufacturer>Arc System Works</manufacturer>
		<score>0.75</score>
		<year>2017</year>
		<genre>Fighting</genre>
		<rating>Other - NR (Not Rated)</rating>
		<players>2</players>
		<enabled>Yes</enabled>
	</game>									
		<game name="CottonRnR" index="true" image="1">
		<description>Cotton Rock n Roll</description>
		<cloneof></cloneof>
		<crc></crc>
		<manufacturer>Success</manufacturer>
		<score>0.75</score>		
		<year>2021</year>
		<genre>Shooter</genre>
		<rating>Other - NR (Not Rated)</rating>
		<players>1</players>
		<enabled>Yes</enabled>
	</game>								
		<game name="TroubleWitches" index="true" image="1">
		<description>Trouble Witches AC - Amalgam no Joutachi</description>
		<cloneof></cloneof>
		<crc></crc>
		<manufacturer>Studio Siesta</manufacturer>
		<score>0.75</score>			
		<year>2011</year>
		<genre>Shooter</genre>
		<rating>Other - NR (Not Rated)</rating>
		<players>2</players>
		<enabled>Yes</enabled>
	</game>		
		<game name="UDX" index="true" image="1">
		<description>Under Defeat HD+</description>
		<cloneof></cloneof>
		<crc></crc>
		<manufacturer>G.Rev</manufacturer>
		<score>0.65</score>			
		<year>2010</year>
		<genre>Shooter</genre>
		<rating>Other - NR (Not Rated)</rating>
		<players>2</players>
		<enabled>Yes</enabled>
	</game>			
		<game name="StraniaTheStellaMachina" index="true" image="1">
		<description>Strania The Stella Machina</description>
		<cloneof></cloneof>
		<crc></crc>
		<manufacturer>G.Rev</manufacturer>
		<score>0.65</score>			
		<year>2011</year>
		<genre>Shooter</genre>
		<rating>Other - NR (Not Rated)</rating>
		<players>2</players>
		<enabled>Yes</enabled>
		<enabled>Yes</enabled>
	</game>	
	    <game name="CC" index="true" image="1">
		<description>Chaos Code</description>
		<cloneof></cloneof>
		<crc></crc>
		<manufacturer>Arc System Works</manufacturer>
		<score>0.75</score>
		<year>2011</year>
		<genre>Fighting</genre>
		<rating>Other - NR (Not Rated)</rating>
		<players>2</players>
		<enabled>Yes</enabled>
	</game>	
	    <game name="Batman" index="true" image="1">
		<description>Bat Man</description>
		<cloneof></cloneof>
		<crc></crc>
		<manufacturer>Specular Interactive</manufacturer>
		<score>0.65</score>
		<year>2013</year>
		<genre>Driving</genre>
		<rating>Other - NR (Not Rated)</rating>
		<players>1</players>
		<enabled>Yes</enabled>
	</game>	
		<game name="SRG" index="true" image="1">
		<description>Storm Racer G</description>
		<cloneof></cloneof>
		<crc></crc>
		<manufacturer>Sega</manufacturer>
		<year>2014</year>
		<genre>Driving</genre>
		<rating>Other - NR (Not Rated)</rating>
		<score>0.65</score>
		<players>1</players>
		<enabled>Yes</enabled>
	</game>					
		<game name="FightingClimax" index="true" image="1">
		<description>Fighting Climax</description>
		<cloneof></cloneof>
		<crc></crc>
		<manufacturer>Ecole Software</manufacturer>
		<score>0.65</score>		
		<year>2014</year>
		<genre>Fighting</genre>
		<rating>Other - NR (Not Rated)</rating>
		<players>2</players>
		<enabled>Yes</enabled>
	</game>					
		<game name="KingofFightersSkyStage" index="true" image="1">
		<description>KOF SkyStage</description>
		<cloneof></cloneof>
		<crc></crc>
		<manufacturer>SNK Playmore</manufacturer>
		<score>0.55</score>		
		<year>2010</year>
		<genre>Shooter</genre>
		<rating>Other - NR (Not Rated)</rating>
		<players>2</players>
		<enabled>Yes</enabled>
	</game>					
		<game name="MKDX" index="true" image="1">
		<description>Mario Kart DX</description>
		<cloneof></cloneof>
		<crc></crc>
		<manufacturer>Nintendo</manufacturer>
		<score>0.85</score>		
		<year>2013</year>
		<genre>Driving</genre>
		<rating>Other - NR (Not Rated)</rating>
		<players>2</players>
		<enabled>Yes</enabled>
	</game>					
		<game name="Cars" index="true" image="1">
		<description>Cars</description>
		<cloneof></cloneof>
		<crc></crc>
		<manufacturer>Specular Interactive</manufacturer>
		<score>0.65</score>		
		<year>2016</year>
		<genre>Driving</genre>
		<rating>Other - NR (Not Rated)</rating>
		<players>1</players>
		<enabled>Yes</enabled>
	</game>					
		<game name="ArcanaHeart3Exboard" index="true" image="1">
		<description>Arcana Heart 3</description>
		<cloneof></cloneof>
		<crc></crc>
		<manufacturer>Examu</manufacturer>
		<score>0.85</score>		
		<year>2011</year>
		<genre>Fighting</genre>
		<rating>Other - NR (Not Rated)</rating>
		<players>2</players>
		<enabled>Yes</enabled>
	</game>					
		<game name="GRID" index="true" image="1">
		<description>Race Driver Grid</description>
		<cloneof></cloneof>
		<crc></crc>
		<manufacturer>Sega</manufacturer>
		<score>0.85</score>		
		<year>2010</year>
		<genre>Driving</genre>
		<rating>Other - NR (Not Rated)</rating>
		<players>2</players>
		<enabled>Yes</enabled>
	</game>					
		<game name="BlazBlueContinuumShift2" index="true" image="1">
		<description>BlazBlue Continuum Shift2</description>
		<cloneof></cloneof>
		<crc></crc>
		<manufacturer>Arc System Works</manufacturer>
		<score>0.85</score>		
		<year>2010</year>
		<genre>Fighting</genre>
		<rating>Other - NR (Not Rated)</rating>
		<players>2</players>
		<enabled>Yes</enabled>
	</game>					
		<game name="SenkoNoRondeDuo" index="true" image="1">
		<description>Senko No Ronde Duo</description>
		<cloneof></cloneof>
		<crc></crc>
		<manufacturer>G.Rev</manufacturer>
		<score>0.55</score>		
		<year>2005</year>
		<genre>Shooter</genre>
		<rating>Other - NR (Not Rated)</rating>
		<players>2</players>
		<enabled>Yes</enabled>
	</game>					
		<game name="SamuraiSpiritsSen" index="true" image="1">
		<description>Samurai Spirits Sen</description>
		<cloneof></cloneof>
		<crc></crc>
		<manufacturer>SNK Playmore</manufacturer>
		<score>0.75</score>		
		<year>2008</year>
		<genre>Fighting</genre>
		<rating>Other - NR (Not Rated)</rating>
		<players>2</players>
		<enabled>Yes</enabled>
	</game>					
		<game name="TC5" index="true" image="1">
		<description>Time Crisis 5</description>
		<cloneof></cloneof>
		<crc></crc>
		<manufacturer>Namco</manufacturer>
		<score>0.75</score>		
		<year>2015</year>
		<genre>Gun</genre>
		<rating>Other - NR (Not Rated)</rating>
		<players>2</players>
		<enabled>Yes</enabled>		
	</game>					
		<game name="StarWars" index="true" image="1">
		<description>Star Wars Battle Pod</description>
		<cloneof></cloneof>
		<crc></crc>
		<manufacturer>Namco</manufacturer>
		<score>0.85</score>		
		<year>2014</year>
		<genre>Shooter</genre>
		<rating>Other - NR (Not Rated)</rating>
		<players>1</players>
		<enabled>Yes</enabled>
	</game>					
		<game name="FR" index="true" image="1">
		<description>Ford Racing</description>
		<cloneof></cloneof>
		<crc></crc>
		<manufacturer>Sega</manufacturer>
		<score>0.55</score>		
		<year>2006</year>
		<genre>Driving</genre>
		<rating>Other - NR (Not Rated)</rating>
		<players>1</players>
		<enabled>Yes</enabled>
	</game>					
		<game name="HyperStreetFighterII" index="true" image="1">
		<description>Hyper StreetFighter II</description>
		<cloneof></cloneof>
		<crc></crc>
		<manufacturer>Capcom</manufacturer>
		<score>0.65</score>		
		<year>2003</year>
		<genre>Fighting</genre>
		<rating>Other - NR (Not Rated)</rating>
		<players>2</players>
		<enabled>Yes</enabled>
	</game>					
		<game name="VampireSavior" index="true" image="1">
		<description>Vampire Savior</description>
		<cloneof></cloneof>
		<crc></crc>
		<manufacturer>Capcom</manufacturer>
		<score>0.65</score>		
		<year>1997</year>
		<genre>Fighting</genre>
		<rating>Other - NR (Not Rated)</rating>
		<players>2</players>
		<enabled>Yes</enabled>
	</game>					
		<game name="CaladriusAC" index="true" image="1">
		<description>Caladrius AC</description>
		<cloneof></cloneof>
		<crc></crc>
		<manufacturer>MOSS</manufacturer>
		<score>0.75</score>		
		<year>2013</year>
		<genre>Shooter</genre>
		<rating>Other - NR (Not Rated)</rating>
		<players>2</players>
		<enabled>Yes</enabled>
	</game>					
		<game name="Contra" index="true" image="1">
		<description>Contra</description>
		<cloneof></cloneof>
		<crc></crc>
		<manufacturer>Konami</manufacturer>
		<score>0.75</score>		
		<year>2010</year>
		<genre>Shooter</genre>
		<rating>Other - NR (Not Rated)</rating>
		<players>2</players>
		<enabled>Yes</enabled>
	</game>					
		<game name="Ikaruga" index="true" image="1">
		<description>Ikaruga</description>
		<cloneof></cloneof>
		<crc></crc>
		<manufacturer>Treasure</manufacturer>
		<score>0.75</score>		
		<year>2001</year>
		<genre>Shooter</genre>
		<rating>Other - NR (Not Rated)</rating>
		<players>2</players>
		<enabled>Yes</enabled>
	</game>					
		<game name="RaidenIV" index="true" image="1">
		<description>Raiden IV</description>
		<cloneof></cloneof>
		<crc></crc>
		<manufacturer>MOSS</manufacturer>
		<score>0.65</score>		
		<year>2007</year>
		<genre>Shooter</genre>
		<rating>Other - NR (Not Rated)</rating>
		<players>2</players>
		<enabled>Yes</enabled>
	</game>					
		<game name="VF5C" index="true" image="1">
		<description>VF5C</description>
		<cloneof></cloneof>
		<crc></crc>
		<manufacturer>Sega</manufacturer>
		<score>0.75</score>		
		<year>2007</year>
		<genre>Fighting</genre>
		<rating>Other - NR (Not Rated)</rating>
		<players>2</players>
		<enabled>Yes</enabled>
	</game>					
		<game name="RumbleFish2Nesica" index="true" image="1">
		<description>Rumble Fish 2</description>
		<cloneof></cloneof>
		<crc></crc>
		<manufacturer>Sammy</manufacturer>
		<score>0.65</score>		
		<year>2005</year>
		<genre>Fighting</genre>
		<rating>Other - NR (Not Rated)</rating>
		<players>2</players>
		<enabled>Yes</enabled>
	</game>					
		<game name="VT4" index="true" image="1">
		<description>Virtua Tennis 4</description>
		<cloneof></cloneof>
		<crc></crc>
		<manufacturer>Sega</manufacturer>
		<score>0.65</score>		
		<year>2011</year>
		<genre>Sports</genre>
		<rating>Other - NR (Not Rated)</rating>
		<players>2</players>
		<enabled>Yes</enabled>
	</game>					
		<game name="NicktoonsNitro" index="true" image="1">
		<description>Nicktoons Nitro</description>
		<cloneof></cloneof>
		<crc></crc>
		<manufacturer>Raw Thrills</manufacturer>
		<score>0.65</score>		
		<year>2008</year>
		<genre>Driving</genre>
		<rating>Other - NR (Not Rated)</rating>
		<players>1</players>
		<enabled>Yes</enabled>
	</game>					
		<game name="SWDC" index="true" image="1">
		<description>Sega world Drivers Championship</description>
		<cloneof></cloneof>
		<crc></crc>
		<manufacturer>Sega</manufacturer>
		<score>0.75</score>		
		<year>2018</year>
		<genre>Driving</genre>
		<rating>Other - NR (Not Rated)</rating>
		<players>1</players>
		<enabled>Yes</enabled>
	</game>					
		<game name="HOTDSD" index="true" image="1">
		<description>HOTD Scarlet Dawn</description>
		<cloneof></cloneof>
		<crc></crc>
		<manufacturer>Sega</manufacturer>
		<score>0.75</score>		
		<year>2015</year>
		<genre>Gun</genre>
		<rating>Other - NR (Not Rated)</rating>
		<players>2</players>
		<enabled>Yes</enabled>		
	</game>					
		<game name="SonicDashExtreme" index="true" image="1">
		<description>Sonic Dash Extreme</description>
		<cloneof></cloneof>
		<crc></crc>
		<manufacturer>Sega</manufacturer>
		<score>0.75</score>		
		<year>2020</year>
		<genre>Action</genre>
		<rating>Other - NR (Not Rated)</rating>
		<players>1</players>
		<enabled>Yes</enabled>
   </game>
		<game name="ChaseHQ2" index="true" image="1">
		<description>Chase HQ 2</description>
		<cloneof></cloneof>
		<crc></crc>
		<manufacturer>Taito</manufacturer>
		<score>0.65</score>		
		<year>2007</year>
		<genre>Driving</genre>
		<rating>Other - NR (Not Rated)</rating>
		<players>2</players>
		<enabled>Yes</enabled>
	</game>					
		<game name="Daytona3" index="true" image="1">
		<description>Daytona Championship USA</description>
		<cloneof></cloneof>
		<crc></crc>
		<manufacturer>Sega</manufacturer>
		<score>0.65</score>		
		<year>2017</year>
		<genre>Driving</genre>
		<rating>Other - NR (Not Rated)</rating>
		<players>8</players>
		<enabled>Yes</enabled>
	</game>					
		<game name="DOA5" index="true" image="1">
		<description>Dead or Alive 5</description>
		<cloneof></cloneof>
		<crc></crc>
		<manufacturer>Tecmo</manufacturer>
		<score>0.85</score>		
		<year>2017</year>
		<genre>Fighting</genre>
		<rating>Other - NR (Not Rated)</rating>
		<players>2</players>
		<enabled>Yes</enabled>
	</game>					
		<game name="Tekken7R2" index="true" image="1">
		<description>Tekken7 Fated Retribution Round 2</description>
		<cloneof></cloneof>
		<crc></crc>
		<manufacturer>Namco</manufacturer>
		<score>0.85</score>		
		<year>2018</year>
		<genre>Fighting</genre>
		<rating>Other - NR (Not Rated)</rating>
		<players>2</players>
		<enabled>Yes</enabled>
	</game>
		<game name="WackyRaces" index="true" image="1">
		<description>Wacky Racers</description>
		<cloneof></cloneof>
		<crc></crc>
		<manufacturer>Banpresto</manufacturer>
		<score>0.75</score>
		<year>2006</year>
		<genre>Driving</genre>
		<rating>Other - NR (Not Rated)</rating>
		<players>1</players>
		<enabled>Yes</enabled>
	</game>					
		<game name="VF5Esports" index="true" image="1">
		<description>Virtua Fighter 5 Esports</description>
		<cloneof></cloneof>
		<crc></crc>
		<manufacturer>Sega</manufacturer>
		<score>0.85</score>		
		<year>2021</year>
		<genre>Fighting</genre>
		<rating>Other - NR (Not Rated)</rating>
		<players>2</players>
		<enabled>Yes</enabled>
	</game>
		<game name="WackyRaces" index="true" image="1">
		<description>Wacky Racers</description>
		<cloneof></cloneof>
		<crc></crc>
		<manufacturer>Banpresto</manufacturer>
		<score>0.75</score>
		<year>2006</year>
		<genre>Driving</genre>
		<rating>Other - NR (Not Rated)</rating>
		<players>1</players>
		<enabled>Yes</enabled>
   </game>
		<game name="or2spdlx" index="true" image="1">
		<description>Outrun 2</description>
		<cloneof></cloneof>
		<crc></crc>
		<manufacturer>Sega</manufacturer>
		<score>0.85</score>		
		<year>2003</year>
		<genre>Driving</genre>
		<rating>Other - NR (Not Rated)</rating>
		<players>2</players>
		<enabled>Yes</enabled>
	</game>					
		<game name="VirtuaRLimit" index="true" image="1">
		<description>Virtua R Limit</description>
		<cloneof></cloneof>
		<crc></crc>
		<manufacturer>Konami</manufacturer>
		<score>0.65</score>		
		<year>2004</year>
		<genre>Driving</genre>
		<rating>Other - NR (Not Rated)</rating>
		<players>1</players>
		<enabled>Yes</enabled>
	</game>					
		<game name="ID6" index="true" image="1">
		<description>Initial D Arcade Stage 6 AA</description>
		<cloneof></cloneof>
		<crc></crc>
		<manufacturer>Sega</manufacturer>
		<score>0.75</score>		
		<year>2011</year>
		<genre>Driving</genre>
		<rating>Other - NR (Not Rated)</rating>
		<players>1</players>
		<enabled>Yes</enabled>
	</game>					
		<game name="Persona4U" index="true" image="1">
		<description>Persona 4 Arena Ultimax</description>
		<cloneof></cloneof>
		<crc></crc>
		<manufacturer>Arc System Works</manufacturer>
		<score>0.85</score>		
		<year>2013</year>
		<genre>Fighting</genre>
		<rating>Other - NR (Not Rated)</rating>
		<players>2</players>
		<enabled>Yes</enabled>
	</game>					
		<game name="KingofFightersXIIIClimax" index="true" image="1">
		<description>King of Fighters XIII Climax</description>
		<cloneof></cloneof>
		<crc></crc>
		<manufacturer>Snk</manufacturer>
		<score>0.75</score>		
		<year>2012</year>
		<genre>Fighting</genre>
		<rating>Other - NR (Not Rated)</rating>
		<players>2</players>
		<enabled>Yes</enabled>
	</game>					
		<game name="WMMT6" index="true" image="1">
		<description>Wangan Midnight Maximum Tune 6</description>
		<cloneof></cloneof>
		<crc></crc>
		<manufacturer>Namco</manufacturer>
		<score>0.85</score>		
		<year>2020</year>
		<genre>Driving</genre>
		<rating>Other - NR (Not Rated)</rating>
		<players>1</players>
		<enabled>Yes</enabled>
	</game>					
		<game name="SegaOlympic2016" index="true" image="1">
		<description>Mario & Sonic at the Rio 2016 Olympic Games</description>
		<cloneof></cloneof>
		<crc></crc>
		<manufacturer>Sega</manufacturer>
		<score>0.75</score>		
		<year>2016</year>
		<genre>Sports</genre>
		<rating>Other - NR (Not Rated)</rating>
		<players>4</players>
		<enabled>Yes</enabled>
	</game>
		<game name="Death Smiles II Arcade" index="true" image="1">
		<description>DeathSmiles II Arcade</description>
		<cloneof></cloneof>
		<crc></crc>
		<manufacturer>Cave</manufacturer>
		<score>0.75</score>
		<year>2007</year>
		<genre>Shooter</genre>
		<rating>Other - NR (Not Rated)</rating>
		<players>2</players>
		<enabled>Yes</enabled>
		</game>					
		<game name="DOA6" index="true" image="1">
		<description>Dead or Alive 6</description>
		<cloneof></cloneof>
		<crc></crc>
		<manufacturer>Tecmo</manufacturer>
		<score>0.85</score>		
		<year>2019</year>
		<genre>Fighting</genre>
		<rating>Other - NR (Not Rated)</rating>
		<players>2</players>
		<enabled>Yes</enabled>
	</game>					
		<game name="DoNotFallRunforYourDrink" index="true" image="1">
		<description>Do Not Fall Run for Your Drink</description>
		<cloneof></cloneof>
		<crc></crc>
		<manufacturer>Taito</manufacturer>
		<score>0.65</score>		
		<year>2013</year>
		<genre>Platform</genre>
		<rating>Other - NR (Not Rated)</rating>
		<players>1</players>
		<enabled>Yes</enabled>
	</game>					
		<game name="HauntedMuseum" index="true" image="1">
		<description>Haunted Museum</description>
		<cloneof></cloneof>
		<crc></crc>
		<manufacturer>Taito</manufacturer>
		<score>0.65</score>		
		<year>2009</year>
		<genre>Gun</genre>
		<rating>Other - NR (Not Rated)</rating>
		<players>2</players>
		<enabled>Yes</enabled>
	</game>					
		<game name="HauntedMuseum2" index="true" image="1">
		<description>Haunted Museum 2</description>
		<cloneof></cloneof>
		<crc></crc>
		<manufacturer>Taito</manufacturer>
		<score>0.75</score>		
		<year>2010</year>
		<genre>Gun</genre>
		<rating>Other - NR (Not Rated)</rating>
		<players>2</players>
		<enabled>Yes</enabled>
	</game>					
		<game name="Fighting Ex Layer" index="true" image="1">
		<description>Fighting Ex Layer</description>
		<cloneof></cloneof>
		<crc></crc>
		<manufacturer>Arika</manufacturer>
		<score>0.75</score>		
		<year>2018</year>
		<genre>Fighting</genre>
		<rating>Other - NR (Not Rated)</rating>
		<players>2</players>
		<enabled>Yes</enabled>
	</game>					
		<game name="Dengeki Bunko Fighting Climax" index="true" image="1">
		<description>Dengeki Bunko Fighting Climax</description>
		<cloneof></cloneof>
		<crc></crc>
		<manufacturer>Sega</manufacturer>
		<score>0.75</score>		
		<year>2014</year>
		<genre>Fighting</genre>
		<rating>Other - NR (Not Rated)</rating>
		<players>2</players>
		<enabled>Yes</enabled>
	</game>
	    <game name="LuigisMansion" index="true" image="1">
		<description>Luigis Mansion Arcade</description>
		<cloneof></cloneof>
		<crc></crc>
		<manufacturer>Sega</manufacturer>
		<score>0.75</score>
		<year>2015</year>
		<genre>Gun</genre>
		<rating>Other - NR (Not Rated)</rating>
		<players>1</players>
		<enabled>Yes</enabled>
	</game>
	<game name="R-Tuned" index="" image="">
		<description>R-Tuned: Ultimate Street Racing</description>
		<cloneof></cloneof>
		<crc></crc>
		<manufacturer>Sega</manufacturer>
		<score>0.75</score>
		<year>2008</year>
		<genre>Driving</genre>
		<rating>AAMA - Yellow (Life Like Violence Mild)</rating>
		<players>1</players>
		<enabled>Yes</enabled>
	</game>					
		<game name="BladeArcus" index="true" image="1">
		<description>Blade Arcus From Shining</description>
		<cloneof></cloneof>
		<crc></crc>
		<manufacturer>Studio Saizensen</manufacturer>
		<score>0.75</score>		
		<year>2014</year>
		<genre>Fighting</genre>
		<rating>Other - NR (Not Rated)</rating>
		<players>2</players>
		<enabled>Yes</enabled>
	</game>					
		<game name="D1GP" index="true" image="1">
		<description>D1GP Arcade</description>
		<cloneof></cloneof>
		<crc></crc>
		<manufacturer>Taito</manufacturer>
		<score>0.65</score>		
		<year>2008</year>
		<genre>Driving</genre>
		<rating>Other - NR (Not Rated)</rating>
		<players>1</players>
		<enabled>Yes</enabled>
	</game>
		<game name="SNK Heroines AC Tag Team Frenzy" index="true" image="1">
		<description>SNK Heroines AC Tag Team Frenzy</description>
		<cloneof></cloneof>
		<crc></crc>
		<manufacturer>SNK</manufacturer>
		<score>0.85</score>
		<year>2018</year>
		<genre>Fighting</genre>
		<rating>Other - NR (Not Rated)</rating>
		<players>2</players>
		<enabled>Yes</enabled>
	</game>
		<game name="SilentHill" index="true" image="1">
		<description>Silent Hill Arcade</description>
		<cloneof></cloneof>
		<crc></crc>
		<manufacturer>Konami E Amusement</manufacturer>
		<score>0.75</score>
		<year>2010</year>
		<genre>Gun</genre>
		<rating>Other - NR (Not Rated)</rating>
		<players>2</players>
		<enabled>Yes</enabled>
	</game>
		<game name="StreetFighterVTypeArcade" index="true" image="1">
		<description>Street Fighter V Arcade</description>
		<cloneof></cloneof>
		<crc></crc>
		<manufacturer>Capcom</manufacturer>
		<score>0.85</score>
		<year>2018</year>
		<genre>Fighter</genre>
		<rating>Other - NR (Not Rated)</rating>
		<players>2</players>
		<enabled>Yes</enabled>
	</game>
		<game name="X Games Snowboarder" index="true" image="1">
		<description>Winter X Games Snowboarder</description>
		<cloneof></cloneof>
		<crc></crc>
		<manufacturer>Raw Thrills</manufacturer>
		<score>0.85</score>		
		<year>2012</year>
		<genre>Driving</genre>
		<rating>Other - NR (Not Rated)</rating>
		<players>1</players>
		<enabled>Yes</enabled>		
    </game>	
        <game name="Super Alpine Racer" index="true" image="1">
		<description>Super Alpine Racer</description>
		<cloneof></cloneof>
		<crc></crc>
		<manufacturer>Raw Thrills</manufacturer>
		<score>0.85</score>		
		<year>2014</year>
		<genre>Driving</genre>
		<rating>Other - NR (Not Rated)</rating>
		<players>1</players>
		<enabled>Yes</enabled>
	</game>					
		<game name="SnoCross" index="true" image="1">
		<description>Winter X Games SnoCross</description>
		<cloneof></cloneof>
		<crc></crc>
		<manufacturer>Raw Thrills</manufacturer>
		<score>0.85</score>		
		<year>2012</year>
		<genre>Driving</genre>
		<rating>Other - NR (Not Rated)</rating>
		<players>1</players>
		<enabled>Yes</enabled>		
	</game>					
		<game name="FNFDrift" index="true" image="1">
		<description>Fast n Furious Drift</description>
		<cloneof></cloneof>
		<crc></crc>
		<manufacturer>Raw Thrills</manufacturer>
		<score>0.75</score>		
		<year>2007</year>
		<genre>Driving</genre>
		<rating>Other - NR (Not Rated)</rating>
		<players>1</players>
		<enabled>Yes</enabled>
	</game>					
		<game name="FNFSC" index="true" image="1">
		<description>Fast n Furious Super Cars</description>
		<cloneof></cloneof>
		<crc></crc>
		<manufacturer>Raw Thrills</manufacturer>
		<score>0.75</score>		
		<year>2011</year>
		<genre>Driving</genre>
		<rating>Other - NR (Not Rated)</rating>
		<players>1</players>
		<enabled>Yes</enabled>		
	</game>					
		<game name="NicktoonsNitro" index="true" image="1">
		<description>Nicktoons Nitro Arcade</description>
		<cloneof></cloneof>
		<crc></crc>
		<manufacturer>Raw Thrills</manufacturer>
		<score>0.85</score>		
		<year>2008</year>
		<genre>Driving</genre>
		<rating>Other - NR (Not Rated)</rating>
		<players>1</players>
		<enabled>Yes</enabled>
	</game>					
		<game name="FNFSB2" index="true" image="1">
		<description>Fast n Furious Super Bikes 2</description>
		<cloneof></cloneof>
		<crc></crc>
		<manufacturer>Raw Thrills</manufacturer>
		<score>0.75</score>		
		<year>2010</year>
		<genre>Driving</genre>
		<rating>Other - NR (Not Rated)</rating>
		<players>1</players>
		<enabled>Yes</enabled>
	</game>
		<game name="OG" index="true" image="1">
		<description>Operation Ghost</description>
		<cloneof></cloneof>
		<crc></crc>
		<manufacturer>Sega</manufacturer>
		<score>0.75</score>
		<year>2012</year>
		<genre>Gun</genre>
		<rating>Other - NR (Not Rated)</rating>
		<players>2</players>
		<enabled>Yes</enabled>
	</game>
		<game name="2Spicy" index="true" image="1">
		<description>Too Spicy</description>
		<cloneof></cloneof>
		<crc></crc>
		<manufacturer>Sega</manufacturer>
		<score>0.85</score>
		<year>2007</year>
		<genre>Gun</genre>
		<rating>Other - NR (Not Rated)</rating>
		<players>1</players>
		<enabled>Yes</enabled>
	</game>
		<game name="TokyoCop" index="true" image="1">
		<description>Tokyo Cop</description>
		<cloneof></cloneof>
		<crc></crc>
		<manufacturer>Gaelco</manufacturer>
		<score>0.65</score>
		<year>2003</year>
		<genre>Driving</genre>
		<rating>Other - NR (Not Rated)</rating>
		<players>1</players>
		<enabled>Yes</enabled>
	</game>					
		<game name="PuyoPuyoEsports" index="true" image="1">
		<description>Puyo Puyo Esports</description>
		<cloneof></cloneof>
		<crc></crc>
		<manufacturer>Sega</manufacturer>
		<score>0.65</score>		
		<year>2021</year>
		<genre>Puzzle</genre>
		<rating>Other - NR (Not Rated)</rating>
		<players>2</players>
		<enabled>Yes</enabled>
	</game>					
		<game name="Wild West Shootout Arcade" index="true" image="1">
		<description>Wild West Shootout Arcade</description>
		<cloneof></cloneof>
		<crc></crc>
		<manufacturer>Ace Amusement</manufacturer>
		<score>0.75</score>		
		<year>2021</year>
		<genre>Gun</genre>
		<rating>Other - NR (Not Rated)</rating>
		<players>2</players>
		<enabled>Yes</enabled>		
	</game>
	<game name="Friction Arcade" index="" image="">
		<description>Friction</description>
		<cloneof></cloneof>
		<crc></crc>
		<manufacturer>Friction Game Studios</manufacturer>
		<score>0.75</score>
		<year>2011</year>
		<genre>Gun</genre>
		<rating>AAMA - Yellow (Life Like Violence Mild)</rating>
		<players>2</players>
		<enabled>Yes</enabled>
	</game>
		<game name="King of Fighters XIV, The" index="true" image="1">
		<description>King of Fighters XIV</description>
		<cloneof></cloneof>
		<crc></crc>
		<manufacturer>SNK</manufacturer>
		<score>0.75</score>
		<year>2017</year>
		<genre>Fighting</genre>
		<rating>Other - NR (Not Rated)</rating>
		<players>2</players>
		<enabled>Yes</enabled>			
	</game>
		<game name="BBCF" index="true" image="1">
		<description>Blazblue Central Fiction</description>
		<cloneof></cloneof>
		<crc></crc>
		<manufacturer>Arc System Works</manufacturer>
		<score>0.85</score>
		<year>2015</year>
		<genre>Fighting</genre>
		<rating>Other - NR (Not Rated)</rating>
		<players>2</players>
		<enabled>Yes</enabled>
	</game>					
		<game name="CrazySpeed" index="true" image="1">
		<description>Crazy Speed</description>
		<cloneof></cloneof>
		<crc></crc>
		<manufacturer>Unis</manufacturer>
		<score>0.75</score>		
		<year>2010</year>
		<genre>Driving</genre>
		<rating>Other - NR (Not Rated)</rating>
		<players>1</players>
		<enabled>Yes</enabled>
	</game>
		<game name="segartv" index="true" image="1">
		<description>Sega Race TV</description>
		<cloneof></cloneof>
		<crc></crc>
		<manufacturer>Sega</manufacturer>
		<year>2019</year>
		<genre>Racing</genre>
		<rating>Other - NR (Not Rated)</rating>
		<players>2</players>
		<enabled>Yes</enabled>
	</game>					
		<game name="MS" index="true" image="1">
		<description>Mach Storm</description>
		<cloneof></cloneof>
		<crc></crc>
		<manufacturer>Namco</manufacturer>
		<score>0.75</score>		
		<year>2013</year>
		<genre>Shooter</genre>
		<rating>Other - NR (Not Rated)</rating>
		<players>1</players>
		<enabled>Yes</enabled>
	</game>
		<game name="GtiClub3" index="true" image="1">
		<description>GTI Club Supermini Festa</description>
		<cloneof></cloneof>
		<crc></crc>
		<manufacturer>Konami</manufacturer>
		<score>0.75</score>
		<year>2008</year>
		<genre>Driving</genre>
		<rating>Other - NR (Not Rated)</rating>
		<players>1</players>
		<enabled>Yes</enabled>
	</game>					
		<game name="FNF" index="true" image="1">
		<description>Fast n Furious</description>
		<cloneof></cloneof>
		<crc></crc>
		<manufacturer>Raw Thrills</manufacturer>
		<score>0.75</score>		
		<year>2004</year>
		<genre>Driving</genre>
		<rating>Other - NR (Not Rated)</rating>
		<players>1</players>
		<enabled>Yes</enabled>
	</game>					
		<game name="FNFSB" index="true" image="1">
		<description>Fast n Furious Super Bikes</description>
		<cloneof></cloneof>
		<crc></crc>
		<manufacturer>Raw Thrills</manufacturer>
		<score>0.85</score>		
		<year>2008</year>
		<genre>Driving</genre>
		<rating>Other - NR (Not Rated)</rating>
		<players>1</players>
		<enabled>Yes</enabled>
	</game>
		<game name="Million Arthur Arcana Blood" index="true" image="1">
		<description>Million Arthur Arcana Blood</description>
		<cloneof></cloneof>
		<crc></crc>
		<manufacturer>Sqaure Enix</manufacturer>
		<score>0.75</score>
		<year>2017</year>
		<genre>Fighting</genre>
		<rating>Other - NR (Not Rated)</rating>
		<players>2</players>
		<enabled>Yes</enabled>
	</game>					
		<game name="SchoolOfRagnarok" index="true" image="1">
		<description>School Of Ragnarok</description>
		<cloneof></cloneof>
		<crc></crc>
		<manufacturer>Sqaure Enix</manufacturer>
		<score>0.85</score>		
		<year>2015</year>
		<genre>Fighting</genre>
		<rating>Other - NR (Not Rated)</rating>
		<players>2</players>
		<enabled>Yes</enabled>
	</game>		
    <game name="Time Crisis 4">
        <description>Time Crisis 4</description>
        <year>2007</year>
        <manufacturer>Namco</manufacturer>
        <publisher>Namco Bandai</publisher>
        <score>0.75</score>
        <genre>Shooter</genre>
        <players>2</players>
		<enabled>Yes</enabled>
    </game>
    <game name="Dead Storm Pirates">
        <description>Dead Storm Pirates</description>
        <year>2010</year>
        <manufacturer>Namco</manufacturer>
        <publisher>Namco Bandai</publisher>
        <score>0.85</score>
        <genre>Shooter</genre>
        <players>2</players>
		<enabled>Yes</enabled>
    </game>
    <game name="Time Crisis Razing Storm">
        <description>Time Crisis Razing Storm</description>
        <year>2010</year>
        <manufacturer>Namco</manufacturer>
        <publisher>Namco Bandai</publisher>
        <score>0.85</score>
        <genre>Shooter</genre>
        <players>2</players>
		<enabled>Yes</enabled>			
	</game>
		<game name="LGJ" index="true" image="1">
		<description>Let's Go Jungle</description>
		<cloneof></cloneof>
		<crc></crc>
		<manufacturer>Sega</manufacturer>
		<score>0.85</score>
		<year>2006</year>
		<genre>Gun</genre>
		<rating>Other - NR (Not Rated)</rating>
		<players>2</players>
		<enabled>Yes</enabled>
	</game>
		<game name="LostLand" index="true" image="1">
		<description>Lost Land Adventure</description>
		<cloneof></cloneof>
		<crc></crc>
		<manufacturer>Sega</manufacturer>
		<score>0.75</score>
		<year>2014</year>
		<genre>Gun</genre>
		<rating>Other - NR (Not Rated)</rating>
		<players>2</players>
		<enabled>Yes</enabled>
	</game>
		<game name="Rabbids Hollywood Arcade" index="true" image="1">
		<description>Rabbids Hollywood Arcade</description>
		<cloneof></cloneof>
		<crc></crc>
		<manufacturer>Sega</manufacturer>
		<score>0.75</score>
		<year>2018</year>
		<genre>Gun</genre>
		<rating>Other - NR (Not Rated)</rating>
		<players>4</players>
		<enabled>Yes</enabled>
	</game>
		<game name="StarTrekVoyager" index="true" image="1">
		<description>Star Trek Voyager Arcade</description>
		<cloneof></cloneof>
		<crc></crc>
		<manufacturer>Team Play</manufacturer>
		<score>0.75</score>
		<year>2002</year>
		<genre>Gun</genre>
		<rating>Other - NR (Not Rated)</rating>
		<players>1</players>
		<enabled>Yes</enabled>
	</game>
		<game name="JusticeLeague" index="true" image="1">
		<description>Justice League Arcade</description>
		<cloneof></cloneof>
		<crc></crc>
		<manufacturer>Global VR</manufacturer>
		<score>0.75</score>
		<year>2009</year>
		<genre>Action</genre>
		<rating>Other - NR (Not Rated)</rating>
		<players>2</players>
		<enabled>Yes</enabled>
	</game>
		<game name="BlazingAngels" index="true" image="1">
		<description>Blazing Angels</description>
		<cloneof></cloneof>
		<crc></crc>
		<manufacturer>Global VR</manufacturer>
		<score>0.75</score>
		<year>2006</year>
		<genre>Action</genre>
		<rating>Other - NR (Not Rated)</rating>
		<players>1</players>
		<enabled>Yes</enabled>
	</game>					
		<game name="PowerInstinctV" index="true" image="1">
		<description>Power Instinct V</description>
		<cloneof></cloneof>
		<crc></crc>
		<manufacturer>Noise Factory</manufacturer>
		<score>0.75</score>		
		<year>2009</year>
		<genre>Fighting</genre>
		<rating>Other - NR (Not Rated)</rating>
		<players>2</players>
		<enabled>Yes</enabled>
	</game>					
		<game name="RaidenIIINesica" index="true" image="1">
		<description>Raiden III</description>
		<cloneof></cloneof>
		<crc></crc>
		<manufacturer>Moss</manufacturer>
		<score>0.75</score>		
		<year>2005</year>
		<genre>Shooter</genre>
		<rating>Other - NR (Not Rated)</rating>
		<players>2</players>
		<enabled>Yes</enabled>
	</game>					
		<game name="KingofFightersMaximumImpactRegulationA" index="true" image="1">
		<description>KOF Maximum Impact Regulation A</description>
		<cloneof></cloneof>
		<crc></crc>
		<manufacturer>Taito</manufacturer>
		<score>0.75</score>		
		<year>2008</year>
		<genre>Fighter</genre>
		<rating>Other - NR (Not Rated)</rating>
		<players>2</players>
		<enabled>Yes</enabled>
	</game>					
		<game name="KODrive" index="true" image="1">
		<description>KO Drive</description>
		<cloneof></cloneof>
		<crc></crc>
		<manufacturer>Sega</manufacturer>
		<score>0.65</score>		
		<year>2012</year>
		<genre>Driving</genre>
		<rating>Other - NR (Not Rated)</rating>
		<players>1</players>
		<enabled>Yes</enabled>
	</game>					
		<game name="UnderNightAPM3" index="true" image="1">
		<description>UNDER NIGHT IN-BIRTH Exe:Late</description>
		<cloneof></cloneof>
		<crc></crc>
		<manufacturer>Arc System Works</manufacturer>
		<score>0.75</score>		
		<year>2012</year>
		<genre>Fighting</genre>
		<rating>Other - NR (Not Rated)</rating>
		<players>2</players>
		<enabled>Yes</enabled>
	</game>					
		<game name="StormRider" index="true" image="1">
		<description>Storm Rider</description>
		<cloneof></cloneof>
		<crc></crc>
		<manufacturer>Sega</manufacturer>
		<score>0.75</score>		
		<year>2005</year>
		<genre>Driving</genre>
		<rating>Other - NR (Not Rated)</rating>
		<players>2</players>
		<enabled>Yes</enabled>
	</game>					
		<game name="The House of the Dead 3" index="true" image="1">
		<description>The House of the Dead 3</description>
		<cloneof></cloneof>
		<crc></crc>
		<manufacturer>Sega</manufacturer>
		<score>0.75</score>		
		<year>2002</year>
		<genre>Gun</genre>
		<rating>Other - NR (Not Rated)</rating>
		<players>2</players>
		<enabled>Yes</enabled>
	</game>					
		<game name="WartranTroopers" index="true" image="1">
		<description>Wartran Troopers</description>
		<cloneof></cloneof>
		<crc></crc>
		<manufacturer>Konami</manufacturer>
		<score>0.75</score>		
		<year>2004</year>
		<genre>Gun</genre>
		<rating>Other - NR (Not Rated)</rating>
		<players>4</players>
		<enabled>Yes</enabled>
	</game>					
		<game name="Time Crisis II (USA)" index="true" image="1">
		<description>Time Crisis 2</description>
		<cloneof></cloneof>
		<crc></crc>
		<manufacturer>Namco</manufacturer>
		<score>0.75</score>		
		<year>2001</year>
		<genre>Gun</genre>
		<rating>Other - NR (Not Rated)</rating>
		<players>1</players>
		<enabled>Yes</enabled>
	</game>					
		<game name="Time Crisis III (USA)" index="true" image="1">
		<description>Time Crisis 3</description>
		<cloneof></cloneof>
		<crc></crc>
		<manufacturer>Namco</manufacturer>
		<score>0.75</score>		
		<year>2003</year>
		<genre>Gun</genre>
		<rating>Other - NR (Not Rated)</rating>
		<players>2</players>
		<enabled>Yes</enabled>
	</game>					
		<game name="Crisis Zone (Europe)" index="true" image="1">
		<description>Crisis Zone</description>
		<cloneof></cloneof>
		<crc></crc>
		<manufacturer>Namco</manufacturer>
		<score>0.75</score>		
		<year>2004</year>
		<genre>Gun</genre>
		<rating>Other - NR (Not Rated)</rating>
		<players>2</players>
		<enabled>Yes</enabled>
	</game>					
		<game name="Vampire Night (USA)" index="true" image="1">
		<description>Vampire Night</description>
		<cloneof></cloneof>
		<crc></crc>
		<manufacturer>Namco</manufacturer>
		<score>0.75</score>		
		<year>2001</year>
		<genre>Gun</genre>
		<rating>Other - NR (Not Rated)</rating>
		<players>2</players>
		<enabled>Yes</enabled>
	</game>
		<game name="Gunfighter II - Revenge of Jesse James (Europe)" index="true" image="1">
		<description>Gunfighter II - Revenge of Jesse James</description>
		<cloneof></cloneof>
		<crc></crc>
		<manufacturer>Ubi Soft</manufacturer>
		<score>0.65</score>
		<year>2003</year>
		<genre>Gun</genre>
		<rating>Other - NR (Not Rated)</rating>
		<players>2</players>
		<enabled>Yes</enabled>
	</game>		
        <game name="Virtua Cop - Elite Edition (Europe)" index="" image="">
		<description>Virtua Cop - Elite Edition</description>
		<cloneof></cloneof>
		<crc></crc>
		<manufacturer>Sega</manufacturer>
		<score>0.75</score>
		<year>2002</year>
		<genre>Gun</genre>
		<rating>AAMA - Green (Suitable For All Ages)</rating>
		<players>2</players>
		<enabled>Yes</enabled>
	</game>		
        <game name="Ninja Assault (USA)" index="" image="">
		<description>Ninja Assault</description>
		<cloneof></cloneof>
		<crc></crc>
		<manufacturer>Namco</manufacturer>
		<score>0.75</score>
		<year>2002</year>
		<genre>Gun</genre>
		<rating>AAMA - Green (Suitable For All Ages)</rating>
		<players>2</players>
		<enabled>Yes</enabled>
	</game>		
        <game name="Endgame (USA)" index="" image="">
		<description>Endgame</description>
		<cloneof></cloneof>
		<crc></crc>
		<manufacturer>	Empire Interactive</manufacturer>
		<score>0.75</score>
		<year>2002</year>
		<genre>Gun</genre>
		<rating>AAMA - Green (Suitable For All Ages)</rating>
		<players>2</players>
		<enabled>Yes</enabled>
	</game>		
        <game name="GGS" index="" image="">
		<description>Guilty Gear Strive</description>
		<cloneof></cloneof>
		<crc></crc>
		<manufacturer>Arc System Works</manufacturer>
		<score>0.75</score>
		<year>2021</year>
		<genre>Fighter</genre>
		<rating>AAMA - Green (Suitable For All Ages)</rating>
		<players>2</players>
		<enabled>Yes</enabled>
	</game>		
        <game name="SuperStreetFighterIVArcadeEditionVer2012" index="" image="">
		<description>Super StreetFighterIV Arcade Edition Ver2012</description>
		<cloneof></cloneof>
		<crc></crc>
		<manufacturer>Capcom</manufacturer>
		<score>0.75</score>
		<year>2012</year>
		<genre>Fighter</genre>
		<rating>AAMA - Green (Suitable For All Ages)</rating>
		<players>2</players>
		<enabled>Yes</enabled>		
	</game>
	   <game name="The House of The Dead - Remake" index="" image="">
		<description>The House of The Dead - Remake</description>
		<cloneof></cloneof>
		<crc></crc>
		<manufacturer>MegaPixel Studio</manufacturer>
		<score>0.75</score>
		<year>2022</year>
		<genre>Shooter</genre>
		<rating>AAMA - Green (Suitable For All Ages)</rating>
		<players>2</players>
		<enabled>Yes</enabled>
	</game>		
        <game name="GGS" index="" image="">
		<description>Guilty Gear Strive</description>
		<cloneof></cloneof>
		<crc></crc>
		<manufacturer>Arc System Works</manufacturer>
		<score>0.75</score>
		<year>2021</year>
		<genre>Fighter</genre>
		<rating>AAMA - Green (Suitable For All Ages)</rating>
		<players>2</players>
		<enabled>Yes</enabled>
	</game>					
		<game name="TombRaider" index="true" image="1">
		<description>Tomb Raider Arcade</description>
		<cloneof></cloneof>
		<crc></crc>
		<manufacturer>Adrenaline Amusements</manufacturer>
		<score>0.85</score>		
		<year>2018</year>
		<genre>Gun</genre>
		<rating>Other - NR (Not Rated)</rating>
		<players>4</players>
		<enabled>Yes</enabled>
	</game>					
		<game name="Rampage" index="true" image="1">
		<description>Rampage Arcade</description>
		<cloneof></cloneof>
		<crc></crc>
		<manufacturer>Adrenaline Amusements</manufacturer>
		<score>0.75</score>		
		<year>2018</year>
		<genre>Action</genre>
		<rating>Other - NR (Not Rated)</rating>
		<players>3</players>
		<enabled>Yes</enabled>		
	</game>					
		<game name="Silent Scope 2" index="true" image="1">
		<description>Silent Scope 2</description>
		<cloneof></cloneof>
		<crc></crc>
		<manufacturer>Konami</manufacturer>
		<score>0.85</score>		
		<year>2000</year>
		<genre>Gun</genre>
		<rating>Other - NR (Not Rated)</rating>
		<players>1</players>
		<enabled>Yes</enabled>
	</game>					
		<game name="Virtua Cop 3" index="true" image="1">
		<description>Virtua Cop 3</description>
		<cloneof></cloneof>
		<crc></crc>
		<manufacturer>Sega</manufacturer>
		<score>0.75</score>		
		<year>2003</year>
		<genre>Gun</genre>
		<rating>Other - NR (Not Rated)</rating>
		<players>2</players>
		<enabled>Yes</enabled>
	</game>
	<game name="vcop2" index="" image="">
		<description>Virtua Cop 2</description>
		<cloneof></cloneof>
		<crc></crc>
		<manufacturer>Sega</manufacturer>
		<score>0.85</score>
		<year>1995</year>
		<genre>Gun</genre>
		<rating>AAMA - Yellow (Life Like Violence Mild)</rating>
		<players>2</players>
		<enabled>Yes</enabled>
	</game>
	<game name="vcop" index="true" image="v">
		<description>Virtua Cop</description>
		<cloneof></cloneof>
		<crc></crc>
		<manufacturer>Sega</manufacturer>
		<score>0.75</score>
		<year>1994</year>
		<genre>Gun</genre>
		<rating>AAMA - Yellow (Life Like Violence Mild)</rating>
		<players>2</players>
		<enabled>Yes</enabled>
	</game>
	<game name="hotd" index="true" image="h">
		<description>The House of the Dead</description>
		<cloneof></cloneof>
		<crc></crc>
		<manufacturer>Sega</manufacturer>
		<score>0.85</score>
		<year>1997</year>
		<genre>Gun</genre>
		<rating>AAMA - Red (Life Like Violence Strong)</rating>
		<players>2</players>
	</game>
	<game name="gunblade" index="true" image="g">
		<description>Gunblade NY</description>
		<cloneof></cloneof>
		<crc></crc>
		<manufacturer>Sega</manufacturer>
		<score>0.55</score>
		<year>1996</year>
		<genre>Gun</genre>
		<rating>AAMA - Yellow (Life Like Violence Mild)</rating>
		<players>2</players>
		<enabled>Yes</enabled>		
		<enabled>Yes</enabled>
	</game>
	<game name="bel" index="true" image="b">
		<description>Behind Enemy Lines</description>
		<cloneof></cloneof>
		<crc></crc>
		<manufacturer>Sega</manufacturer>
		<score>0.55</score>
		<year>1997</year>
		<genre>Gun</genre>
		<rating>AAMA - Yellow (Life Like Violence Mild)</rating>
		<players>2</players>
		<enabled>Yes</enabled>
	</game>
	<game name="rchase2" index="true" image="r">
		<description>Rail Chase 2</description>
		<cloneof></cloneof>
		<crc></crc>
		<manufacturer>Sega</manufacturer>
		<score>0.55</score>
		<year>1996</year>
		<genre>Gun</genre>
		<rating>AAMA - Yellow (Life Like Violence Mild)</rating>
		<players>2</players>
		<enabled>Yes</enabled>
	</game>		
	    <game name="lamachin" index="true" image="l">
		<description>L.A. Machineguns</description>
		<cloneof></cloneof>
		<crc></crc>
		<manufacturer>Sega</manufacturer>
		<score>0.75</score>			
		<year>1998</year>
		<genre>Gun</genre>
		<rating>Other - NR (Not Rated)</rating>
		<players>2</players>
		<enabled>Yes</enabled>
	</game>
	<game name="swtrilgy" index="" image="">
		<description>Star Wars Trilogy (Revision A)</description>
		<cloneof></cloneof>
		<crc></crc>
		<manufacturer>Sega</manufacturer>
		<score>0.75</score>			
		<year>1998</year>
		<genre>Shooter</genre>
		<rating>Other - NR (Not Rated)</rating>
		<players>1</players>
		<enabled>Yes</enabled>
	</game>
	<game name="lostwsga" index="true" image="t">
		<description>The Lost World</description>
		<cloneof></cloneof>
		<crc></crc>
		<manufacturer>Sega</manufacturer>
		<score>0.75</score>			
		<year>1997</year>
		<genre>Gun</genre>
		<rating>Other - NR (Not Rated)</rating>
		<players>2</players>
		<enabled>Yes</enabled>
	</game>
	<game name="oceanhun" index="" image="">
		<description>The Ocean Hunter</description>
		<cloneof></cloneof>
		<crc></crc>
		<manufacturer>Sega</manufacturer>
		<score>0.55</score>			
		<year>1998</year>
		<genre>Gun</genre>
		<rating>Other - NR (Not Rated)</rating>
		<players>2</players>
		<enabled>Yes</enabled>		
	</game>
    <game name="alien3" index="" image="">
	   <description>Alien3: The Gun (World)</description>
	   <cloneof/>
	   <crc/>
	   <manufacturer>Sega</manufacturer>
	   <score>0.65</score>
	   <year>1993</year>
	   <genre>Gun</genre>
	   <rating/>
       <players>2</players>	   
	   <enabled>Yes</enabled>
	</game>
    <game name="area51" index="" image="">
	   <description>Area 51</description>
	   <cloneof/>
	   <crc/>
	   <manufacturer>Atari Games</manufacturer>
	   <score>0.65</score>
	   <year>1996</year>
	   <genre>Gun</genre>
	   <rating/>
       <players>2</players>	   
	   <enabled>Yes</enabled>
	</game>
    <game name="bbusters" index="" image="">
	   <description>Beast Busters</description>
	   <cloneof/>
	   <crc/>
	   <manufacturer>SNK</manufacturer>
	   <score>0.65</score>
	   <year>1989</year>
	   <genre>Gun</genre>
	   <rating/>
       <players>2</players>	   
	   <enabled>Yes</enabled>
	</game>
    <game name="carnevil" index="" image="">
	   <description>Carnevil</description>
	   <cloneof/>
	   <crc/>
	   <manufacturer>Midway Games</manufacturer>
	   <score>0.65</score>
	   <year>1998</year>
	   <genre>Gun</genre>
	   <rating/>
       <players>2</players>	   
	   <enabled>Yes</enabled>
	</game>
    <game name="cryptklr" index="" image="">
	   <description>Crypt Killer</description>
	   <cloneof/>
	   <crc/>
	   <manufacturer>Konami</manufacturer>
	   <score>0.65</score>
	   <year>1995</year>
	   <genre>Gun</genre>
	   <rating/>
       <players>2</players>	   
	   <enabled>Yes</enabled>
	</game>
    <game name="dragngun" index="" image="">
	   <description>Dragon Gun</description>
	   <cloneof/>
	   <crc/>
	   <manufacturer>Data East Corporation</manufacturer>
	   <score>0.75</score>
	   <year>1998</year>
	   <genre>Gun</genre>
	   <rating/>
       <players>2</players>	   
	   <enabled>Yes</enabled>
	</game>
    <game name="duckhunt" index="" image="">
	   <description>Duckhunt</description>
	   <cloneof/>
	   <crc/>
	   <manufacturer>Nintendo</manufacturer>
	   <score>0.75</score>
	   <year>1985</year>
	   <genre>Gun</genre>
	   <rating/>
       <players>2</players>	   
	   <enabled>Yes</enabled>
	</game>
    <game name="invasnab" index="" image="">
	   <description>Invasion</description>
	   <cloneof/>
	   <crc/>
	   <manufacturer>Midway</manufacturer>
	   <score>0.75</score>
	   <year>1995</year>
	   <genre>Gun</genre>
	   <rating/>
       <players>2</players>	   
	   <enabled>Yes</enabled>
	</game>
    <game name="jdredd" index="" image="">
	   <description>Judge Dredd</description>
	   <cloneof/>
	   <crc/>
	   <manufacturer>Acclaim</manufacturer>
	   <score>0.75</score>
	   <year>1995</year>
	   <genre>Gun</genre>
	   <rating/>
       <players>2</players>	   
	   <enabled>Yes</enabled>
	</game>
    <game name="jpark" index="" image="">
	   <description>Jurassic Park</description>
	   <cloneof/>
	   <crc/>
	   <manufacturer>Sega</manufacturer>
	   <score>0.75</score>
	   <year>1993</year>
	   <genre>Gun</genre>
	   <rating/>
       <players>2</players>	   
	   <enabled>Yes</enabled>
	</game>
    <game name="le2" index="" image="">
	   <description>Lethal Enforcers II</description>
	   <cloneof/>
	   <crc/>
	   <manufacturer>Konami</manufacturer>
	   <score>0.75</score>
	   <year>1994</year>
	   <genre>Gun</genre>
	   <rating/>
       <players>2</players>	   
	   <enabled>Yes</enabled>
	</game>
    <game name="maxforce" index="" image="">
	   <description>Maximum Force</description>
	   <cloneof/>
	   <crc/>
	   <manufacturer>Atari Games</manufacturer>
	   <score>0.75</score>
	   <year>1996</year>
	   <genre>Gun</genre>
	   <rating/>
       <players>2</players>	   
	   <enabled>Yes</enabled>
	</game>
    <game name="mechatt" index="" image="">
	   <description>Mechanized Attack</description>
	   <cloneof/>
	   <crc/>
	   <manufacturer>SNK</manufacturer>
	   <score>0.75</score>
	   <year>1989</year>
	   <genre>Gun</genre>
	   <rating/>
       <players>2</players>	   
	   <enabled>Yes</enabled>
	</game>
    <game name="opwolf" index="" image="">
	   <description>Operation Wolf</description>
	   <cloneof/>
	   <crc/>
	   <manufacturer>Taito</manufacturer>
	   <score>0.75</score>
	   <year>1987</year>
	   <genre>Gun</genre>
	   <rating/>
       <players>2</players>	   
	   <enabled>Yes</enabled>
	</game>
    <game name="othunder" index="" image="">
	   <description>Operation Thunderbolt</description>
	   <cloneof/>
	   <crc/>
	   <manufacturer>Taito</manufacturer>
	   <score>0.75</score>
	   <year>1988</year>
	   <genre>Gun</genre>
	   <rating/>
       <players>2</players>	   
	   <enabled>Yes</enabled>
	</game>
    <game name="policetr" index="" image="">
	   <description>Police Trainer</description>
	   <cloneof/>
	   <crc/>
	   <manufacturer>Taito</manufacturer>
	   <score>0.75</score>
	   <year>1996</year>
	   <genre>Gun</genre>
	   <rating/>
       <players>2</players>	   
	   <enabled>Yes</enabled>
	</game>
    <game name="ptblank" index="" image="">
	   <description>Point Blank</description>
	   <cloneof/>
	   <crc/>
	   <manufacturer>Namco</manufacturer>
	   <score>0.75</score>
	   <year>1994</year>
	   <genre>Gun</genre>
	   <rating/>
       <players>2</players>	   
	   <enabled>Yes</enabled>
	</game>
    <game name="ptblank2" index="" image="">
	   <description>Point Blank 2</description>
	   <cloneof/>
	   <crc/>
	   <manufacturer>Namco</manufacturer>
	   <score>0.75</score>
	   <year>1999</year>
	   <genre>Gun</genre>
	   <rating/>
       <players>2</players>	   
	   <enabled>Yes</enabled>
	</game>
    <game name="rchase" index="" image="">
	   <description>Rail Chase</description>
	   <cloneof/>
	   <crc/>
	   <manufacturer>Sega</manufacturer>
	   <score>0.75</score>
	   <year>1991</year>
	   <genre>Gun</genre>
	   <rating/>
       <players>2</players>	   
	   <enabled>Yes</enabled>
	</game>
    <game name="revx" index="" image="">
	   <description>Revolution X</description>
	   <cloneof/>
	   <crc/>
	   <manufacturer>Midway</manufacturer>
	   <score>0.75</score>
	   <year>1994</year>
	   <genre>Gun</genre>
	   <rating/>
       <players>2</players>	   
	   <enabled>Yes</enabled>
	</game>
    <game name="sgunner" index="" image="">
	   <description>Steel Gunner</description>
	   <cloneof/>
	   <crc/>
	   <manufacturer>Namco</manufacturer>
	   <score>0.75</score>
	   <year>1990</year>
	   <genre>Gun</genre>
	   <rating/>
       <players>2</players>	   
	   <enabled>Yes</enabled>
	</game>
    <game name="sgunner2" index="" image="">
	   <description>Steel Gunner 2</description>
	   <cloneof/>
	   <crc/>
	   <manufacturer>Namco</manufacturer>
	   <score>0.75</score>
	   <year>1991</year>
	   <genre>Gun</genre>
	   <rating/>
       <players>2</players>	   
	   <enabled>Yes</enabled>
	</game>
    <game name="spacegun" index="" image="">
	   <description>Space Gun</description>
	   <cloneof/>
	   <crc/>
	   <manufacturer>Taito</manufacturer>
	   <score>0.75</score>
	   <year>1990</year>
	   <genre>Gun</genre>
	   <rating/>
       <players>2</players>	   
	   <enabled>Yes</enabled>
	</game>
    <game name="term2" index="" image="">
	   <description>Terminator 2 - Judgment Day</description>
	   <cloneof/>
	   <crc/>
	   <manufacturer>Midway</manufacturer>
	   <score>0.75</score>
	   <year>1991</year>
	   <genre>Gun</genre>
	   <rating/>
       <players>2</players>	   
	   <enabled>Yes</enabled>
	</game>
    <game name="timecris" index="" image="">
	   <description>Time Crisis</description>
	   <cloneof/>
	   <crc/>
	   <manufacturer>Midway</manufacturer>
	   <score>0.75</score>
	   <year>1995</year>
	   <genre>Gun</genre>
	   <rating/>
       <players>2</players>	   
	   <enabled>Yes</enabled>
	</game>
    <game name="undrfire" index="" image="">
	   <description>Under Fire</description>
	   <cloneof/>
	   <crc/>
	   <manufacturer>Taito</manufacturer>
	   <score>0.75</score>
	   <year>1993</year>
	   <genre>Gun</genre>
	   <rating/>
       <players>2</players>	   
	   <enabled>Yes</enabled>
	</game>
    <game name="zombraid" index="" image="">
	   <description>Zombie Raid</description>
	   <cloneof/>
	   <crc/>
	   <manufacturer>American Sammy</manufacturer>
	   <score>0.75</score>
	   <year>1995</year>
	   <genre>Gun</genre>
	   <rating/>
       <players>2</players>	   
	   <enabled>Yes</enabled>
	</game>
    <game name="ghlpanic" index="" image="">
	   <description>Ghoul Panic</description>
	   <cloneof/>
	   <crc/>
	   <manufacturer>Namco</manufacturer>
	   <score>0.75</score>
	   <year>1999</year>
	   <genre>Gun</genre>
	   <rating/>
       <players>2</players>	   
	   <enabled>Yes</enabled>
	</game>
    <game name="zeropnt2" index="" image="">
	   <description>Zero Point 2</description>
	   <cloneof/>
	   <crc/>
	   <manufacturer>Unico</manufacturer>
	   <score>0.75</score>
	   <year>1999</year>
	   <genre>Gun</genre>
	   <rating/>
       <players>2</players>	   
	   <enabled>Yes</enabled>
	</game>
    <game name="claypign" index="" image="">
	   <description>Clay Pigeon</description>
	   <cloneof/>
	   <crc/>
	   <manufacturer>Exidy</manufacturer>
	   <score>0.75</score>
	   <year>1986</year>
	   <genre>Gun</genre>
	   <rating/>
       <players>2</players>	   
	   <enabled>Yes</enabled>	   
    </game>	   
</menu>