<?xml version="1.0"?>
<menu>
	<header>
		<listname>SNK Neo Geo Pocket Color</listname>
		<lastlistupdate>12/05/2022</lastlistupdate>
		<listversion>0.1</listversion>
		<exporterversion>Created by STAiNLESS for CORE Type R</exporterversion>
	</header>
	<game name="Baseball Stars Color - Pocket Sports Series (World) (En,Ja)">
		<description>Baseball Stars Color - Pocket Sports Series (World) (En,Ja)</description>
		<year>1999</year>
		<manufacturer>Saurus</manufacturer>
		<publisher>SNK</publisher>
		<score>4.0</score>
		<genre>Sports</genre>
		<players>2</players>
		<story>Baseball Stars is sports game about baseball. Game is similar to Baseball Stars from NES but has less
			realistic characters and gameplay style. You manage own baseball team and play in series of matches. Game
			has typical baseball rules - one player throws the ball, second hits the ball, someone else grabs it etc.
			Each character has own statistics, like stamina.</story>
	</game>
	<game name="Big Bang Pro Wrestling (Japan) (En,Ja)">
		<description>Big Bang Pro Wrestling (Japan) (En,Ja)</description>
		<year>2000</year>
		<manufacturer>S-Neo</manufacturer>
		<publisher>SNK</publisher>
		<score>3.6</score>
		<genre>Sports</genre>
		<players>2</players>
		<story>Only a handful of top wrestlers can be show their face on the TV for their fans at home. In the I.E.W
			mat, this rule is no exception. In an event practiced for 300 years, only the best performances are in
			demand. This year, the great king of the I.E.W, Joseph Steel, returns to defend his throne. The story of
			eight top wrestlers competing for the greatest prize on the ring, the I.E.W champion belt, is about to
			begin...</story>
	</game>
	<game name="Bikkuriman 2000 - Viva! Pocket Festival! (Japan)">
		<description>Bikkuriman 2000 - Viva! Pocket Festival! (Japan)</description>
		<year>2000</year>
		<manufacturer>Sega</manufacturer>
		<publisher>Sega</publisher>
		<score>2.7</score>
		<genre>Action</genre>
		<players>1</players>
		<story>A tie-in game for the Bikkuriman 2000 anime in Japan. The game's Neo Geo Pocket Color version could link
			to Dreamcast version.</story>
	</game>
	<game name="Biomotor Unitron (USA, Europe)">
		<description>Biomotor Unitron (USA, Europe)</description>
		<year>1999</year>
		<manufacturer>Yumekobo</manufacturer>
		<publisher>SNK</publisher>
		<score>3.4</score>
		<genre>Role-Playing</genre>
		<players>1</players>
		<story>Using the ore mined from the Unitice meteor, humans have been able to develop the man-shaped robots known
			as UNITRONS. As a Unitron master, you control one of these mighty machines as you explore mysterious
			dungeons and fight for the ultimate prize in the Unitron Arena! Create - Collect - Trade! Build your own
			weapons for your Unitron using Arms and Material. There are over 200 possible combinations! Battles against
			fearsome monsters and skilled Unitron masters await you! If you can defeat them all, you too can become...
			The Master of Masters!</story>
	</game>
	<game name="Bust-A-Move Pocket (USA)">
		<description>Bust-A-Move Pocket (USA)</description>
		<year>1999</year>
		<manufacturer>Ukiyotei</manufacturer>
		<publisher>SNK</publisher>
		<score>3.5</score>
		<genre>Puzzle</genre>
		<players>2</players>
		<story>Bust-A-Move Pocket is an installment in the long-running puzzle series exclusive to the Neo Geo Pocket
			Color. It offers a selection of modes and levels seen in earlier entries.

			The game includes three different game modes. Puzzle mode consists of 99 puzzles, taken from various earlier
			entries in the series for a "best of". The first ten levels can be selected from the start, and the best
			clearing times are saved per level. VS mode is the competitive variant of the game, played in best-of-three
			matches either against one of several different CPU opponents (with different strategies) or against another
			player via link connection. Survivor mode is an endless mode played for high score.

			Gameplay follows the standard model: the player controls a cannon at the bottom of the play field that
			shoots randomly colored bubbles. When three or more bubbles of the same color touch, they are removed from
			the field. In puzzle mode, the ceiling moves downward after a while, while in the other modes, additional
			bubbles are added from the top. In survivor mode only, bubbles also are added from the bottom sometimes. The
			game is lost once the bubbles reach the bottom. Popping more than three bubbles at a time moves extra
			bubbles to the opponent's field in VS mode.</story>
	</game>
	<game name="Cool Boarders Pocket (Japan, Europe) (En,Ja)">
		<description>Cool Boarders Pocket (Japan, Europe) (En,Ja)</description>
		<year>2000</year>
		<manufacturer>UEP Systems</manufacturer>
		<publisher>SNK</publisher>
		<score>2.7</score>
		<genre>Sports</genre>
		<players>1</players>
		<story>Cool Boarders Pocket differs to other games in the Cool Boarders series. It features an isometric
			(overhead) view instead of a third-person perspective. The game features two play modes; a free-ride mode
			where the player navigates an obstacle course with no restrictions until he/she reaches the goal, and a
			survival mode where the player snowboards through the obstacle course until they run out of health. The game
			allows the player to choose one of two characters; a female or male snowboarder.</story>
	</game>
	<game name="Cool Cool Jam (Japan)">
		<description>Cool Cool Jam (Japan)</description>
		<year>2000</year>
		<manufacturer>SNK</manufacturer>
		<publisher>SNK</publisher>
		<score>4</score>
		<genre>Music</genre>
		<players>2</players>
		<story>Cool Cool Jam is a rhythm video game which appeared on the Neo Geo Pocket Color in 2000. Cool Cool Jam is
			comparable in gameplay to other rhythm games such as: PaRappa the Rapper, Donkey Konga or Beatmania.

			The storyline involves a boy and a girl who are transported 1,000 years into the future. To return home they
			must form a successful and popular music band.

			The game can be played by one or two players. In two player mode the game plays like a duet; the players
			take it in turn to play tune and receive a message after completion. The game also features a single player
			storymode which has adventure game elements. Various instruments can be played in the game. Each instrument
			has a different playing style. The instruments include:

			Clapping to a beat - a bar moves across the screen the player taps a button when they see a red dot. If
			successful the dot glows.

			Violin - The player taps either the A or B when a red light (button A) or a green light (button B) appears.
			The power can be altered by moving the joystick up and down.

			Bluesharp - The player moves the joystick to coincide with the position of the lights. The player then
			pushes A or B depending whether a red or green light appears.

			Guitar - The player pushes A or B to play the strings and the joystick controls the pick.

			Saxophone - The player moves the joystick and the buttons to control the pitch as the symbols appear on
			screen.

			Trumpet - The player moves the joystick in four directions to change the pitch to coincide with the coloured
			symbols. The player then pushes A or B when the marker appears. A bar indicates air pressure.

			Guitar 2 - Plays the same as the previous Guitar game only upside down.</story>
	</game>
	<game name="Crush Roller (World) (En,Ja)">
		<description>Crush Roller (World) (En,Ja)</description>
		<year>1999</year>
		<manufacturer>ADK</manufacturer>
		<publisher>SNK</publisher>
		<score>3.3</score>
		<genre>Action</genre>
		<players>2</players>
		<story>Crush Roller is a game for the Neo Geo Pocket Color based on the 1981 arcade game Make Trax, which was
			released as Crush Roller in Europe and Asia.

			The object of the game is to color the entire maze-like playing field with a paint brush. While you paint,
			two enemies walk around in the maze, when they hit you, you lose a life.

			A level has rollers which you can push forward with your paint brush. If you capture an enemy in the path of
			the roller he dies and is temporarily taken out of the game. This scores you extra points. Each subsequent
			enemy rolled over is worth more points.

			Every once in a while another creature will pop up, it will run around leaving behind track marks in your
			paint. Painting over this creature removes it from the game and scores you additional points. His tracks
			have to be repainted.

			When the entire maze is painted you win the level. Unlike the original arcade version the Neo Geo Pocket
			Color version has multiple levels.</story>
	</game>
	<game name="Dark Arms - Beast Buster 1999 (World) (En,Ja)">
		<description>Dark Arms - Beast Buster 1999 (World) (En,Ja)</description>
		<year>1999</year>
		<manufacturer>Noise Factory</manufacturer>
		<publisher>SNK</publisher>
		<score>3.9</score>
		<genre>Action;Role-Playing</genre>
		<players>2</players>
		<story>"I crave power. Power that only the darkest evil can imagine." Enter the sinister underworld of the Dark
			Realm! Battle creatures of darkness in your quest for the ultimate bio-weapon. Only then will you be able to
			conquer the evil and grisly world. Collect multiple weapons to defeat the hideous creatures. Four main areas
			to explore and complete. Will you be the one to conquer this action/adventure thriller?</story>
	</game>
	<game name="Delta Warp (Japan) (En,Ja)">
		<description>Delta Warp (Japan) (En,Ja)</description>
		<year>2000</year>
		<manufacturer>Iosys</manufacturer>
		<publisher>Iosys</publisher>
		<score>2.8</score>
		<genre>Puzzle</genre>
		<players>2</players>
		<story>Delta Warp is a puzzle video game released in 2000. The game involves the player moving triangular shaped
			tiles across a board whilst avoiding hazards such as ice. Delta Warp was released only in Japan but features
			English text menus and the simple gameplay style means it can be played by non-Japanese readers.</story>
	</game>
	<game name="Densetsu no Ogre Battle Gaiden - Zenobia no Ouji (Japan)">
		<description>Densetsu no Ogre Battle Gaiden - Zenobia no Ouji (Japan)</description>
		<year>2000</year>
		<manufacturer>Quest</manufacturer>
		<publisher>SNK</publisher>
		<score>2.9</score>
		<genre>Role-Playing;Strategy</genre>
		<players>2</players>
		<story>A side story to the original Ogre Battle, Zenobia no Ōji's plot takes place during the fourteenth chapter
			("The Capital of Milano") of the original game.

			Much like its predecessor, the game is a blend of traditional RPG and strategy gameplay. As the hero of the
			game, you lead a growing army of troops as you progress through the game in a series of pivotal battles.
			Before each battle you are given the option to setup your army into distinct groups. Then you are given a
			mission on the map and you can then set your army out to do your bidding. As your unit groups travel along
			the map on the way to their given objective, they'll happen along enemy unit groups. When they meet, the
			game switches to an isometric view of the automated turn-based battle that ensues.</story>
	</game>
	<game name="Densha de Go! 2 on Neo Geo Pocket (Japan)">
		<description>Densha de Go! 2 on Neo Geo Pocket (Japan)</description>
		<year>1999</year>
		<manufacturer>Taito</manufacturer>
		<publisher>SNK</publisher>
		<score>3.2</score>
		<genre>Vehicle Simulation</genre>
		<players>1</players>
		<story>A train simulator. On the Neo Geo Pocket Color. Actually, a port of an arcade train sim with a dedicated
			train-like controller. On the Neo-Geo-Pocket Color... Recipe for disaster right? Wrong!</story>
	</game>
	<game name="Dive Alert - Becky's Version (USA, Europe)">
		<description>Dive Alert - Becky's Version (USA, Europe)</description>
		<year>1999</year>
		<manufacturer>Sacnoth</manufacturer>
		<publisher>SNK</publisher>
		<score>3.2</score>
		<genre>Role-Playing</genre>
		<players>2</players>
		<story>Dive Alert: Becky's Version is a Role-Playing game, developed by Sacnoth and published by SNK, which was
			released in Japan in 1999. There is another version of Dive Alert titled Dive Alert: Matt's Version,
			featuring a different character and storyline.

			Becky's version features different characters, items and boats to Matt's version. These are logged in a
			device similar to a Pokédex. The battles take place against other ships. A radar view is used to help you
			guide torpedoes against the enemy. A large part of the game is text based with animated cutscenes. Two
			players can link-up with the cable to battle and exchange ships.</story>
	</game>
	<game name="Dive Alert - Matt's Version (USA, Europe)">
		<description>Dive Alert - Matt's Version (USA, Europe)</description>
		<year>1999</year>
		<manufacturer>Sacnoth</manufacturer>
		<publisher>SNK</publisher>
		<score>2.8</score>
		<genre>Role-Playing</genre>
		<players>2</players>
		<story>Dive Alert: Matt's Version is a Role-Playing game, developed by Sacnoth and published by SNK, which was
			released in Japan in 1999. There is another version of Dive Alert called Dive Alert: Becky's Version with a
			different character and storyline.

			Matt's version features different characters, items and boats to Becky's version. These are logged in a
			device similar to a Pokédex. The battles take place against other ships. A radar view is used to help
			players guide torpedoes against the enemy. A large part of the game is text based with animated cutscenes.
			Two players can link-up with the cable to battle, exchange ships and accumulate other data.</story>
	</game>
	<game name="Dokodemo Mahjong (Japan)">
		<description>Dokodemo Mahjong (Japan)</description>
		<year>1999</year>
		<manufacturer>ADK</manufacturer>
		<publisher>ADK</publisher>
		<score>2.5</score>
		<genre>Board Game</genre>
		<players>1</players>
		<story>DokoDemo Mahjong is a Miscellaneous game, developed and published by ADK, which was released in Japan in
			1999.</story>
	</game>
	<game name="Dynamite Slugger (Japan, Europe) (En,Ja)">
		<description>Dynamite Slugger (Japan, Europe) (En,Ja)</description>
		<year>2000</year>
		<manufacturer>ADK</manufacturer>
		<publisher>SNK</publisher>
		<score>2.5</score>
		<genre>Sports</genre>
		<players>2</players>
		<story>A baseball game for the Neo Geo Pocket Color, similar to games such as Baseball Stars.</story>
	</game>
	<game name="Evolution - Eternal Dungeons (Europe)">
		<description>Evolution - Eternal Dungeons (Europe)</description>
		<year>2000</year>
		<manufacturer>Sting</manufacturer>
		<publisher>SNK</publisher>
		<score>3.1</score>
		<genre>Role-Playing</genre>
		<players>1</players>
		<story>A portable version of Evolution: The World of Sacred Device. Eternal Dungeons tells the story of the
			young explorer Mag Launcher and his quest for the fabled Evolutia, an item of immense power.

			The basic premise of the game is to take quests in the town and then assemble your party and attempt to
			clear out the many dungeons in the game, grinding your characters and getting the loot and experience needed
			to advance the plot and buy items, equipment, and upgrades for your Cy-frame, a robotic attachment that
			enables Mag to enhance his combat abilities.

			As expected for a portable version, the gameplay has been significantly downgraded from its original
			Dreamcast version. Town navigation is menu-driven and all graphics are now top-down 2D sprites, with all
			dungeons being pre-designed instead of randomly generated. Combat is turn-based using a menu system from
			which you select your actions for each party member (up to 3) and execute them, but otherwise remains
			unchanged.</story>
	</game>
	<game name="Fantastic Night Dreams - Cotton (Europe)">
		<description>Fantastic Night Dreams - Cotton (Europe)</description>
		<year>2000</year>
		<manufacturer>Success</manufacturer>
		<publisher>SNK</publisher>
		<score>4.2</score>
		<genre>Shooter</genre>
		<players>1</players>
		<story>Fantastic Night Dreams: Cotton is a 2D side-scrolling shooter in which the player takes the role of the
			young witch Cotton, who sets out on her magical broom on a quest to get her favorite candy. Fortunately for
			us her obsession gets her in the way of several world-threatening terrors that she must destroy in standard
			shooter fare.

			The game features an experience-earning system in which the more enemies the player kills the more he can
			upgrade his weapon by collecting power crystals. Players can also charge their weapon for special attacks
			and enlist the aid of Silk, Cotton's magical fairy friend who can form up in different "option"
			configurations.</story>
	</game>
	<game name="Faselei! (USA, Europe)">
		<description>Faselei! (USA, Europe)</description>
		<year>1999</year>
		<manufacturer>Sacnoth</manufacturer>
		<publisher>SNK</publisher>
		<score>3.5</score>
		<genre>Strategy</genre>
		<players>2</players>
		<story>Faselei! is one of the last titles to be released for the Neo Geo Pocket Color and even features
			digitised lyrics to the game's main theme. Heavily story driven, this strategy RPG takes place in a time
			when mechs known as TS are the weapon of choice for combat. Gameplay revolves around the battles and
			customising your TS between those battles.

			Battles are part turn based and part real-time. The player inputs their actions at the beginning of the
			turn. The amount of actions they can input is dependant on their type of TS. Once they have finished their
			selection everything is played out in real-time for the duration of the turn. This makes thinking about what
			your opponents and allies will do in advance essential before taking your turn.</story>
	</game>
	<game name="Fatal Fury F-Contact - Pocket Fighting Series (World) (En,Ja)">
		<description>Fatal Fury F-Contact - Pocket Fighting Series (World) (En,Ja)</description>
		<year>1999</year>
		<manufacturer>SNK</manufacturer>
		<publisher>SNK</publisher>
		<score>3.6</score>
		<genre>Fighting</genre>
		<players>2</players>
		<story>Using the world-famous Japanese SD (Super-Deformed) artwork style, this is the only title of the Fatal
			Fury series to be released on SNK's color handheld.

			The game is based on its arcade/console counterpart Real Bout Fatal Fury 2: The Newcomers, and has its main
			characteristics, like the possibility of execute special moves while blocking (a.k.a. Breakshots), the
			execution of high-strength blows (a.k.a. S. Power and P. Power moves) and the starring of two new combatants
			(Li Xiangfei and Rick Strowd).

			Due to NGPC hardware limitations, some characters have been removed from the main cast (as well as the
			background/foreground battle plane system). With this, the fighters initially available for this contest
			are: Andy Bogard, Terry Bogard, Joe Higashi, Mai Shiranui, Kim Kaphwan, Ryuji Yamazaki, Rick Strowd, Li
			Xiangfei, Billy Kane, Wolfgang Krauser, and Geese Howard.</story>
	</game>
	<game name="Ganbare Neo Poke-kun (Kari) (Japan)">
		<description>Ganbare Neo Poke-kun (Kari) (Japan)</description>
		<year>2000</year>
		<manufacturer>SNK</manufacturer>
		<publisher>SNK</publisher>
		<score>3</score>
		<genre>Platform;Puzzle;Shooter</genre>
		<players>1</players>
		<story>In this game you keep watch on the wacky Neo Poke-kun, a cartoony programmer thing that lives locked in
			his small Tokyo apartment. You don't have direct control of his actions but instead interact with him
			indirectly by switching stuff in his apartment on and off, which triggers different reactions from him. More
			importantly you can invite different characters to visit Neo Poke-kun, which will also trigger different
			reactions from him. Depending on the time of day and the visitor you may get different reactions from
			Poke-kun, and if you make him happy enough he'll get to work and code a mini-game for you.

			These collection of 30 games form the bulk of the gameplay, and include different clones of other games,
			shooters, short platformers, and compact puzzle challenges similar to Wario Ware.

			The game has a distinctly bizarre sense of humor with wacky animations played whenever something happens to
			your Poke-kun, and while some games use basic vector graphics, most use 2D sprites.</story>
	</game>
	<game name="Infinity Cure (Japan)">
		<description>Infinity Cure (Japan)</description>
		<year>2000</year>
		<manufacturer>Kid</manufacturer>
		<publisher>KID</publisher>
		<score>5</score>
		<genre>Adventure</genre>
		<players>1</players>
		<story>A port of the visual novel "Infinity" for the Neo-Geo Pocket Color</story>
	</game>
	<game name="Kikou Seiki Unitron - Sono Tsuide. Hikari Umareru Chi Yori. (Japan)">
		<description>Kikou Seiki Unitron - Sono Tsuide. Hikari Umareru Chi Yori. (Japan)</description>
		<year>2000</year>
		<manufacturer>Yumekobo</manufacturer>
		<publisher>SNK</publisher>
		<score>2.7</score>
		<genre>Role-Playing;Strategy</genre>
		<players>2</players>
		<story>Kikou Seiki Unitron is the sequel to Biomotor Unitron. It was only released in Japan.

			It continues the gameplay of Biomotor Unitron with top down dungeons and menu-based combat. The story takes
			place 400 years in the future from the original. This time you control 10 characters. Like the original your
			main priorities are upgrading your Unitron robot. The game features more dungeons than the original and they
			are partly randomized on each play through. Using a link cable you can pit your Unitron against that of
			friends.</story>
	</game>
	<game name="King of Fighters R-2 - Pocket Fighting Series (World) (En,Ja)">
		<description>King of Fighters R-2 - Pocket Fighting Series (World) (En,Ja)</description>
		<year>1999</year>
		<manufacturer>SNK</manufacturer>
		<publisher>SNK</publisher>
		<score>2.9</score>
		<genre>Fighting</genre>
		<players>2</players>
		<story>Mix it up in COLOR with King Of Fighters R-2 now on NEOGEO Pocket Color! Get SKILLS in the MAKING Mode
			and create your very own custom-made character! You can also play two-player VS. MODE battles and trade
			SKILLS using the NEOGEO Pocket Link Cable! 14 characters to choose from including 2 new characters make King
			Of Fighters R-2 H-O-T!

			Linkable to Sega Dreamcast's The King of Fighters: Dream Match 1999.</story>
	</game>
	<game name="King of Fighters, The - Battle de Paradise (Japan)">
		<description>King of Fighters, The - Battle de Paradise (Japan)</description>
		<year>2000</year>
		<manufacturer>SNK</manufacturer>
		<publisher>SNK</publisher>
		<score>2.6</score>
		<genre>Board Game</genre>
		<players>2</players>
		<story>The King of Fighters: Battle de Paradise (THE KING OF FIGHTERS バトル DE パラダイス), alternatively known as KOF:
			Battle de Paradise, is a board game style handheld game developed for the Neo Geo Pocket Color. It was
			released July 6, 2000 and remains exclusively in Japan. Players could transfer game points for the Dreamcast
			port, The King of Fighters '99: Evolution, to speed up the leveling process for the Extra Strikers. The
			artistic style of the games is similar to SNK vs. Capcom: Card Fighters Clash.</story>
	</game>
	<game name="Koi Koi Mahjong (Japan)">
		<description>Koi Koi Mahjong (Japan)</description>
		<year>2000</year>
		<manufacturer>Visco</manufacturer>
		<publisher>Visco</publisher>
		<score>3.3</score>
		<genre>Casino</genre>
		<players>2</players>
		<story>A mahjong game released by Visco for the Neo Geo Pocket Color in 2000.</story>
	</game>
	<game name="Last Blade, The - Beyond the Destiny (USA, Europe)">
		<description>Last Blade, The - Beyond the Destiny (USA, Europe)</description>
		<year>2000</year>
		<manufacturer>SNK</manufacturer>
		<publisher>SNK</publisher>
		<score>3.9</score>
		<genre>Fighting</genre>
		<players>2</players>
		<story>A port of the successful 2D fighter Last Blade for the NeoGeo Pocket Color. The port features nearly all
			the characters featured in the original game clashing against each other using a limited color palette and a
			new super-deformed character design, but otherwise identically as in their arcade counterpart. You select
			your character from a selection of swordsmen and then proceed to fight and defeat all your opponents in a
			one-on-one fighting tournament involving weapon fighting a la Samurai Shodown.

			Unique to the port is the fact that it allows you to unlock and play as characters from Last Blade 2 and in
			fact eventually unlock the full storyline for the sequel, making the game sort of a compilation of both
			released games in the series.</story>
	</game>
	<game name="Magical Drop Pocket (USA, Europe)">
		<description>Magical Drop Pocket (USA, Europe)</description>
		<year>1999</year>
		<manufacturer>SAS Sakata</manufacturer>
		<publisher>SNK</publisher>
		<score>3.7</score>
		<genre>Puzzle</genre>
		<players>2</players>
		<story>A Magical Drop game for the Neo Geo Pocket. It features characters from Magical Drop 3, but with
			different patterns and new storylines.</story>
	</game>
	<game name="Memories Off - Pure (Japan)">
		<description>Memories Off - Pure (Japan)</description>
		<year>2000</year>
		<manufacturer>Kid</manufacturer>
		<publisher>KID</publisher>
		<score>3.0</score>
		<genre>Adventure</genre>
		<players>1</players>
		<story>Memories Off: Pure is a prequel to Memories Off. The events of the game take place three years before
			those of the previous game, when the protagonist Tomoya Mikami was still attending middle school. The game
			primarily revolves around his relationships with his childhood friend Yue Imasaka and Ayaka Hizuki, whose
			tragic fate is mentioned in the first game.

			Gameplay-wise, the prequel is identical to the preceding game, with the gameplay being reduced to occasional
			decision-making that influences the course of the story and ultimately leads it to different endings.
		</story>
	</game>
	<game name="Metal Slug - 1st Mission (World) (En,Ja)">
		<description>Metal Slug - 1st Mission (World) (En,Ja)</description>
		<year>1999</year>
		<manufacturer>Ukiyotei</manufacturer>
		<publisher>SNK</publisher>
		<score>3.7</score>
		<genre>Shooter</genre>
		<players>1</players>
		<story>As a member of the elite forces squad "Peregrine Falcons," your mission is to eliminate the evil Colonel
			Bildegaarn. Using the Metal Slug multi-function tank and the Slug Flyer as well as your wits and handgun
			blast through up to 17 missions in your quest to make the world safe from tyranny. Multiple stage
			progressions and a gameplay ranking system give reason to play through more than once. In-game save lets the
			player on the go turn off the Neo Geo Pocket and not lose progress.</story>
	</game>
	<game name="Metal Slug - 2nd Mission (World) (En,Ja)">
		<description>Metal Slug - 2nd Mission (World) (En,Ja)</description>
		<year>2000</year>
		<manufacturer>Ukiyotei</manufacturer>
		<publisher>SNK</publisher>
		<score>3.3</score>
		<genre>Shooter</genre>
		<players>1</players>
		<story>Take control of the Metal Slug tank on the NGPC once again, this time to defeat the rebel strike force
			"Phantom." Travel through 38 stages in a non-linear battle path defeating enemy troops and rescuing
			hostages. Pilot the Metal Slug tank, Slug Flyer combat jet, and the Slug Sub submarine and fire the heavy
			machine gun, rocket launcher, and fire gun. Two unique playable characters, a list of rescued hostages, and
			a time attack mode add depth to this side-scroller.</story>
	</game>
	<game name="Mezase! Kanji Ou (Japan)">
		<description>Mezase! Kanji Ou (Japan)</description>
		<year>2000</year>
		<manufacturer>SNK</manufacturer>
		<publisher>SNK</publisher>
		<score>5</score>
		<genre>Education</genre>
		<players>1</players>
		<story>A kanji tutor for the Neo Geo Pocket Color.</story>
	</game>
	<game name="Mizuki Shigeru no Youkai Shashinkan (Japan)">
		<description>Mizuki Shigeru no Youkai Shashinkan (Japan)</description>
		<year>1999</year>
		<manufacturer>Ukiyotei</manufacturer>
		<publisher>SNK</publisher>
		<score>3.5</score>
		<genre>Role-Playing</genre>
		<players>1</players>
		<story>Mizuki Shigeru no Youkai Shashinkan is a role playing game for the Neo-Geo Pocket Color. The title is
			designed as a ghost catcher game, except with photos.</story>
	</game>
	<game name="Neo 21 - Pocket Casino Series (World)">
		<description>Neo 21 - Pocket Casino Series (World)</description>
		<year>1999</year>
		<manufacturer>DYNA</manufacturer>
		<publisher>SNK</publisher>
		<score>2</score>
		<genre>Casino</genre>
		<players>2</players>
		<story>Neo 21 is a Casino game, developed by Dyna Corporation and published by SNK, which was released in Japan
			in 1999.</story>
	</game>
	<game name="Neo Baccarat - Pocket Casino Series (Japan, Europe) (v1.1)">
		<description>Neo Baccarat - Pocket Casino Series (Japan, Europe) (v1.1)</description>
		<year>2000</year>
		<manufacturer>DYNA</manufacturer>
		<publisher>SNK</publisher>
		<score>2.6</score>
		<genre>Casino</genre>
		<players>2</players>
		<story>Neo Baccarat is a Casino game, developed by DYNA and published by SNK, which was released in Europe in
			2000.</story>
	</game>
	<game name="Neo Cherry Master Color - Pocket Casino Series (World) (En,Ja)">
		<description>Neo Cherry Master Color - Pocket Casino Series (World) (En,Ja)</description>
		<year>1999</year>
		<manufacturer>DYNA</manufacturer>
		<publisher>SNK</publisher>
		<score>2.4</score>
		<genre>Casino</genre>
		<players>1</players>
		<story>Neo Cherry Master Color is a Casino game, developed by DYNA and published by SNK, which was released in
			Japan in 1999.</story>
	</game>
	<game name="Neo Derby Champ Daiyosou (Japan)">
		<description>Neo Derby Champ Daiyosou (Japan)</description>
		<year>1999</year>
		<manufacturer>DYNA</manufacturer>
		<publisher>DYNA</publisher>
		<score>0.7</score>
		<genre>Sports</genre>
		<players>1</players>
		<story>A horse racing game for the Neo Geo Pocket Color.</story>
	</game>
	<game name="Neo Dragon's Wild - Pocket Casino Series (World) (En,Ja)">
		<description>Neo Dragon's Wild - Pocket Casino Series (World) (En,Ja)</description>
		<year>1999</year>
		<manufacturer>DYNA</manufacturer>
		<publisher>SNK</publisher>
		<score>3.1</score>
		<genre>Casino</genre>
		<players>1</players>
		<story>A casino game released for the Neo Geo Pocket Color.</story>
	</game>
	<game name="Neo Mystery Bonus - Pocket Casino Series (World) (En,Ja)">
		<description>Neo Mystery Bonus - Pocket Casino Series (World) (En,Ja)</description>
		<year>1999</year>
		<manufacturer>DYNA</manufacturer>
		<publisher>SNK</publisher>
		<score>1.5</score>
		<genre>Casino</genre>
		<players>1</players>
		<story>Neo Mystery Bonus, while not the most fully featured slots game around, is quick and simple to get into.
			Like most other slots games, you start by placing your bet, then spin the slots and test your luck. The
			graphics are plain and depict the different icons on the machine very clearly. There are no extra modes in
			the game, just basic slots.</story>
	</game>
	<game name="Neo Poke Pro Yakyuu (Japan) (v1.1)">
		<description>Neo Poke Pro Yakyuu (Japan) (v1.1)</description>
		<year>1999</year>
		<manufacturer>ADK</manufacturer>
		<publisher>SNK</publisher>
		<score>3.5</score>
		<genre>Sports</genre>
		<players>2</players>
		<story>A baseball game developed by ADK and published by SNK for the Neo Geo Pocket Color.</story>
	</game>
	<game name="Neo Turf Masters (World) (En,Ja)">
		<description>Neo Turf Masters (World) (En,Ja)</description>
		<year>1999</year>
		<manufacturer>SNK</manufacturer>
		<publisher>SNK</publisher>
		<score>3.5</score>
		<genre>Sports</genre>
		<players>2</players>
		<story>The player picks one of six available golfers and competes on a number of golf courses around the world,
			including Japan (Fujiyama Oriental Golf Club), America (Grand Canyon Golf Course), Australia (Blue Lagoon
			Golf Course), and Germany (Baden Golf Course). The game features two modes of play. The first is Stroke
			Play, in which the player attempts to get the best score by playing all 18 holes. The second is Match Play,
			in which two players compete to see who can win more of the 18 holes. Get ready to hit the fairway!</story>
	</game>
	<game name="NeoGeo Cup '98 Plus Color - Pocket Sports Series (World) (En,Ja)">
		<description>NeoGeo Cup '98 Plus Color - Pocket Sports Series (World) (En,Ja)</description>
		<year>1999</year>
		<manufacturer>SNK</manufacturer>
		<publisher>SNK</publisher>
		<score>3.4</score>
		<genre>Sports</genre>
		<players>2</players>
		<story>NeoGeo Cup '98 Plus is a soccer game for the Neo Geo Pocket. The game features single match play,
			head-to-head play (using a link cable), and story mode. You can choose to play one of 16 international
			teams. Each team has their own collective stats. On the field you can perform passes, shots, dribbles,
			slidings and charges. In the story mode you have to win as many matches as possible in a series of
			tournaments. Before and during matches you can change the field formations and switch players. Each won
			match gives you prize money, this can be used to buy items for your team. These items usually improve one
			stat, but decrease another.</story>
	</game>
	<game name="Nige-ron-pa (Japan)">
		<description>Nige-ron-pa (Japan)</description>
		<year>2000</year>
		<manufacturer>Dennou Club</manufacturer>
		<publisher>Dennou Club</publisher>
		<score>2.3</score>
		<genre>Role-Playing</genre>
		<players>1</players>
		<story>Nigeronpa is an RPG for the Neo-geo Pocket Color. Set in the magical world of Nigeronpa, where humans and
			devilmen coexist, you, as the player, must attract and hire party members in order to survive.

			Nigeronpa is set on the rather appropriately named world of Nigeronpa, a place inhabited by magical humans
			and devilmen. The game features a high degree of customizability, as at the beginning of each game, the
			player is required to build their own character. Whatever they end up constructing will have a direct impact
			on the game, which uses a system of reputation points to determine just who can be added to the player's
			party. The more reputation points, the more likely it is that additional characters can be hired; if
			confidence in the player dips too low, they may leave the party.</story>
	</game>
	<game name="Pac-Man (World) (En,Ja)">
		<description>Pac-Man (World) (En,Ja)</description>
		<year>1999</year>
		<manufacturer>Namco</manufacturer>
		<publisher>Namco</publisher>
		<score>4.1</score>
		<genre>Action</genre>
		<players>1</players>
		<story>The original Pac-Man returns, now on NEOGEO Pocket Color! Featuring: Totally cool game screen designs! 2
			types of displays to select from! Gobble up fruit to rack up bonus points! Gulp the Power Pellets and strike
			back against the ghosts! Enjoy the legendary "Coffee Break" screen!</story>
	</game>
	<game name="Pachi-Slot Aruze Oukoku Pocket - Azteca (Japan)">
		<description>Pachi-Slot Aruze Oukoku Pocket - Azteca (Japan)</description>
		<year>2000</year>
		<manufacturer>Aruze</manufacturer>
		<publisher>Aruze</publisher>
		<score>1.5</score>
		<genre>Casino</genre>
		<players>1</players>
		<story>A Pachi-Slot game in the Pachi-Slot Aruze Oukoku Pocket series.</story>
	</game>
	<game name="Pachi-Slot Aruze Oukoku Pocket - Dekahel 2 (Japan)">
		<description>Pachi-Slot Aruze Oukoku Pocket - Dekahel 2 (Japan)</description>
		<year>2001</year>
		<manufacturer>Aruze</manufacturer>
		<publisher>Aruze</publisher>
		<score>0</score>
		<genre>Casino</genre>
		<players>1</players>
		<story>Pachi-Slot Aruze Oukoku Pocket: Dekahel 2 is a Pachi-Slot simulation game developed and published by
			Aruze for Neo Geo Pocket Color.</story>
	</game>
	<game name="Pachi-Slot Aruze Oukoku Pocket - Delsol 2 (Japan)">
		<description>Pachi-Slot Aruze Oukoku Pocket - Delsol 2 (Japan)</description>
		<year>2000</year>
		<manufacturer>Aruze</manufacturer>
		<publisher>Aruze</publisher>
		<score>3.1</score>
		<genre>Casino</genre>
		<players>1</players>
		<story>Pachi-Slot Aruze Oukoku Pocket: Delsol 2 is a Pachi-Slot simulation developed and published by Aruze for
			Neo Geo Pocket Color.</story>
	</game>
	<game name="Pachi-Slot Aruze Oukoku Pocket - e-CUP (Japan)">
		<description>Pachi-Slot Aruze Oukoku Pocket - e-CUP (Japan)</description>
		<year>2001</year>
		<manufacturer>Aruze</manufacturer>
		<publisher>Aruze</publisher>
		<score>2.1</score>
		<genre>Casino</genre>
		<players>1</players>
		<story>Pachi-Slot Aruze Oukoku Pocket: e-Cup is a Pachi-Slot simulation developed and published by Aruze for Neo
			Geo Pocket Color.</story>
	</game>
	<game name="Pachi-Slot Aruze Oukoku Pocket - Hanabi (Japan)">
		<description>Pachi-Slot Aruze Oukoku Pocket - Hanabi (Japan)</description>
		<year>1999</year>
		<manufacturer>Aruze</manufacturer>
		<publisher>Aruze</publisher>
		<score>1.8</score>
		<genre>Casino</genre>
		<players>1</players>
		<story>Pachi-Slot Aruze Oukoku Pocket: Hanabi is a Pachi-Slot simulation developed and published by Aruze for
			Neo Geo Pocket Color.</story>
	</game>
	<game name="Pachi-Slot Aruze Oukoku Pocket - Ohhanabi (Japan)">
		<description>Pachi-Slot Aruze Oukoku Pocket - Ohhanabi (Japan)</description>
		<year>2000</year>
		<manufacturer>Aruze</manufacturer>
		<publisher>Aruze</publisher>
		<score>1</score>
		<genre>Casino</genre>
		<players>1</players>
		<story>Pachi-Slot Aruze Oukoku Pocket: Oohanabi is a Pachi-Slot simulation game developed and published by Aruze
			for Neo Geo Pocket Color.</story>
	</game>
	<game name="Pachi-Slot Aruze Oukoku Pocket - Porcano 2 (Japan)">
		<description>Pachi-Slot Aruze Oukoku Pocket - Porcano 2 (Japan)</description>
		<year>2000</year>
		<manufacturer>Aruze</manufacturer>
		<publisher>Aruze</publisher>
		<score>0</score>
		<genre>Casino</genre>
		<players>1</players>
		<story>Pachi-Slot Aruze Oukoku Pocket: Porcano 2 is a Pachi-Slot simulation game developed and published by
			Aruze for Neo Geo Pocket Color.</story>
	</game>
	<game name="Pachi-Slot Aruze Oukoku Pocket - Ward of Lights (Japan)">
		<description>Pachi-Slot Aruze Oukoku Pocket - Ward of Lights (Japan)</description>
		<year>2000</year>
		<manufacturer>Aruze</manufacturer>
		<publisher>Aruze</publisher>
		<score>3</score>
		<genre>Casino</genre>
		<players>1</players>
		<story>Pachi-Slot Aruze Oukoku Pocket: Ward of Lights is a Pachi-Slot simulation developed and published by
			Aruze for Neo Geo Pocket Color.</story>
	</game>
	<game name="Pachinko Hisshou Guide - Pocket Parlor (Japan)">
		<description>Pachinko Hisshou Guide - Pocket Parlor (Japan)</description>
		<year>1999</year>
		<manufacturer>Japan Vistec</manufacturer>
		<publisher>Japan Vistec</publisher>
		<score>3.5</score>
		<genre>Casino</genre>
		<players>1</players>
		<story>Pachinko Hisshou Guide: Pocket Parlor is a Casino game, developed and published by Japan Vistec, which
			was released in Japan in 1999.</story>
	</game>
	<game name="Party Mail (Japan)">
		<description>Party Mail (Japan)</description>
		<year>1999</year>
		<manufacturer>ADK</manufacturer>
		<publisher>SNK</publisher>
		<score>1</score>
		<genre>Action</genre>
		<players>1</players>
		<story>A Japan-only Neo Geo Pocket Color game released in 1999.</story>
	</game>
	<game name="Picture Puzzle (Europe)">
		<description>Picture Puzzle (Europe)</description>
		<year>2000</year>
		<manufacturer>Success</manufacturer>
		<publisher>SNK</publisher>
		<score>4.2</score>
		<genre>Puzzle</genre>
		<players>1</players>
		<story>The basic game is laid out on a blank grid, and it is your job to find out where and what the picture is
			beneath. You achieve this by knocking out squares in a similar fashion to Minesweeper, you guess calculated
			by the clues given alongside the playing area.</story>
	</game>
	<game name="Pocket Love - if (Japan)">
		<description>Pocket Love - if (Japan)</description>
		<year>1999</year>
		<manufacturer>Kid</manufacturer>
		<publisher>KID</publisher>
		<score>0.5</score>
		<genre>Adventure</genre>
		<players>1</players>
		<story>Pocket Love: If is an Adventure game, developed and published by Kid, which was released in Japan in
			1999.</story>
	</game>
	<game name="Pocket Reversi (Europe)">
		<description>Pocket Reversi (Europe)</description>
		<year>2000</year>
		<manufacturer>Success</manufacturer>
		<publisher>SNK</publisher>
		<score>2.8</score>
		<genre>Board Game</genre>
		<players>2</players>
		<story>A board game for the Neo Geo Pocket Color, released in Japan and Europe in 2000.</story>
	</game>
	<game name="Pocket Tennis Color - Pocket Sports Series (World) (En,Ja)">
		<description>Pocket Tennis Color - Pocket Sports Series (World) (En,Ja)</description>
		<year>1999</year>
		<manufacturer>Yumekobo</manufacturer>
		<publisher>SNK</publisher>
		<score>3.1</score>
		<genre>Sports</genre>
		<players>2</players>
		<story>Pocket Tennis a simple tennis game with two play modes: Exhibition and Tournament.

			Exhibition is a single match against computer or human opponent (requires link cable). There do exist eight
			player characters with different skills (human player must select one of those eight characters too) and
			four (five in the color version) different courts. Also amount of sets per game can be selected (1, 3 or 5).

			Tournament is only against computer. Human player can pick his/her character but not the computer opponent.
			Also selection of courts and amount of sets is missing. Three games will be played: quarter and semifinals
			and of course the final.</story>
	</game>
	<game name="PP-AA01 - Pusher - Program - Hontai Controller Gawa (Japan)">
		<description>PP-AA01 - Pusher - Program - Hontai Controller Gawa (Japan)</description>
		<year></year>
		<manufacturer></manufacturer>
		<publisher></publisher>
		<score>0</score>
		<genre></genre>
		<players></players>
		<story></story>
	</game>
	<game name="Puyo Pop (World) (En,Ja)">
		<description>Puyo Pop (World) (En,Ja)</description>
		<year>1999</year>
		<manufacturer>Compile</manufacturer>
		<publisher>SNK</publisher>
		<score>3.3</score>
		<genre>Puzzle</genre>
		<players>2</players>
		<story>The follow-up to Puyo Puyo is, like its predecessor, a falling block game in which the goal is to combine
			four or more blocks (Puyos) of the same color, which then disappear. The remaining Puyos will then fall down
			and can produce combos which can cause special blocks (Nuisance Puyos, that can only be destroyed by
			eliminating adjacent Puyos) to appear on the enemy's field.

			This game includes a story mode, in which Arle (the main character) fights against computer enemies and a vs
			player mode</story>
	</game>
	<game name="Puzzle Link (USA, Europe)">
		<description>Puzzle Link (USA, Europe)</description>
		<year>1999</year>
		<manufacturer>Yumekobo</manufacturer>
		<publisher>SNK</publisher>
		<score>3.3</score>
		<genre>Puzzle</genre>
		<players>2</players>
		<story>Puzzle Link is a game where blocks of matching color have to be dissolved. New blocks constantly scroll
			into the screen from the top. The game is over when the first blocks reach the bottom of the screen. You can
			dissolve blocks by shooting at them. The shots form a line where they impact. If that line connects
			otherwise unconnected blocks of the same color they will dissolve.

			There are three different modes: In "Normal" you have to link two special blocks that appear after some
			time. If you manage to finish the level within the time limit you will unlock one of 50 collectible cards.
			In "Clear Mode" you have to clear a given constellation of blocks. "Battle Mode" is a two player link-cable
			mode.</story>
	</game>
	<game name="Puzzle Link 2 (USA, Europe)">
		<description>Puzzle Link 2 (USA, Europe)</description>
		<year>1999</year>
		<manufacturer>Yumekobo</manufacturer>
		<publisher>SNK</publisher>
		<score>2.8</score>
		<genre>Puzzle</genre>
		<players>2</players>
		<story>The gameplay of Puzzle Link 2 is generally identical to the first game: Puzzle Link is a game where
			blocks of matching color have to be dissolved. New blocks constantly scroll into the screen from the top.
			The game is over when the first blocks reach the bottom of the screen. You can dissolve blocks by shooting
			at them. The shots form a line where they impact. If that line connects otherwise unconnected blocks of the
			same color they will dissolve.

			There are new modes in Puzzle Link 2. Like the original, there are the standard challenge and puzzle rounds.
			But new to the series is the marathon-style game where you continue eliminating pieces as the game gradually
			increases speed. In this mode, more power-ups appear as the player performs faster. Here, you get three
			shots that will eliminate the same color tile from the board. The game also has link cable support for two
			players.</story>
	</game>
	<game name="Rockman - Battle &amp; Fighters (Japan)">
		<description>Rockman - Battle &amp; Fighters (Japan)</description>
		<year>2000</year>
		<manufacturer>Capcom</manufacturer>
		<publisher>Capcom</publisher>
		<score>3.4</score>
		<genre>Fighting</genre>
		<players>2</players>
		<story>Rockman Battle &amp; Fighters is a fighting game similar to the two arcade titles Mega Man: The Power
			Battle, and Mega Man 2: The Power Fighters. Playing as one of four characters (Mega Man, Proto Man, Bass,
			and Duo), the player chooses between three sets of boss battles with various Robot Masters from the series.
			The battles are fought linearly in any order, and after each boss is defeated, a special weapon is added to
			the player's arsenal. Each boss is weak to one specific weapon, so the player is encouraged to strategize
			the order in which the bosses are faced. Two players can use a link cable to transfer database information
			between systems, but no co-op or versus play is supported.</story>
	</game>
	<game name="Samurai Shodown! 2 - Pocket Fighting Series (World) (En,Ja)">
		<description>Samurai Shodown! 2 - Pocket Fighting Series (World) (En,Ja)</description>
		<year>1999</year>
		<manufacturer>SNK</manufacturer>
		<publisher>SNK</publisher>
		<score>3.7</score>
		<genre>Fighting</genre>
		<players>2</players>
		<story>Here comes the diminutive SAMURAI! A colorful, awesome sword battle that is simply H-O-T! Hook up the
			NEOGEO Pocket Link Cable for communication battles against your friends!</story>
	</game>
	<game name="Shanghai Mini (World) (En,Ja)">
		<description>Shanghai Mini (World) (En,Ja)</description>
		<year>1999</year>
		<manufacturer>SNK</manufacturer>
		<publisher>SNK</publisher>
		<score>2.7</score>
		<genre>Puzzle</genre>
		<players>2</players>
		<story>Shanghai Mini is a release in the series of Activision's tile matching games. Included are classic,
			tournament and dynasty modes. Classic is normal game with six different board layouts. In tournament game
			player challenges the Tower of Shanghai and tries to beat the Shanghai Master by solving different board
			layouts within time limit. Dynasty is two player competition - against computer or human (requires link
			cable) opponent.</story>
	</game>
	<game name="Shougi no Tatsujin Color (Japan)">
		<description>Shougi no Tatsujin Color (Japan)</description>
		<year>1999</year>
		<manufacturer>ADK</manufacturer>
		<publisher>SNK</publisher>
		<score>2.2</score>
		<genre>Board Game</genre>
		<players>2</players>
		<story>Shogi no Tatsujin Color is a Board Game game, developed by ADK and published by SNK, which was released
			in Japan in 1999.</story>
	</game>
	<game name="SNK Gals' Fighters (USA, Europe)">
		<description>SNK Gals' Fighters (USA, Europe)</description>
		<year>2000</year>
		<manufacturer>Yumekobo</manufacturer>
		<publisher>SNK</publisher>
		<score>3.7</score>
		<genre>Fighting</genre>
		<players>2</players>
		<story>Sugar and spice and everything nice, that's what little girls are made of... NOT! It's time for the
			ladies to show who's boss in this superb all-girls fighting fantasy! Eight fabulous femme fatales to choose
			from and five different game modes! Use Super Attacks and collect and trade special items!</story>
	</game>
	<game name="SNK vs. Capcom - Card Fighters 2 - Expand Edition (Japan)">
		<description>SNK vs. Capcom - Card Fighters 2 - Expand Edition (Japan)</description>
		<year>2001</year>
		<manufacturer>SNK</manufacturer>
		<publisher>SNK</publisher>
		<score>3.6</score>
		<genre>Board Game</genre>
		<players>2</players>
		<story>SNK vs. Capcom: Card Fighter's Clash 2 Expand Edition is the second game of the Card Fighters series.
			Unlike its predecessor, Card Fighters 2 was released as a single game; the player is asked whether they
			prefer SNK or Capcom upon starting the game.

			Also unlike the first Card Fighters game, Card Fighters 2 was a Japanese-exclusive release. Fortunately, a
			fan translation patch can be used to translate the text into English.

			New Features
			-----------------
			Card Fighters 2 features a more straightforward single-player mode, as opposed to the RPG-like gameplay of
			the first Card Fighters game. Several new characters are added, both from SNK and Capcom. In addition,
			special edition cards (featuring non-SD picture art) are added.

			The only addition gameplay-wise is the Reaction card, which are essentially Action cards that are played
			right before defending an attack. Otherwise, the core game is identical to the first Card Fighters.</story>
	</game>
	<game name="SNK vs. Capcom - Card Fighters' Clash - Capcom Version (USA, Europe)">
		<description>SNK vs. Capcom - Card Fighters' Clash - Capcom Version (USA, Europe)</description>
		<year>1999</year>
		<manufacturer>SNK</manufacturer>
		<publisher>SNK</publisher>
		<score>4.6</score>
		<genre>Strategy</genre>
		<players>2</players>
		<story>Cut loose with your favorite characters in the card-battle clash of the century! Choose your characters,
			customize your deck, and enter the SC Card Clash Tournament. Use strategic card arrangements to win your
			match, along with more cards to battle with. 300 different cards for you to use, collect and exchange.
			Create unlimited card battle combinations and customize 5 separate decks. Challenge a friend or exchange
			data with other NGPC titles via the NGP Link Cable. Starter deck will consist of mostly Capcom characters.
		</story>
	</game>
	<game name="SNK vs. Capcom - Card Fighters' Clash - SNK Version (USA, Europe)">
		<description>SNK vs. Capcom - Card Fighters' Clash - SNK Version (USA, Europe)</description>
		<year>1999</year>
		<manufacturer>SNK</manufacturer>
		<publisher>SNK</publisher>
		<score>4.1</score>
		<genre>Strategy</genre>
		<players>2</players>
		<story>Cut loose with your favorite characters in the card-battle clash of the century! Choose your characters,
			customize your deck, and enter the SC Card Clash Tournament. Use strategic card arrangements to win your
			match, along with more cards to battle with. 300 different cards for you to use, collect and exchange.
			Create unlimited card battle combinations and customize 5 separate decks. Challenge a friend or exchange
			data with other NGPC titles via the NGP Link Cable. Starter deck will consist of mostly SNK characters.
		</story>
	</game>
	<game name="SNK vs. Capcom - The Match of the Millennium (World) (En,Ja)">
		<description>SNK vs. Capcom - The Match of the Millennium (World) (En,Ja)</description>
		<year>1999</year>
		<manufacturer>Capcom</manufacturer>
		<publisher>SNK</publisher>
		<score>3.8</score>
		<genre>Fighting</genre>
		<players>2</players>
		<story>With 18 starting characters (26 total after unlocking), numerous battle modes and varied minigames, this
			may be the largest fighting game for the Neo Geo Pocket Color. Choose the fighting style that suits you from
			the available Single, Tag and Team modes. The SC Olympic mode grants access to minigames from a music game
			featuring Felicia to a whack-a-mole style game with Jubei. The Olympic mode also allows players to compete
			for gold, silver and bronze medals in various fighting challenges. Link features include NGPC-to-NGPC
			battles and NGPC-to-Dreamcast data exchange with other SNK titles.</story>
	</game>
	<game name="Sonic The Hedgehog - Pocket Adventure (World)">
		<description>Sonic The Hedgehog - Pocket Adventure (World)</description>
		<year>1999</year>
		<manufacturer>SNK</manufacturer>
		<publisher>SNK</publisher>
		<score>4.1</score>
		<genre>Platform</genre>
		<players>2</players>
		<story>Help Sonic rescue his forest friends from the evil Dr. Robotnik. Grab those golden rings and collect all
			the chaos emeralds for special bonuses. Rush through multiple bonus levels and challenge the high score
			record. Collect puzzle pieces and complete the mystery photo. Play against a friend in a 2-player Vs.
			battle. The action is gonna be super SONIC!</story>
	</game>
	<game name="Soreike!! Hanafuda Doujou (Japan)">
		<description>Soreike!! Hanafuda Doujou (Japan)</description>
		<year>1999</year>
		<manufacturer>DYNA</manufacturer>
		<publisher>DYNA</publisher>
		<score>2.2</score>
		<genre>Strategy</genre>
		<players>2</players>
		<story>Soreike!! Hanafuda Doujou is a Card game, developed and published by Dyna, which was released in Japan in
			1999.</story>
	</game>
	<game name="Super Real Mahjong - Premium Collection (Japan)">
		<description>Super Real Mahjong - Premium Collection (Japan)</description>
		<year>2001</year>
		<manufacturer>SETA</manufacturer>
		<publisher>SNK</publisher>
		<score>2.9</score>
		<genre>Puzzle</genre>
		<players>1</players>
		<story>Super Real Mahjong Premium Collection is the first handheld installment in the Super Real Mahjong series.
			As usual, you play strip mahjong with pretty girls, this time several from many of the games. However, due
			to the system's limitations, only a few strip scenes are animated. It also has some visual novel-like
			qualities, particularly a story mode where you try to focus on one girl each time it is played. This is
			accomplished by choosing the right options when they are presented to you. If you succeed in focusing on
			only one girl, her CG is then unlocked in the gallery.</story>
	</game>
</menu>