<?xml version="1.0" encoding="UTF-8"?>
<menu>
   <game name="AlienBreed_v2.3a_0998">
      <description>Alien Breed</description>
      <year>1991</year>
      <developer>Team 17</developer>
      <publisher>Team 17</publisher>
      <score>0.8</score>
      <genre>Shooter</genre>
      <players>2</players>
   </game>
   <game name="AlienBreedSpecialEdition_v1.0_0615">
      <description>Alien Breed  - Special Edition 92</description>
      <year>1992</year>
      <developer>Team 17</developer>
      <publisher>Team 17</publisher>
      <score>0.8</score>
      <genre>Shooter</genre>
      <players>2</players>
   </game>
   <game name="Bart Vs The Space Mutants">
      <description>The Simpsons  - Bart vs. The Space Mutants</description>
      <year>1991</year>
      <developer>Acclaim</developer>
      <publisher>Acclaim</publisher>
      <score>0.6</score>
      <genre>Platform</genre>
      <players>1</players>
   </game>
   <game name="AddamsFamily_v1.3_0419">
      <description>The Addams Family</description>
      <year>1992</year>
      <developer>Ocean</developer>
      <publisher>Ocean</publisher>
      <score>0.8</score>
      <genre>Platform</genre>
      <players>1</players>
   </game>
   <game name="Agony_v2.1_0960">
      <description>Agony</description>
      <year>1992</year>
      <developer>Art &amp; Magic</developer>
      <publisher>Psygnosis</publisher>
      <score>0.8</score>
      <genre>Shooter</genre>
      <players>1</players>
   </game>
   <game name="Akira_v1.2">
      <description>Akira</description>
      <year>1995</year>
      <developer />
      <publisher>International Computer Entertainment</publisher>
      <score>0.6</score>
      <genre>Action</genre>
      <players>1</players>
   </game>
   <game name="Aladdin_v1.7_AGA_0420">
      <description>Aladdin</description>
      <year>1994</year>
      <developer>Disney Interactive</developer>
      <publisher>Virgin</publisher>
      <score>0.8</score>
      <genre>Platform</genre>
      <players>1</players>
   </game>
   <game name="AllNewWorldOfLemmings_v1.0_AGA_0625">
      <description>All New World of Lemmings</description>
      <year>1994</year>
      <developer>DMA Design</developer>
      <publisher>Psygnosis</publisher>
      <score>0.6</score>
      <genre>Puzzle</genre>
      <players>1</players>
   </game>
   <game name="AnotherWorld_v2.4_0425">
      <description>Another World</description>
      <year>1991</year>
      <developer>Delphine Software International</developer>
      <publisher>Interplay</publisher>
      <score>0.8</score>
      <genre>Platform</genre>
      <players>1</players>
   </game>
   <game name="APB_v1.1_Image_1240">
      <description>APB</description>
      <year>1990</year>
      <developer>Domark</developer>
      <publisher>Tengen</publisher>
      <score>0.7</score>
      <genre>Action</genre>
      <players>1</players>
   </game>
   <game name="Apidya_v2.05_Kaiko_0764">
      <description>Apidya</description>
      <year>1994</year>
      <developer>Team 17</developer>
      <publisher>Team 17</publisher>
      <score>0.8</score>
      <genre>Shooter</genre>
      <players>2</players>
   </game>
   <game name="ArabianNights_v2.0_1454">
      <description>Arabian Nights</description>
      <year>1993</year>
      <developer>Krisalis Software</developer>
      <publisher>Krisalis Software</publisher>
      <score>0.8</score>
      <genre>Platform</genre>
      <players>1</players>
   </game>
   <game name="Arachnophobia">
      <description>Arachnophobia</description>
      <year>1991</year>
      <developer>Disney Software</developer>
      <publisher>BlueSky Software, Inc.</publisher>
      <score>0.8</score>
      <genre>Platform</genre>
      <players>1</players>
   </game>
   <game name="ArcadePool_v3.0_AGA_0298">
      <description>Arcade Pool</description>
      <year>1994</year>
      <manufacturer>Team 17 Software Limited</manufacturer>
      <publisher>Team 17 Software Limited</publisher>
      <score>0.9</score>
      <genre>Sports</genre>
      <players>8</players>
   </game>
   <game name="ArcadeSnooker_v1.1_AGA">
      <description>Arcade Snooker</description>
      <year>1994</year>
      <manufacturer>Team 17 Software Limited</manufacturer>
      <publisher>Team 17 Software Limited</publisher>
      <score>0.9</score>
      <genre>Sports</genre>
      <players>8</players>
   </game>
   <game name="Arkanoid_v1.9_0954">
      <description>Arkanoid</description>
      <year>1988</year>
      <developer>Discovery Software</developer>
      <publisher>Taito</publisher>
      <score>0.8</score>
      <genre>Action</genre>
      <players>2</players>
   </game>
   <game name="AtomicRoboKid_v1.4_2243">
      <description>Atomic Robo-Kid</description>
      <year>1990</year>
      <developer>UPL</developer>
      <publisher>Activision</publisher>
      <score>0.7</score>
      <genre>Shooter</genre>
      <players>1</players>
   </game>
   <game name="BadDudesVsDragonNinja_v1.3_0098">
      <description>Bad Dudes vs. Dragon Ninja</description>
      <year>1989</year>
      <developer>Imagine Software</developer>
      <publisher>Data East</publisher>
      <score>0.7</score>
      <genre>Fighting</genre>
      <players>2</players>
   </game>
   <game name="Banshee_v3.3_AGA_0633">
      <description>Banshee</description>
      <year>1994</year>
      <developer>Core Design</developer>
      <publisher>Core Design</publisher>
      <score>0.8</score>
      <genre>Shooter</genre>
      <players>2</players>
   </game>
   <game name="ChaosEngine_v2.1_AGA_1324">
      <description>The Chaos Engine</description>
      <year>1994</year>
      <developer>The Bitmap Brothers</developer>
      <publisher>The Bitmap Brothers</publisher>
      <score>0.7</score>
      <genre>Shooter</genre>
      <players>2</players>
   </game>
   <game name="BeachVolley_v1.0_1249">
      <description>Beach Volley</description>
      <year>1989</year>
      <developer>Choice Software</developer>
      <publisher>Ocean</publisher>
      <score>0.8</score>
      <genre>Sports</genre>
      <players>2</players>
   </game>
   <game name="BirdsOfPrey_v1.1_0101">
      <description>Birds of Prey</description>
      <year>1991</year>
      <developer />
      <publisher>Electronic Arts</publisher>
      <score>0.8</score>
      <genre>Action</genre>
      <players>1</players>
   </game>
   <game name="BloodMoney_v1.5a_0302">
      <description>Blood Money</description>
      <year>1989</year>
      <developer>DMA Design</developer>
      <publisher>Psygnosis</publisher>
      <score>0.9</score>
      <genre>Shooter</genre>
      <players>2</players>
   </game>
   <game name="BluesBrothers_v1.6_3081">
      <description>The Blues Brothers</description>
      <year>1991</year>
      <developer>Titus</developer>
      <publisher>Titus</publisher>
      <score>0.7</score>
      <genre>Platform</genre>
      <players>2</players>
   </game>
   <game name="BodyBlows_v1.3_AGA_1322">
      <description>Body Blows</description>
      <year>1994</year>
      <developer>Team 17</developer>
      <publisher>Team 17</publisher>
      <score>0.8</score>
      <genre>Fighting</genre>
      <players>2</players>
   </game>
   <game name="BubbaNStix_v3.0_1323">
      <description>Bubba 'n' Stix</description>
      <year>1994</year>
      <developer>Core Design</developer>
      <publisher>Core Design</publisher>
      <score>0.9</score>
      <genre>Platform</genre>
      <players>1</players>
   </game>
   <game name="BubbleBobble_v1.3_2518">
      <description>Bubble Bobble</description>
      <year>1991</year>
      <developer>Firebird</developer>
      <publisher>Taito</publisher>
      <score>0.8</score>
      <genre>Platform</genre>
      <players>2</players>
   </game>
   <game name="CaliforniaGames_v1.0_1445">
      <description>California Games</description>
      <year>1989</year>
      <developer>Kixx</developer>
      <publisher>Epyx</publisher>
      <score>0.8</score>
      <genre>Sports</genre>
      <players>8</players>
   </game>
   <game name="CaliforniaGames2_v1.2_1567">
      <description>California Games II</description>
      <year>1992</year>
      <developer />
      <publisher>Epyx</publisher>
      <score>0.7</score>
      <genre>Sports</genre>
      <players>8</players>
   </game>
   <game name="CannonFodder_v2.0_0860">
      <description>Cannon Fodder</description>
      <year>1993</year>
      <developer>Sensible Software</developer>
      <publisher>Virgin Interactive</publisher>
      <score>0.9</score>
      <genre>Strategy</genre>
      <players>1</players>
   </game>
   <game name="CannonFodder2_v1.12_0104">
      <description>Cannon Fodder 2</description>
      <year>1994</year>
      <developer>Sensible Software</developer>
      <publisher>Virgin</publisher>
      <score>0.8</score>
      <genre>Strategy</genre>
      <players>1</players>
   </game>
   <game name="GravityForce_v1.01">
      <description>Gravity-Force</description>
      <year>1989</year>
      <developer>Kingsoft GmbH</developer>
      <publisher>Kingsoft GmbH</publisher>
      <score>0.8</score>
      <genre>Platform</genre>
      <players>2</players>
   </game>
   <game name="ChuckRock_v1.1_0767">
      <description>Chuck Rock</description>
      <year>1991</year>
      <developer>Core Design</developer>
      <publisher>Core Design</publisher>
      <score>0.7</score>
      <genre>Platform</genre>
      <players>1</players>
   </game>
   <game name="ChuckRock2_v3.1_0282">
      <description>Chuck Rock 2 - Son of Chuck</description>
      <year>1993</year>
      <developer>Core Design</developer>
      <publisher>Core Design</publisher>
      <score>0.7</score>
      <genre>Platform</genre>
      <players>1</players>
   </game>
   <game name="CoolSpot_v2.1_1345">
      <description>Cool Spot</description>
      <year>1993</year>
      <developer>Virgin</developer>
      <publisher>Virgin</publisher>
      <score>0.9</score>
      <genre>Platform</genre>
      <players>1</players>
   </game>
   <game name="DeluxePacMan_v1.0_AGA">
      <description>Deluxe Pac-man</description>
      <year>1997</year>
      <developer />
      <publisher>Vigdal, Edgar</publisher>
      <score>0.7</score>
      <genre>Platform</genre>
      <players>1</players>
   </game>
   <game name="Dennis_v1.5.2_AGA">
      <description>Dennis</description>
      <year>1994</year>
      <developer>Citizen Software</developer>
      <publisher>Ocean</publisher>
      <score>0.7</score>
      <genre>Platform</genre>
      <players>1</players>
   </game>
   <game name="DesertStrike_v3.1_0112">
      <description>Desert Strike - Return to the Gulf</description>
      <year>1993</year>
      <developer>Electronic Arts</developer>
      <publisher>Electronic Arts</publisher>
      <score>0.8</score>
      <genre>Action</genre>
      <players>1</players>
   </game>
   <game name="DogsOfWar_v1.3_3008">
      <description>Dogs of War</description>
      <year>1989</year>
      <developer>Elite Systems</developer>
      <publisher>Elite Systems</publisher>
      <score>0.9</score>
      <genre>Action</genre>
      <players>2</players>
   </game>
   <game name="DragonsLair_v1.2a_1360">
      <description>Dragon's Lair</description>
      <year>1989</year>
      <developer>Sullivan Bluth Interactive Media</developer>
      <publisher>ReadySoft</publisher>
	  <score>0.8</score>
      <genre>Adventure</genre>
      <players>1</players>
   </game>
   <game name="F1_v1.3_2422">
      <description>F1</description>
      <year>1993</year>
      <developer>Domark</developer>
      <publisher>Lankhor</publisher>
      <score>0.9</score>
      <genre>Racing</genre>
      <players>2</players>
   </game>
   <game name="Flashback_v3.4_1163">
      <description>Flashback</description>
      <year>1993</year>
      <developer>U.S. Gold</developer>
      <publisher>Delphine Software International</publisher>
      <score>0.9</score>
      <genre>Platform</genre>
      <players>1</players>
   </game>
   <game name="FormulaOneGrandPrix_v1.0_4Disk_0325">
      <description>Formula 1 Grand Prix</description>
      <year>1992</year>
      <developer>MicroProse</developer>
      <publisher>MicroProse</publisher>
      <score>0.9</score>
      <genre>Racing</genre>
      <players>2</players>
   </game>
   <game name="FrightNight_v1.1">
      <description>Fright Night</description>
      <year>1988</year>
      <developer>Microdeal</developer>
      <publisher>Microdeal</publisher>
	  <score>0.6</score>
      <genre>Platform</genre>
      <players>1</players>
   </game>
   <game name="FuryOfTheFurries_v1.0_1347">
      <description>Fury of the Furries</description>
      <year>1994</year>
      <developer>Mindscape</developer>
      <publisher>Kalisto</publisher>
      <score>0.8</score>
      <genre>Platform</genre>
      <players>1</players>
   </game>
   <game name="GreatGianaSisters_v1.6_2945">
      <description>The Great Giana Sisters</description>
      <year>1988</year>
      <developer>Time Warp Productions</developer>
      <publisher>Rainbow Arts</publisher>
      <score>0.8</score>
      <genre>Platform</genre>
      <players>2</players>
   </game>
   <game name="Home Alone">
      <description>Home Alone</description>
      <year>1991</year>
      <developer />
      <publisher>Capstone</publisher>
      <score>0.6</score>
      <genre>Platform</genre>
      <players>1</players>
   </game>
   <game name="HudsonHawk_v1.5_1035">
      <description>Hudson Hawk</description>
      <year>1991</year>
      <developer>Special FX Ltd.</developer>
      <publisher>Ocean</publisher>
      <score>0.6</score>
      <genre>Platform</genre>
      <players>1</players>
   </game>
   <game name="IK+_v1.8_2063">
      <description>IK+</description>
      <year>1988</year>
      <developer>System 3 Software</developer>
      <publisher>System 3 Software</publisher>
      <score>0.9</score>
      <genre>Fighting</genre>
      <players>2</players>
   </game>
   <game name="IkariWarriors_v2.0_0771">
      <description>Ikari Warriors</description>
      <year>1988</year>
      <developer>Data East</developer>
      <publisher>SNK</publisher>
      <score>0.7</score>
      <genre>Shooter</genre>
      <players>2</players>
   </game>
   <game name="JumpingJackSon_v1.41_1040">
      <description>Jumping Jack'Son</description>
      <year>1990</year>
      <developer>Infogrames</developer>
      <publisher>Infogrames</publisher>
      <score>0.8</score>
      <genre>Puzzle</genre>
      <players>2</players>
   </game>
   <game name="JungleStrike_v1.1_AGA_2581">
      <description>Jungle Strike</description>
      <year>1994</year>
      <developer>Ocean</developer>
      <publisher>Electronic Arts</publisher>
      <score>0.6</score>
      <genre>Shooter</genre>
      <players>1</players>
   </game>
   <game name="JurassicPark_v1.5_AGA_0836">
      <description>Jurassic Park</description>
      <year>1993</year>
      <developer>Ocean</developer>
      <publisher>Ocean</publisher>
      <score>0.9</score>
      <genre>Action</genre>
      <players>1</players>
   </game>
   <game name="KickOff_v1.2_0189">
      <description>Kick Off  - Extra Time</description>
      <year>1989</year>
      <developer>Anco</developer>
      <publisher>Anco</publisher>
      <score>0.8</score>
      <genre>Sports</genre>
      <players>2</players>
   </game>
   <game name="LethalWeapon_v1.3_0814">
      <description>Lethal Weapon</description>
      <year>1992</year>
      <developer>Ocean</developer>
      <publisher>Ocean</publisher>
      <score>0.8</score>
      <genre>Platform</genre>
      <players>1</players>
   </game>
   <game name="LionKing_v1.0_AGA_0527">
      <description>The Lion King</description>
      <year>1995</year>
      <developer>Westwood Studios</developer>
      <publisher>Virgin</publisher>
	  <score>0.7</score>
      <genre>Platform</genre>
      <players>1</players>
   </game>
   <game name="Lotus_v1.1_0774">
      <description>Lotus Esprit Turbo Challenge</description>
      <year>1990</year>
      <manufacturer>Magnetic Fields</manufacturer>
      <publisher>Gremlin Graphics Software</publisher>
      <score>0.8</score>
      <genre>Racing</genre>
      <players>2</players>
   </game>
   <game name="Lotus2_v1.11_0497">
      <description>Lotus Turbo Challenge 2</description>
      <year>1991</year>
      <developer>Gremlin Interactive</developer>
      <publisher>Magnetic Fields</publisher>
      <score>0.8</score>
      <genre>Racing</genre>
      <players>2</players>
   </game>
   <game name="Lotus3_v1.6_0217">
      <description>Lotus III  - The Ultimate Challenge</description>
      <year>1992</year>
      <developer>Magnetic Fields</developer>
      <publisher>Gremlin Graphics Software</publisher>
      <score>0.8</score>
      <genre>Racing</genre>
      <players>2</players>
   </game>
   <game name="MissionElevator_v1.0_1282">
      <description>Mission Elevator</description>
      <year>1987</year>
      <developer>Axxiom</developer>
      <publisher>Eurogold</publisher>
      <score>0.6</score>
      <genre>Platform</genre>
      <players>1</players>
   </game>
   <game name="Moonstone_v1.6_0360">
      <description>Moonstone  - A Hard Days Knight</description>
      <year>1991</year>
      <developer>Mindscape</developer>
      <publisher>Mindscape</publisher>
      <score>0.9</score>
      <genre>Role-Playing</genre>
      <players>4</players>
   </game>
   <game name="Narc_v1.0_1256">
      <description>NARC</description>
      <year>1990</year>
      <developer>Williams</developer>
      <publisher>Ocean</publisher>
      <score>0.8</score>
      <genre>Shooter</genre>
      <players>2</players>
   </game>
   <game name="NewZealandStory_v2.2_1180">
      <description>The New Zealand Story</description>
      <year>1989</year>
      <developer>Ocean</developer>
      <publisher>Taito</publisher>
      <score>0.8</score>
      <genre>Platform</genre>
      <players>1</players>
   </game>
   <game name="Oscar_v2.3_AGA_1095">
      <description>Oscar</description>
      <year>1994</year>
      <developer>Flair Software</developer>
      <publisher>Flair Software</publisher>
      <score>0.7</score>
      <genre>Platform</genre>
      <players>1</players>
   </game>
   <game name="PacMania_v1.0_1117">
      <description>Pac-Mania</description>
      <year>1988</year>
      <developer>Grandslam Entertainment Ltd.</developer>
      <publisher>Namco</publisher>
      <score>0.8</score>
      <genre>Platform</genre>
      <players>1</players>
   </game>
   <game name="PanzaKickBoxing_v1.6_2400">
      <description>Panza Kick Boxing</description>
      <year>1992</year>
      <developer>Loriciels</developer>
      <publisher>Electro Brain Corp.</publisher>
      <score>0.8</score>
      <genre>Fighting</genre>
      <players>2</players>
   </game>
   <game name="PinballFantasies_v2.7_AGA_0047">
      <description>Pinball Fantasies</description>
      <year>1993</year>
      <developer>20th Century Fox</developer>
      <publisher>Digital Illusions</publisher>
      <score>0.9</score>
      <genre>Pinball</genre>
      <players>8</players>
   </game>
   <game name="PinballIllusions_v2.2_AGA_0710">
      <description>Pinball Illusions</description>
      <year>1995</year>
      <developer>Digital Illusions</developer>
      <publisher>21st Century</publisher>
      <score>0.9</score>
      <genre>Action</genre>
      <players>8</players>
   </game>
   <game name="ProjectX_v1.4.1_0886">
      <description>Project-X</description>
      <year>1992</year>
      <developer>Team 17</developer>
      <publisher>Team 17</publisher>
      <score>0.9</score>
      <genre>Shooter</genre>
      <players>2</players>
   </game>
   <game name="PushOver_v1.23_1267">
      <description>Push-Over</description>
      <year>1992</year>
      <developer>Red Rat Software</developer>
      <publisher>Ocean</publisher>
      <score>0.9</score>
      <genre>Strategy</genre>
      <players>1</players>
   </game>
   <game name="RickDangerous_v1.3_2294">
      <description>Rick Dangerous</description>
      <year>1989</year>
      <developer>Firebird</developer>
      <publisher>Core Design</publisher>
      <score>0.9</score>
      <genre>Platform</genre>
      <players>1</players>
   </game>
   <game name="RickDangerous2_v1.2_0570">
      <description>Rick Dangerous 2</description>
      <year>1993</year>
      <developer>Micro Style</developer>
      <publisher>Core Design</publisher>
      <score>0.8</score>
      <genre>Platform</genre>
      <players>1</players>
   </game>
   <game name="RoadRash_v2.0_1313">
      <description>Road Rash</description>
      <year>1992</year>
      <developer>Electronic Arts</developer>
      <publisher>Electronic Arts</publisher>
      <score>0.6</score>
      <genre>Racing</genre>
      <players>2</players>
   </game>
   <game name="SensibleSoccer9293_v1.2_1MB_2391">
      <description>Sensible Soccer 92/93</description>
      <year>1993</year>
      <developer>Renegade Software</developer>
      <publisher>Sensible Software</publisher>
      <score>1</score>
      <genre>Sports</genre>
      <players>2</players>
   </game>
   <game name="SensibleSoccerInternationalEdition_v1.2_1MB_1681">
      <description>Sensible Soccer International Edition</description>
      <year>1994</year>
      <developer>Renegade Software</developer>
      <publisher>Sensible Software</publisher>
      <score>1</score>
      <genre>Sports</genre>
      <players>2</players>
   </game>
   <game name="Sleepwalker_v1.2_AGA_ComicRelief_1880">
      <description>Sleepwalker</description>
      <year>1993</year>
      <developer>Ocean</developer>
      <publisher>RedOctane</publisher>
      <score>0.6</score>
      <genre>Platform</genre>
      <players>1</players>
   </game>
   <game name="SoccerKid_v2.1_AGA_1150">
      <description>Soccer Kid</description>
      <year>1993</year>
      <developer>Krisalis Software</developer>
      <publisher>Krisalis Software</publisher>
      <score>0.7</score>
      <genre>Platform</genre>
      <players>1</players>
   </game>
   <game name="SpaceAce_v1.1_0085">
      <description>Space Ace</description>
      <year>1990</year>
      <developer>ReadySoft</developer>
      <publisher>ReadySoft</publisher>
      <score>0.8</score>
      <genre>Adventure</genre>
      <players>1</players>
   </game>
   <game name="Speedball2_v1.0_2897">
      <description>Speedball 2  - Brutal Deluxe</description>
      <year>1991</year>
      <developer>Imageworks</developer>
      <publisher>The Bitmap Brothers</publisher>
      <score>0.9</score>
      <genre>Action</genre>
      <players>2</players>
   </game>
   <game name="Stardust_v1.5_2102">
      <description>Stardust</description>
      <year>1993</year>
      <developer>Bloodhouse Ltd.</developer>
      <publisher>Bloodhouse Ltd.</publisher>
      <score>0.8</score>
      <genre>Shooter</genre>
      <players>1</players>
   </game>
   <game name="StuntCarRacer_v1.3_0222">
      <description>Stunt Car Racer</description>
      <year>2004</year>
      <developer>Geoff Crammond</developer>
      <publisher>Micro Style</publisher>
      <score>0.8</score>
      <genre>Racing</genre>
      <players>2</players>
   </game>
   <game name="SuperCars_v1.3_2Disk_1527">
      <description>Super Cars</description>
      <year>1991</year>
      <developer>Gremlin Interactive</developer>
      <publisher>Magnetic Fields</publisher>
      <score>0.8</score>
      <genre>Racing</genre>
      <players>1</players>
   </game>
   <game name="SuperCars2_v1.0_0224">
      <description>Super Cars II</description>
      <year>1991</year>
      <developer>Gremlin Interactive</developer>
      <publisher>Magnetic Fields</publisher>
      <score>0.8</score>
      <genre>Racing</genre>
      <players>2</players>
   </game>
   <game name="SuperStardust_v1.2_AGA_0175">
      <description>Super Stardust</description>
      <year>1994</year>
      <developer />
      <publisher>Team 17</publisher>
      <score>1</score>
      <genre>Shooter</genre>
      <players>1</players>
   </game>
   <game name="SwordOfSodan_v1.0_1103">
      <description>Sword of Sodan</description>
      <year>1989</year>
      <developer>Soren Gronbech</developer>
      <publisher>Discovery Software</publisher>
      <score>0.7</score>
      <genre>Fighting</genre>
      <players>1</players>
   </game>
   <game name="Zool_v2.0_AGA_1675">
      <description>Zool - Ninja Of The 'nth' Dimension</description>
      <year>1993</year>
      <developer>Gremlin Interactive</developer>
      <publisher>Gremlin Interactive</publisher>
      <score>0.8</score>
      <genre>Platform</genre>
      <players>1</players>
   </game>
   <game name="TotalRecall_v1.1_Image_1769">
      <description>Total Recall</description>
      <year>1992</year>
      <developer>Ocean</developer>
      <publisher>Ocean</publisher>
      <score>0.7</score>
      <genre>Action</genre>
      <players>1</players>
   </game>
   <game name="TreasureIslandDizzy_v1.2_0594">
      <description>Treasure Island Dizzy</description>
      <year>1989</year>
      <developer>Codemasters</developer>
      <publisher>Codemasters</publisher>
      <score>0.6</score>
      <genre>Platform</genre>
      <players>1</players>
   </game>
   <game name="Vigilante_v1.1_1188">
      <description>Vigilante</description>
      <year>1989</year>
      <developer>U.S. Gold</developer>
      <publisher>Irem</publisher>
      <score>0.8</score>
      <genre>Fighting</genre>
      <players>1</players>
   </game>
   <game name="WarZone_v2.0_CoreDesign_0598">
      <description>War Zone</description>
      <year>1991</year>
      <developer>Core Design</developer>
      <publisher>Core Design</publisher>
      <score>0.8</score>
      <genre>Action</genre>
      <players>2</players>
   </game>
   <game name="Wings_v1.0_0410">
      <description>Wings</description>
      <year>1990</year>
      <developer>Cinemaware</developer>
      <publisher>Cinemaware</publisher>
      <score>0.8</score>
      <genre>Action</genre>
      <players>1</players>
   </game>
   <game name="Pro Tennis Tour 2">
      <description>Pro Tennis Tour 2</description>
      <year>1991</year>
      <manufacturer>Blue Byte Software GmbH</manufacturer>
      <publisher>Blue Byte Software GmbH</publisher>
      <score>0.8</score>
      <genre>Sports</genre>
      <players>2</players>
   </game>
   <game name="Navy Seals">
      <description>Navy Seals</description>
      <year>1991</year>
      <developer>Ocean</developer>
      <publisher>Ocean</publisher>
      <score>0.9</score>
      <genre>Platform</genre>
      <players>1</players>
   </game>
   <game name="Pinball Dreams">
      <description>Pinball Dreams</description>
      <year>1992</year>
      <developer>Digital Illusions</developer>
      <publisher>21st Century</publisher>
      <score>0.9</score>
      <genre>Action</genre>
      <players>8</players>
   </game>
   <game name="Magic Pockets">
      <description>Magic Pockets</description>
      <year>1991</year>
      <developer>Renegade Kid</developer>
      <publisher>The Bitmap Brothers</publisher>
      <score>0.8</score>
      <genre>Platform</genre>
      <players>1</players>
   </game>
   <game name="Ninja Warriors">
      <description>The Ninja Warriors</description>
      <year>1989</year>
      <developer>Sales Curve</developer>
      <publisher>Taito</publisher>
      <score>0.7</score>
      <genre>Action</genre>
      <players>2</players>
   </game>
   <game name="Hostages">
      <description>Hostages</description>
      <year>1988</year>
      <developer>Infogrames</developer>
      <publisher>Mindscape</publisher>
      <score>0.8</score>
      <genre>Action</genre>
      <players>1</players>
   </game>
   <game name="Ruff N Tumble">
      <description>Ruff 'n' Tumble</description>
      <year>1994</year>
      <developer>Wunderkind</developer>
      <publisher>Renegade Software</publisher>
      <score>0.9</score>
      <genre>Platform</genre>
      <players>1</players>
   </game>
   <game name="Syndicate">
      <description>Syndicate</description>
      <year>1993</year>
      <developer>Bullfrog</developer>
      <publisher>Electronic Arts</publisher>
      <score>0.8</score>
      <genre>Strategy</genre>
      <players>1</players>
   </game>
   <game name="KickOff 2">
      <description>Kick Off 2 + World Cup '90</description>
      <year>1990</year>
      <developer>Anco</developer>
      <publisher>Anco</publisher>
      <score>0.7</score>
      <genre>Sports</genre>
      <players>1-4</players>
   </game>
   <game name="Shadow Of The Beast">
      <description>Shadow of the Beast</description>
      <year>1989</year>
      <developer>Reflections Interactive Limited</developer>
      <publisher>Psygnosis</publisher>
      <score>0.7</score>
      <genre>Platform</genre>
      <players>1</players>
   </game>
   <game name="Wings Of Fury">
      <description>Wings of Fury</description>
      <year>1990</year>
      <developer>Broderbund Software</developer>
      <publisher>Broderbund Software</publisher>
      <score>0.8</score>
      <genre>Shooter</genre>
      <players>1</players>
   </game>
   <game name="Premiere">
      <description>Premiere</description>
      <year>1992</year>
      <developer>8th Day</developer>
      <publisher>Core Design</publisher>
      <score>0.8</score>
      <genre>Platform</genre>
      <players>1</players>
   </game>
   <game name="Speedball">
      <description>Speedball</description>
      <year>1988</year>
      <developer>Imageworks</developer>
      <publisher>The Bitmap Brothers</publisher>
	  <score>0.7</score>
      <genre>Sports</genre>
      <players>1-2</players>
   </game>
   <game name="Skidmarks">
      <description>Skidmarks</description>
      <year>1994</year>
      <manufacturer>Acid Software</manufacturer>
      <publisher>Acid Software</publisher>
      <score>0.9</score>
      <genre>Racing</genre>
      <players>4</players>
   </game>
</menu>