<?xml version="1.0"?>
<menu>
	<header>
		<listname>Atari Jaguar</listname>
		<lastlistupdate>18/02/2023</lastlistupdate>
		<listversion>0.2</listversion>
		<exporterversion>Created by STAiNLESS for CORE Type R</exporterversion>
	</header>
	<game name="Aircars (USA)">
		<description>Aircars (USA)</description>
		<year>1997</year>
		<manufacturer>MidNite Entertainment</manufacturer>
		<publisher>ICD</publisher>
		<score>2.7</score>
		<genre>Action;
			Shooter</genre>
		<players>4</players>
		<story>Designed by Midnight Entertainment Group in 1995,
			ICD released AirCars in limited numbers. No real box was made (it came shrinkwrapped inside a box insert),
			but the cartridge included a label and manual,
			along with a picture of what the overlay might look like. This is an action/battle game in which you must
			destroy enemy bases while in your Air Car,
			and it supports up to 8 players using CatBoxes or 2 players using a JagLink. Although better graphics can be
			found on the Jaguar and control is a bit sluggish,
			linking 8 players using CatBoxes can be a unique experience. The hard part will be finding those extra
			CatBoxes and copies of AirCars.</story>
	</game>
	<game name="Alien vs Predator (World)">
		<description>Alien vs Predator (World)</description>
		<year>1994</year>
		<manufacturer>Rebellion</manufacturer>
		<publisher>Atari</publisher>
		<score>3.6</score>
		<genre>Shooter</genre>
		<players>1</players>
		<story>Choose your weapon and brawl with the notorious warriors of the big screen ! Commission the Colonial
			Marine and use your weapons and your wits to destroy the base--and survive. Be an Alien and use your
			voracious instincts to defend the hive and rescure your Queen. Or play a Predator and use your grisly
			arsenal to acquire the ultimate trophy...the skull of the Alien Queen.</story>
	</game>
	<game name="Arena Football '95 (World)">
		<description>Arena Football '95 (World)</description>
		<year>2006</year>
		<manufacturer>V-Real Interactive</manufacturer>
		<publisher>Atari Corporation</publisher>
		<score>3.3</score>
		<genre>Sports</genre>
		<players>8</players>
		<story>Arena Football '95 is an unreleased arena football video game that was in development by V-Real
			Interactive and planned to be published by Atari Corporation on a scheduled August 1995 release exclusively
			for the Atari Jaguar. If it had been released before Midway Games' Kurt Warner's Arena Football Unleashed,
			it would have been the first officially licensed indoor american football game by the Arena Football League.
			Adopting the more faster and frantic style of play from the sport compared to american football,
			players would have the choice of playing across any of the game modes available against with either
			CPU-controlled opponents or other players,
			while including all the rules and teams from the 1995 Arena Football League season including the Miami
			Hooters,
			who make their only game appearance in the title and were not included in Electronic Arts' Arena Football.

			Originally conceived in 1993,
			the game was announced in early 1994 and showcased at SCES '94 but the project would be later cancelled in
			1995 after various delays and expenses, despite being close to completion. Although unreleased, a playable
			prototype has since been released and sold online by independent groups such as the defunct Jaguar Sector II
			website and later B&amp;C Computervisions.</story>
	</game>
	<game name="Atari Karts (World)">
		<description>Atari Karts (World)</description>
		<year>1995</year>
		<manufacturer>Miracle Designs</manufacturer>
		<publisher>Atari</publisher>
		<score>3.0</score>
		<genre>Racing</genre>
		<players>2</players>
		<story>A go-cart free for all! In Atari Karts you'll race around the track with some of the craziest creatures
			around. Watch out for the objects lying on the road. Some are bonuses that will help you get ahead,
			but those hazards can be nasty. They'll cause you to slow down or mess with your driving controls. Try to
			outdistance your competition and finish fourth or better to move on to the next course. Kids of all ages
			will love this game!</story>
	</game>
	<game name="Attack of the Mutant Penguins (World)">
		<description>Attack of the Mutant Penguins (World)</description>
		<year>1996</year>
		<manufacturer>Sunrise Games</manufacturer>
		<publisher>Atari</publisher>
		<score>3.0</score>
		<genre>Action;Puzzle</genre>
		<players>1</players>
		<story>In the distant galaxy of Bleurggh, an evil (but reasonably stupid) band of aliens picked up some of
			Earth's television signals. Unfortunately for them,
			they could only tune in a wildlife program. They figured the Earth would be a pushover to invade,
			so they disguised themselves as its inhabitants -- penguins ! Word of the invasion has reached those
			champions of intergalactic do-goodery,
			Bernard and Rodney. Now,
			with their help,
			you must prevent the alien mutant penguins from triggering the Doomscale and destroying the Earth. Are you
			up to the challenge?</story>
	</game>
	<game name="Barkley Shut Up and Jam (World)">
		<description>Barkley Shut Up and Jam (World)</description>
		<year>2002</year>
		<manufacturer>Ringler Studios</manufacturer>
		<publisher>B &amp;
			C ComputerVisions</publisher>
		<score>2.2</score>
		<genre>Sports</genre>
		<players>4</players>
		<story>This is a near complete game by Ringler Studios. It is a 1-4 player team tap compatible 2 on 2 street
			basketball game. You can play in a tournament where you battle your way through 7 cities in the US before
			facing the final match against Sir Charles ! You can play a series,
			either 5 or 7 games against friend(s) or the Jaguar. Or you can just play a one off match,
			again against either the Jaguar or a friend. You also get to choose the length of the game you want to play.
			1,
			3 or 5 minute quarters if you want timed games,
			or there is the option to either play first to 21 or 50 points.</story>
	</game>
	<game name="Battle Sphere Gold (World)">
		<description>Battle Sphere Gold (World)</description>
		<year>2000</year>
		<manufacturer>4Play/ScatoLogic</manufacturer>
		<publisher>4Play/ScatoLogic</publisher>
		<score>3.5</score>
		<genre>Shooter</genre>
		<players>32</players>
		<story>A 3D space combat simulator,
			BattleSphere's story was based upon an episode in the original Star Trek television series and it plays
			similarly to Star Raiders.

			Seven alien races vie against each other - the victor will control the galaxy. They meet in an arena in
			Sector 51,
			a spherical sector of space formerly used by the Earth government to secretly test new weapons and
			starships. Gameplay consists of 5 different play modes with different scenarios and goals. Choose from
			various starships (each with unique weapons systems) and battle the aliens,
			who have also chosen their best fighters and have many space ships of their own.</story>
	</game>
	<game name="Breakout 2000 (USA, Europe)">
		<description>Breakout 2000 (USA, Europe)</description>
		<year>1996</year>
		<manufacturer>MP Games</manufacturer>
		<publisher>Telegames</publisher>
		<score>2.7</score>
		<genre>Puzzle</genre>
		<players>2</players>
		<story>SMASH ! POW ! CRUNCH ! Is your hand/eye coordination up to demolishing field after field of bricks?
			Breakout 2000 brings back the nostalgia of early gaming days but adds 90's challenges, such as a
			three-dimensional field and bricks that resist breaking, as well as many powerups and hazards. You can also
			test your skill against a buddy. Break through your own wall and start working on his. You'll gain bonus
			points,
			and he'll go nuts! Who ever said life was fair never played Breakout 2000.</story>
	</game>
	<game name="Brett Hull Hockey (World)">
		<description>Brett Hull Hockey (World)</description>
		<year>2004</year>
		<manufacturer>Ringler Studios</manufacturer>
		<publisher>B&amp;C Computervisions</publisher>
		<score>4.3</score>
		<genre>Sports</genre>
		<players>2</players>
		<story>Brett Hull NHL Hockey is another unfinished game for the Atari Jaguar. A beta build of the cartridge
			version of Brett Hull NHL Hockey was released by B&amp;C Computervisions on January 9, 2004 for US$50.

			Brett Hull NHL Hockey is a ice hockey game that is played from a vertical perspective in a two-dimensional
			environment with sprites. Most of the rules from the sport are present in the title,
			though they can be disabled from the menu and in-game options. Some of the gameplay options found within the
			game include an exhibition match,
			regular season and playoff competitions,
			among other modes of play. The announcer,
			Al Michaels,
			makes commentary during gameplay and announces Brett Hull by name but other players are only called by their
			respective jersey number due to the lack of the NHL license,
			while his commentaries can also be turned off on the options menu. Season progress is only kept via password
			and there is also a two-player option for every mode.</story>
	</game>
	<game name="Brutal Sports Football (World)">
		<description>Brutal Sports Football (World)</description>
		<year>1994</year>
		<manufacturer>Teque London</manufacturer>
		<publisher>Telegames</publisher>
		<score>3.3</score>
		<genre>Fighting;
			Sports</genre>
		<players>2</players>
		<story>Do you like action but reckon that chainsaw massacres are for grannies' tea parties? If you do then
			brutal sports football is for you, league, knockout or unfriendly tournaments.
			This is an all action,
			crunch 'em, stamp 'em,
			no holds barred game of mutant football where heads roll and where injury time means just that.</story>
	</game>
	<game name="Bubsy in Fractured Furry Tales (World)">
		<description>Bubsy in Fractured Furry Tales (World)</description>
		<year>1994</year>
		<manufacturer>Imagitec Design</manufacturer>
		<publisher>Atari</publisher>
		<score>2.3</score>
		<genre>Platform</genre>
		<players>2</players>
		<story>Only Bubsy can protect the world's kids from these silly stories and tangled-up tales as he leaps and
			bounds his way through 15 frantic chapters of fabulous furry fun. In Fairytaleland, Bubsy attends a twisted
			tea party, climbs a giant beanstalk, voyages under the sea (without getting his paws wet), head to Ali
			Baba's desert and even meets Hansel and Gretel,
			who should be up on kidnapping charges.</story>
	</game>
	<game name="Cannon Fodder (World)">
		<description>Cannon Fodder (World)</description>
		<year>1995</year>
		<manufacturer>Sensible Software</manufacturer>
		<publisher>Virgin Interactive</publisher>
		<score>3.2</score>
		<genre>Action;
			Strategy</genre>
		<players>1</players>
		<story>"Don't wait 'til you see the whites of their eyes... Don't kid yourself it will be over by Christmas...
			Don't try to shut out the screams... And don't forget to wash your hand afterwards..."</story>
	</game>
	<game name="Checkered Flag (World)">
		<description>Checkered Flag (World)</description>
		<year>1994</year>
		<manufacturer>Rebellion</manufacturer>
		<publisher>Atari</publisher>
		<score>2.0</score>
		<genre>Racing</genre>
		<players>1</players>
		<story>Get ready to burn rubber ! Race for the Checkered Flag behind the wheel of a turbo-powered speedway racer
			in real-time,
			3D-rendered action. Choose from 10 high-performance tracks and see the speedway from 6 distinct views. Alter
			features and attributes on your racer to improve your times or even change the weather conditions. Action is
			so intense and realistic you'll swear you feel the wind in your hair as your tires screech around the
			curves. Keep your sweaty palms on the controller!</story>
	</game>
	<game name="Club Drive (World)">
		<description>Club Drive (World)</description>
		<year>1994</year>
		<manufacturer>Atari</manufacturer>
		<publisher>Atari</publisher>
		<score>1.5</score>
		<genre>Racing</genre>
		<players>2</players>
		<story>Sure, you've always wanted to blaze down the streets of San Francisco in a souped-up hot rod,
			just like in those action movies. But have you ever wanted to scramble across the living room floor playing
			tag in a minature racing car with a buddy? Or plow through an Old West town in a futuristic speed machine
			picking up randomly placed energy Powerballs? Strap in and join the 64-bit club !</story>
	</game>
	<game name="Cybermorph (World) (Rev B)">
		<description>Cybermorph (World) (Rev B)</description>
		<year>1993</year>
		<manufacturer>Attention to Detail</manufacturer>
		<publisher>Atari</publisher>
		<score>2.1</score>
		<genre>Shooter</genre>
		<players>1</players>
		<story>Cybermorph was the first game released for Atari's Jaguar console. It's a 3D sci-fi shoot-'em-up. The
			story goes like this: The evil Pernitia Empire is swallowing up the galaxy's planets left and right. What's
			worse, the resistance forces have had their secret weapons stolen from them and put into pods spread out on
			many different planets. You must pilot the T-Griffon morphing attack craft to each planet and recover the
			pods to stop the Pernitians.

			So,
			in each planet,
			or level,
			you must collect a certain number of pods and make it to the exit before the enemies shoot you down.
			Fortunately,
			there are power-ups that can strategically enhance the T-Griffon's offensive capabilities. After clearing 8
			planets, you take on a boss creature/ship before moving on to the next sector. There are 4 levels like this
			to clear, each with progressively increasing difficulty.</story>
	</game>
	<game name="Defender 2000 (World)">
		<description>Defender 2000 (World)</description>
		<year>1996</year>
		<manufacturer>Atari</manufacturer>
		<publisher>Atari</publisher>
		<score>3.5</score>
		<genre>Shooter</genre>
		<players>2</players>
		<story>You whomped the aliens from the Alpha Proximian Empire in classic Defender and sent them home to cry. Now
			they want the planets that Earth is mining for desperately needed, life-sustaining minerals. Your job is to
			protect the space miners as they perform their vital work. The aliens will try to capture them and use their
			life-energy to turn their ships into hyper-fast mutants. Rescure the captives and destroy the aliens or
			Earth is history!</story>
	</game>
	<game name="Doom (World)">
		<description>Doom (World)</description>
		<year>1994</year>
		<manufacturer>id Software</manufacturer>
		<publisher>Atari</publisher>
		<score>3.9</score>
		<genre>Shooter</genre>
		<players>2</players>
		<story>From outside the base you hear the carnage: guns firing, men screaming, bones cracking...then silence.
			Suddenly you're the last surviving marine thrust into a bloody,
			gore-ridden underworld 50 million miles into the future. It's Doom to the 64th power with 16-bit true color,
			advanced lighting effects...and some new parts of Hell you'll wish we didn't include in this version.
		</story>
	</game>
	<game name="Double Dragon V - The Shadow Falls (World)">
		<description>Double Dragon V - The Shadow Falls (World)</description>
		<year>1995</year>
		<manufacturer>Leland Interactive Media</manufacturer>
		<publisher>Tradewest</publisher>
		<score>1.8</score>
		<genre>Fighting</genre>
		<players>2</players>
		<story>Double Dragon is back and better than ever! Featuring 12 BIG, lightning fast characters! Four to six
			special moves for each fighter, and you can set your own strength, defense and more! Customizable controls
			and three different fighting modes to choose from. Over 130 sound effects and HOT rock music tracks!</story>
	</game>
	<game name="Dragon - The Bruce Lee Story (World)">
		<description>Dragon - The Bruce Lee Story (World)</description>
		<year>1994</year>
		<manufacturer>Virgin Interactive</manufacturer>
		<publisher>Atari</publisher>
		<score>2.7</score>
		<genre>Fighting</genre>
		<players>2</players>
		<story>The spirit of martial arts Master Bruce Lee lives on in DRAGON: a dangerously life-like combat simulation
			based on his biographical film. Apply discipline and a devastating array of age-old fighting techniques to
			subdue opponents more cunning than the real Bruce Lee ever faced. Unite your spiritual and physical strength
			to confront The Phantom, the mythical samurai which has plagued your thoughts and dreams, in a jeet kune do
			duel to the death!</story>
	</game>
	<game name="Evolution - Dino Dudes (World)">
		<description>Evolution - Dino Dudes (World)</description>
		<year>1994</year>
		<manufacturer>Imagitec Design</manufacturer>
		<publisher>Atari</publisher>
		<score>3</score>
		<genre>Puzzle</genre>
		<players>1</players>
		<story>The gameplay of The Humans has similarities to Lode Runner and Lemmings. Your job in this action puzzler
			is to help prehistoric man to evolve by helping them discover tools, the wheel, weapons, or even fire. Each
			level in the game will have a given task to help in this, and you are allotted a number of characters who
			must accomplish the task. The player can switch from person to person while moving the characters around
			each scrolling puzzle, and teamwork is essential to success.</story>
	</game>
	<game name="Fever Pitch Soccer (World) (En,Fr,De,Es,It)">
		<description>Fever Pitch Soccer (World) (En,Fr,De,Es,It)</description>
		<year>1995</year>
		<manufacturer>Distinctive Developments</manufacturer>
		<publisher>Atari</publisher>
		<score>2.7</score>
		<genre>Sports</genre>
		<players>2</players>
		<story>In this isometric football game, 51 national teams are represented to play in two game modes: Exhibition
			and Tournament (a series of seven games on four continents, with a final against the World All-Stars), with
			the ability to set time, difficulty level, see cutscenes after goals and if players are free to kick each
			other around without (many) fouls.

			While the game seems short-featured for 1995 standards,
			the tournament mode includes a twist: depending on how well the player defeats his opponents,
			he can trade his "standard players",
			who won't do anything spectacular (but at least fill up the ranks) for star players, who not only look
			different, are able to cross and backheel the ball but also have a unique ability at the disposal of the
			player.

			In Exhibition games teams start with their own setup of start players,
			from none to a full team. The playing surface also affects gameplay - playing in wet grass removes all ball
			bounce,
			the opposite occurring with sand,
			and the most dramatic change,
			a rocky field where the ball can change direction after hitting the ground,
			turning throw-ins into corners,
			poor attempts on goals and vice-versa.</story>
	</game>
	<game name="Fight for Life (USA, Europe)">
		<description>Fight for Life (USA, Europe)</description>
		<year>1996</year>
		<manufacturer>Atari</manufacturer>
		<publisher>Atari</publisher>
		<score>2.2</score>
		<genre>Fighting</genre>
		<players>2</players>
		<story>Life in the afterlife can be a nightmare for anybody -- especially if real life was a mess. In the
			Spectre Zone,
			eight people compete in the annual Hell Fighting Tournament for the amusement of the Gatekeeper. The prize
			is a second chance at life ! Defeat each opponent and steal two of their special fighting moves to prepare
			for the final challenge -- a battle against the son of the devil himself. Show no mercy. There will be only
			one victor,
			only one new life... it must be yours !</story>
	</game>
	<game name="Flashback - The Quest for Identity (World) (En,Fr)">
		<description>Flashback - The Quest for Identity (World) (En, Fr)</description>
		<year>1995</year>
		<manufacturer>Tiertex</manufacturer>
		<publisher>U.S. Gold</publisher>
		<score>4.3</score>
		<genre>Action;
			Platform</genre>
		<players>1</players>
		<story>You're Conrad B. Hart, Galaxis Bureau of Investigation Agent and right now you're stranded on a far-away
			planet after discovering an alien plot to overtake Earth. You must travel and find your way through four
			planets back to Earth and foil the aliens' sinister and deadly plans.

			The award winning sci-fi action adventure comes to Jaguar. And it's gonna rip you right out of your
			comfortable little century and hurl you smack into a time and place that'll have you begging for a nap !
			-Film-style,
			fluid 24 frames-per-second animation and gives life-like movements to this wild action game. -You star as
			super-agent Conrad Hart,
			stranded on a far-away planet after you discover an alien plot to overtake Earth.</story>
	</game>
	<game name="Flip Out! (World)">
		<description>Flip Out ! (World)</description>
		<year>1995</year>
		<manufacturer>Gorilla Systems</manufacturer>
		<publisher>Atari</publisher>
		<score>2.4</score>
		<genre>Puzzle</genre>
		<players>1</players>
		<story>Congratulations Earthling ! The Citizens of Planet Phrohmaj have invited you to join their Great Tile
			Flipping Festival,
			an honor of the highest sort. Tile flipping influences their customs,
			their eating habits,
			and even their vacations. Solve maddening puzzles while watching for the mishievous aliens who think
			confusing you is part of the fun. If they weren't so cute you'd wring their necks...if they had them.
		</story>
	</game>
	<game name="Frog Feast (World)">
		<description>Frog Feast (World)</description>
		<year>2007</year>
		<manufacturer>RasterSoft</manufacturer>
		<publisher>OlderGames</publisher>
		<score>1.8</score>
		<genre>Action</genre>
		<players>2</players>
		<story>Frog Feast is a 16-bit version of the classic Frog Bog game featuring improved graphics,
			sound,
			AI,
			and more. The game made its launch at both the Classic Gaming Expo 2005 and VGXPO,
			Dallas events on the same day. The gameplay itself is quite simple and easy to figure out. In the single
			player version your goal is to catch as many flies floating about the top of the screen within the time
			allowed and to beat the AI's frogs score. In the 2-player version, you do the same but go head-2-head
			against another player which makes snagging those flies at the last minute, just before your competitor
			does, a real treat.</story>
	</game>
	<game name="Hover Strike (World)">
		<description>Hover Strike (World)</description>
		<year>1995</year>
		<manufacturer>Atari</manufacturer>
		<publisher>Atari</publisher>
		<score>3.2</score>
		<genre>Action;Vehicle Simulation</genre>
		<players>2</players>
		<story>Terrakian Pirates have taken over a colonized planet under Federation control. They've set up an
			atmospheric cannon,
			making invasion impossible. Your job,
			as a hovercraft pilot,
			is to launch a pre-emptive strike on the planet's surface.

			Hover Strike for the Jaguar is a mission-based tank game. In each mission,
			you will drop to the surface of the planet,
			destroy some targets,
			and then return to your ship in orbit. The hovercraft you pilot is heavily armored and includes various
			weapons systems to take out enemies and targets.</story>
	</game>
	<game name="Hyper Force (World)">
		<description>Hyper Force (World)</description>
		<year>2000</year>
		<manufacturer>Visual Impact</manufacturer>
		<publisher>Songbird Productions</publisher>
		<score>1.6</score>
		<genre>Action</genre>
		<players>1</players>
		<story>It's just you, your gun, and a corporate army bent on your destruction.

			Trans Con is decimating world after world in search of enough resources and wealth to launch an attack
			against the Terran High Command. The politicians don't want a direct confrontation that might hurt their
			corporate sponsors. So, Interstellar Special Forces has been called in to send a lone warrior to eliminate
			the Trans Con threat. Wanna guess who that warrior is?

			Features: -More than 20 levels of intense action ! -ISF Supply Shop allows you to upgrade 5 different
			weapons -Secret areas and hidden switches -Parallax scrolling -Incredible in-game music ! -Saved game
			support with three game slots</story>
	</game>
	<game name="I-War (USA, Europe)">
		<description>I-War (USA, Europe)</description>
		<year>1995</year>
		<manufacturer>Imagitec Design</manufacturer>
		<publisher>Atari</publisher>
		<score>2.7</score>
		<genre>Action</genre>
		<players>2</players>
		<story>The giant supercomputer that controls the world's information has been infected with viruses. You must
			enter the virtual world known as the I-Way, and clear them out with your anti-virus tank.

			I-War is a 3D virtual reality tank game. In each of the 21 levels,
			you must find all the data pods and make your way to the exit. Enemy tanks,
			turrets,
			and bombers stand in your way,
			as well as occasional traps or locked doors controlled by hidden switches. Levels are divided into simple,
			enclosed rooms,
			linearly connected by one-way teleporters. You can select a fast,
			medium,
			or heavy tank at the beginning of the game,
			with its abilities reflected in the strength of its guns or the amount of punishment it can absorb.
			Throughout the game,
			you will also find weapon power-ups and tank upgrades (such as shields, radar, and auto-targeting) to help
			you stay effective against the increasing numbers of enemy defenders. You can save your progress to the cart
			at the end of each level. Between levels are bonus rounds where you pilot your tank through a corridor and
			try to collect a set percentage of data pods. Meeting that percentage earns you an extra life.</story>
	</game>
	<game name="International Sensible Soccer (World)">
		<description>International Sensible Soccer (World)</description>
		<year>1994</year>
		<manufacturer>Sensible Software</manufacturer>
		<publisher>Telegames</publisher>
		<score>3.6</score>
		<genre>Sports</genre>
		<players>2</players>
		<story>Released alongside the 1994 World Cup,
			this was the first version of Sensible Soccer to feature teams from outside Europe. The World Cup tournament
			is featured in full,
			and you can adjust which 24 teams this features,
			a particularly crucial feature for English and French fans,
			as their nations failed to qualify. For the first time in the series an on-screen referee is featured. The
			club team data has been updated to take into account transfers and kit changes since the previous version.
			Gameplay is much the same as previous editions,
			being viewed from above with small sprites and loose ball control.</story>
	</game>
	<game name="Iron Soldier (World)">
		<description>Iron Soldier (World)</description>
		<year>1994</year>
		<manufacturer>Eclipse Software</manufacturer>
		<publisher>Atari</publisher>
		<score>3.2</score>
		<genre>Shooter</genre>
		<players>1</players>
		<story>It is the future,
			and the earth has been covered with wastelands and cities. The powerful,
			faceless Iron First Corporation has replaced the last forms of free government. Now,
			they are developing a new,
			42-foot,
			armed robot known as the Iron Soldier. With the Iron Soldier,
			no one will be able to stop the Iron First Corporation. The only hope is the Resistance,
			a group that has managed to capture one of the Iron Soldier prototypes. You are a pilot for the Resistance.
			It's up to you to pilot the robot and bring down the Iron Fist.

			Iron Soldier is a mech sim played from an in-cockpit view. There are 16 single player missions. Objectives
			involve taking out certain targets,
			defending convoys,
			collecting items,
			and so on.</story>
	</game>
	<game name="Iron Soldier 2 (USA, Europe)">
		<description>Iron Soldier 2 (USA, Europe)</description>
		<year>1997</year>
		<manufacturer>Eclipse Software</manufacturer>
		<publisher>Telegames</publisher>
		<score>2.6</score>
		<genre>Action</genre>
		<players>1</players>
		<story>Iron Soldier 2 puts you back in the pilot's seat of a 42 foot tall humanoid war machine. The old Iron
			Fist corporation is gone, and a new democratic republic has been set up. The peace is short lived, though.
			Iron Fist's rival,
			PENTA corporation,
			is now threatening the United Republic's stability. You are a pilot for the United Republic, and must stop
			PENTA's advances. Iron Soldier 2 plays similarly to the first game. You have new weapons,
			new enemies,
			and 20 super-challenging missions to contend with. Originally released on CD,
			Telegames later released this cartridge version,
			featuring the same gameplay as the CD version,
			but lacking music as well as having had the FMV sequences replaced with still images due to space
			constraints.</story>
	</game>
	<game name="Kasumi Ninja (World)">
		<description>Kasumi Ninja (World)</description>
		<year>1994</year>
		<manufacturer>Hand Made Software</manufacturer>
		<publisher>Atari</publisher>
		<score>2.2</score>
		<genre>Fighting</genre>
		<players>2</players>
		<story>ALL HELL IS ABOUT TO BREAK LOOSE. Stop the Evil Ninja Lord Gyaku from opening the Dragon Cloud temple's
			portal to Hell and unleashing his demon minions upon Kasumi Island and the world. Battle it out in this
			bloody brawler in 1 Player Story mode or Two Player versus mode as one of the 8 all-time greatest
			warrior-fighters. Gain fighting skill and master special moves from bout to bout as you journey through the
			Underground Labyrinth to the Dragon Cloud temple where you'll face your ultimate opponent: The Evil Ninja
			Lord Gyaku himself !</story>
	</game>
	<game name="Missile Command 3D (World)">
		<description>Missile Command 3D (World)</description>
		<year>1995</year>
		<manufacturer>Virtuality Entertainment Ltd.</manufacturer>
		<publisher>Atari</publisher>
		<score>3.2</score>
		<genre>Shooter</genre>
		<players>1</players>
		<story>Prepare For The Alien Attack ! Aliens are out to take over your colonies and it's up to you to stop them.
			You're armed with an arsenal of lasers,
			missiles and smart bombs,
			but it takes more than raw fire power to stop these guys. You've got to be quick and accurate to keep your
			cities from becoming alien neighborhoods. This Jaguar update of the arcade classic includes Original Missile
			Command, 3D Missile Command and Virtual Mission Command. Defend the cities from the relentless alien attack!
		</story>
	</game>
	<game name="NBA Jam - Tournament Edition (USA, Europe)">
		<description>NBA Jam - Tournament Edition (USA, Europe)</description>
		<year>1996</year>
		<manufacturer>High Voltage Software</manufacturer>
		<publisher>Atari</publisher>
		<score>3.9</score>
		<genre>Sports</genre>
		<players>4</players>
		<story>Your state-of-the-art system demands a state-of-the-art NBA JAM TE -- and this is it! Arcade-quality
			player scaling! Updated player rosters! Want more? We've got all-new secret characters ! Monster-jamming
			stereo music and authentic arcade sound F/X -- including voice calls for individual players !</story>
	</game>
	<game name="Phase Zero (World)">
		<description>Phase Zero (World)</description>
		<year>1995</year>
		<manufacturer>Hyper Image</manufacturer>
		<publisher>Atari Corporation</publisher>
		<score>1.5</score>
		<genre>Shooter</genre>
		<players>1</players>
		<story>Phase Zero is an unreleased action-shooter video game that was in development by Hyper Image Productions
			and originally planned to be published by Atari Corporation on a scheduled September 1995 release date
			exclusively for the Atari Jaguar. It was the only game in development by Hyper Image. Assuming the role of a
			newcomer pilot from the titular squadron assigned to fight against an rival organization only known as The
			Collective in a foreign planet,
			players take control of a windowless VTV hovertank craft called Hunter in order to complete a series of
			missions and tasks,
			while battling against enemy VTV hovertanks. Hyper Image was originally working on a top-down shooter for
			the Super Nintendo Entertainment System,
			before the team later moved to the Jaguar with Phase Zero and opted to use their own interpretation of the
			heightmap technique to render the landscapes and visuals,
			in addition of also placing emphasis on LAN play for multiplayer.</story>
	</game>
	<game name="Pinball Fantasies (World)">
		<description>Pinball Fantasies (World)</description>
		<year>1995</year>
		<manufacturer>Spidersoft</manufacturer>
		<publisher>21st Century Entertainment</publisher>
		<score>2.9</score>
		<genre>Action</genre>
		<players>8</players>
		<story>Turn your Jaguar into the ultimate amusement arcade with Pinball Fantasies - the greatest pinball
			simulator ever. This classic game offers four scorchingly addictive tables with the most realistic ball
			movement you'll ever seen in a video game. If you're looking for instant playability,
			speed and excitement,
			Pinball Fantasies is the game for you.</story>
	</game>
	<game name="Pitfall - The Mayan Adventure (USA, Europe)">
		<description>Pitfall - The Mayan Adventure (USA, Europe)</description>
		<year>1995</year>
		<manufacturer>Imagitec Design</manufacturer>
		<publisher>Atari</publisher>
		<score>3.3</score>
		<genre>Action</genre>
		<players>1</players>
		<story>Pitfall Harry has been captured by the dreaded warrior spirit,
			Zakelua: Lord of Evil. You,
			young Harry Jr.,
			must venture into the unknown,
			armed with only your trusty sling and your father's journal, to attempt his rescue. Keep your eyes peeled
			for objects that might help you as you sneak through the Mayan jungle.</story>
	</game>
	<game name="Power Drive Rally (World)">
		<description>Power Drive Rally (World)</description>
		<year>1995</year>
		<manufacturer>Rage</manufacturer>
		<publisher>Time Warner Interactive</publisher>
		<score>3.9</score>
		<genre>Racing</genre>
		<players>2</players>
		<story>Fueled by a nitro-burning, 64-bit graphics engine, PowerDrive Rally delivers the sights, sounds and the
			chaotic intensity of pure Rally racing. You'll actually see the skid marks and icicles fly as you tear
			across the Italian countryside. Hear the gears grind and your navigator sneer as you rip through the Arizona
			desert. Feel the heart palpitations and adrenaline overload as you bury the needle along the dust-choked
			African plains.</story>
	</game>
	<game name="Protector - Special Edition (World)">
		<description>Protector - Special Edition (World)</description>
		<year>2002</year>
		<manufacturer>Songbird Productions</manufacturer>
		<publisher>Songbird Productions</publisher>
		<score>2.7</score>
		<genre>Shooter</genre>
		<players>2</players>
		<story>Protector SE is an update of Songbird's earlier Protector, which shares many similarities to Defender.
			The Special Edition version includes many improvements over the original game, including new waves, new
			enemies, new landscapes, gameplay enhancements, and more. Please visit the Protector SE Page at Songbird
			Productions for more information.</story>
	</game>
	<game name="Raiden (World) (Rev A)">
		<description>Raiden (World) (Rev A)</description>
		<year>1994</year>
		<manufacturer>Imagitec Design</manufacturer>
		<publisher>Atari</publisher>
		<score>4.1</score>
		<genre>Shooter</genre>
		<players>2</players>
		<story>Mother Earth has fallen to deranged aliens. Now, as pilot of the Raiden Supersonic Attack Fighter, you
			must rip through enemy lines and mount a daring counterattack...in Raiden, the ultimate arcade game
			conversion. Showcasing the Atari Jaguar's 64-bit capabilities,
			Raiden enhances the vertical-shooter excitement of an all-time arcade favorite with brilliant sounds and
			exceptional speed and motion.</story>
	</game>
	<game name="Rayman (World)">
		<description>Rayman (World)</description>
		<year>1995</year>
		<manufacturer>Ubi Soft</manufacturer>
		<publisher>Ubi Soft</publisher>
		<score>4.2</score>
		<genre>Platform</genre>
		<players>1</players>
		<story>Enter the challenging,
			mind-altering world of Rayman and,
			suddenly,
			reality seems far too tame. Free your mind as Rayman takes you on an arduous adventure through a complex
			realm of psychedelic landscapes,
			absurd characters,
			formidable opponents,
			and uncharted levels of dementia. You'll experience a heightened sense of visual awareness. You'll hear
			strange and beautiful sounds. Endless legions of bizarre creatures will be out to get you. One trip into
			Rayman's kaleidoscopic domain...and you'll be addicted !</story>
	</game>
	<game name="Ruiner Pinball (USA, Europe)">
		<description>Ruiner Pinball (USA, Europe)</description>
		<year>1995</year>
		<manufacturer>High Voltage Software</manufacturer>
		<publisher>Atari</publisher>
		<score>3.5</score>
		<genre>Action</genre>
		<players>4</players>
		<story>Ruiner Pinball is two fantastic games in one ! In Ruiner,
			a double-wide table provides challenging gameplay and real classic arcade feel as you strive to defend your
			country from a foreign attack and prepare a strike of your own. In Tower,
			the triple-length table is so eerie you'll think you've descended into Hell. The Sorceress and her wicked
			minions are after you. Casting three spells will bring the tower crashing down,
			but can you figure them out before it's too late!</story>
	</game>
	<game name="Skyhammer (World)">
		<description>Skyhammer (World)</description>
		<year>2000</year>
		<manufacturer>Rebellion</manufacturer>
		<publisher>Songbird Productions</publisher>
		<score>3.3</score>
		<genre>Shooter</genre>
		<players>1</players>
		<story>In a futuristic city, you are a mercenary pilot flying a helicopter-like craft in cyberspace. Hired by
			the large corporation Cytox, you are to defend its corporate holdings from those who seek to destroy all it
			has accomplished.

			The numerous missions involve flying to several large cities and hunting down the renegades who threaten
			them. You have a cockpit view of the city as you hunt down your enemies and dock at the Cyber Mart for
			repairs. As you destroy your enemies and complete missions,
			you can earn credits for buying more supplies,
			weapons and ship upgrades at the Cyber Mart. Play in Mission Mode or Battle Mode. To win the game,
			you must complete each mission successfully. The enemies become more tough as you progress through the
			"levels"of gameplay.</story>
	</game>
	<game name="Soccer Kid (World)">
		<description>Soccer Kid (World)</description>
		<year>2000</year>
		<manufacturer>ReadySoft</manufacturer>
		<publisher>Songbird Productions</publisher>
		<score>2.4</score>
		<genre>Platform</genre>
		<players>1</players>
		<story>Aliens attempting to steal the World Cup have crashed as they tried to flee,
			and the Cup has been broken,
			its pieces scattered around the globe. As Soccer Kid,
			you must retrieve it. During your journey you will visit Britain,
			Italy,
			Russia,
			Japan,
			and finally the States. Soccer Kid is a platform game with some unique elements. As the name implies,
			you have to kill your enemies with your ball. Football-style tricks of keeping the ball in the air and under
			control are especially useful - headers and overhead kicks can be played with practice. You gain access to
			the pieces by collecting 11 Player Cards across each world. There is a saving feature that gives you the
			ability to save between each country (but not between individual levels).</story>
	</game>
	<game name="Space War 2000 (World)">
		<description>Space War 2000 (World)</description>
		<year>2001</year>
		<manufacturer>Atari</manufacturer>
		<publisher>B &amp; C Computervisions</publisher>
		<score>3.5</score>
		<genre>Shooter</genre>
		<players>1</players>
		<story>As a space knight,
			you will vie for glory,
			honor,
			fame and fortune in this one- or two-player first-person perspective 3D jousting adventure. Procure multiple
			weapons and cool defensive items in your quest to rank with other valiant knights on the High Score Table.
		</story>
	</game>
	<game name="Super Burnout (World)">
		<description>Super Burnout (World)</description>
		<year>1995</year>
		<manufacturer>Shen</manufacturer>
		<publisher>Atari</publisher>
		<score>3.9</score>
		<genre>Racing</genre>
		<players>2</players>
		<story>This game will get your adrenaline pumping and pin you to your seat with its 'G'force. As you lean into
			the first bend you'll feel like you're really there. Go for it ! Twist the throttle hard and ride that curve
			like a pro.</story>
	</game>
	<game name="Supercross 3D (USA, Europe)">
		<description>Supercross 3D (USA, Europe)</description>
		<year>1995</year>
		<manufacturer>Tiertex</manufacturer>
		<publisher>Atari</publisher>
		<score>1.9</score>
		<genre>Racing</genre>
		<players>1</players>
		<story>Supercross 3D brings the excitement of arena supercross racing to the Jaguar. Not only do you get to race
			ahead of your competitors,
			you can catch big air on the huge jumps and perform a few tricks. There are three game modes: Practice,
			Single Race,
			and Tournament. In practice mode,
			you can race around any track for as long as you like. In single race mode,
			you compete in one race against the computer. Finally,
			in tournament mode,
			you compete in a series of races to accumulate points and become the Supercross champion.</story>
	</game>
	<game name="Syndicate (World)">
		<description>Syndicate (World)</description>
		<year>1995</year>
		<manufacturer>Bullfrog</manufacturer>
		<publisher>Ocean Software</publisher>
		<score>3.1</score>
		<genre>Strategy</genre>
		<players>1</players>
		<story>A rival Syndicate has gained full control of the population via a mind-altering techno-drug known as the
			CHIP. You are an ambitious executive in the Syndicate,
			hand picked to lead a team of CHIP-induced Cyborg mercenaries on a quest to infiltrate and seize opposing
			Syndicate territories. Your mission: Assassinate,
			pillage,
			destroy,
			do whatever it takes to bring down competing Agents... before they unleash their bloody assault on you !
		</story>
	</game>
	<game name="Tempest 2000 (World)">
		<description>Tempest 2000 (World)</description>
		<year>1994</year>
		<manufacturer>LLamasoft</manufacturer>
		<publisher>Atari</publisher>
		<score>4.2</score>
		<genre>Shooter</genre>
		<players>2</players>
		<story>Turn out the lights,
			turn up the volume and prepare for a mind-blowing assault on the senses. Once your neurotransmitters get a
			taste of the hypnotic rhythms of 100% pure techno-rave,
			you'll be hooked...Unable to escape the rush of blasting Flippers and Demon Heads as enhanced 3D polygons,
			screaming particle displays and hyperdelic Melt-O-Visionâ„¢ graphics warp you into the ultraviolent 64th
			Dimension... Developed by legendary game developer Jeff Minter (Llamasoft)</story>
	</game>
	<game name="Theme Park (World)">
		<description>Theme Park (World)</description>
		<year>1995</year>
		<manufacturer>Bullfrog</manufacturer>
		<publisher>Ocean Software</publisher>
		<score>3.1</score>
		<genre>Construction and Management Simulation;Strategy</genre>
		<players>1</players>
		<story>Now you're ready to design and operate your own amusement park. You choose the location,
			hire the staff,
			build and repair the rides,
			manage the cash flow,
			even decide how much salt to put on the french fries. But make your decisions wisely...there's nothing like
			a broken Ferris Wheel to turn your customers into an army of marciless vandals.</story>
	</game>
	<game name="Total Carnage (World)">
		<description>Total Carnage (World)</description>
		<year>2005</year>
		<manufacturer>Hand Made Software</manufacturer>
		<publisher>Songbird Productions</publisher>
		<score>1.7</score>
		<genre>Action;Shooter</genre>
		<players>2</players>
		<story>Total Carnage is the classic arcade game originally ported by Hand Made Software and licensed from
			long-time game publisher Midway. One or two players assume the roles of Captain Carnage or Major Mayhem in a
			tongue-in-cheek frantic assault on the dastardly forces of General Ahkboob. There is an unending -- often
			overwhelming -- number of enemies pursuing the heroes at all times, but thankfully there are also many
			powerups, bombs, and even missile strikes to assist players in their quest. Player strive to rescue
			civilians and collect valuable items such as keys, dogtags, and more.

			Total Carnage was never commercially released,
			but is one of the most complete Jaguar prototypes to surface in recent years. Songbird Productions licensed
			Total Carnage from Midway Games and released the game in cartridge form (complete with box, manual and
			label) in 2005.</story>
	</game>
	<game name="Towers II - Plight of the Stargazer (USA, Europe)">
		<description>Towers II - Plight of the Stargazer (USA, Europe)</description>
		<year>1996</year>
		<manufacturer>JV Games</manufacturer>
		<publisher>Telegames</publisher>
		<score>2.6</score>
		<genre>Role-Playing</genre>
		<players>1</players>
		<story>Become one of four different characters as you are immersed within the strange happenings in the mystical
			land of Lamini. You must uncover the secrets as you explore Daggan's tower. Many before you have tried, but
			none have returned. First person perspective, full screen smooth scrolling, talk to others, refer to maps,
			collect 100's of items,
			encounter 100's of creatures, experience challenges in combat and spell casting. Hours and hours of
			entertainment with appropriate save features.</story>
	</game>
	<game name="Trevor McFur in the Crescent Galaxy (World) (Rev A)">
		<description>Trevor McFur in the Crescent Galaxy (World) (Rev A)</description>
		<year>1993</year>
		<manufacturer>Atari</manufacturer>
		<publisher>Atari</publisher>
		<score>1.6</score>
		<genre>Shooter</genre>
		<players>1</players>
		<story>The Crescent Galaxy has been attacked by an entity known as Odd-it. This creatures goal is to make
			everything odd, like it. You play Trevor McFur, a corporal in the Crescent Galaxy's chapter of the
			Interplanetary Defense squad and are sent in along with your feline partner Cutter to defeat Odd-it. The
			game is a side scrolling shooter featuring a wide variety of worlds and enemies to conquer. Throughout the
			game you can power your ship with newer and better weapons by shooting certain enemies and collecting the
			bonuses left behind.</story>
	</game>
	<game name="Troy Aikman NFL Football (World)">
		<description>Troy Aikman NFL Football (World)</description>
		<year>1995</year>
		<manufacturer>Telegames</manufacturer>
		<publisher>Williams Entertainment</publisher>
		<score>1.3</score>
		<genre>Sports</genre>
		<players>2</players>
		<story>You and a friend can become star NFL players or choose to coach a team in this realistic rendition of the
			game of American football,
			endorsed by former Dallas Cowboys quarterback and Super Bowl champ,
			Troy Aikman. Choose to play alone against the system,
			or play against each other. Pick from 3 play modes: Pre-season,
			Season,
			or Custom Generated (editable) season. There are also three skill levels: Rookie,
			Pro and Veteran. You can design your own plays,
			customize your team,
			and save your team's stats. True-to-life playing surfaces have an effect on how your team performs and
			include grass, mud, dirt, snow, rain and turf. Listen to the roar of the crowd and other authentic stadium
			sounds as your plays are followed through.</story>
	</game>
	<game name="Ultra Vortek (World)">
		<description>Ultra Vortek (World)</description>
		<year>1995</year>
		<manufacturer>Beyond Games</manufacturer>
		<publisher>Atari</publisher>
		<score>2.7</score>
		<genre>Fighting</genre>
		<players>2</players>
		<story>Mankind must prove that it is worthy of the powers of the Ultra Vortek -- the eternal energy source for
			all life on Earth. Failure to meet this challenge will result in the Earth's destruction. Seven of the
			planet's mightiest warriors have been chosen to pit strength and cunning against the Guardian for complete
			control of the Ultra Vortek.</story>
	</game>
	<game name="Val d'Isere Skiing and Snowboarding (World)">
		<description>Val d'Isere Skiing and Snowboarding (World)</description>
		<year>1994</year>
		<manufacturer>Virtual Studio</manufacturer>
		<publisher>Atari</publisher>
		<score>2.3</score>
		<genre>Sports</genre>
		<players>2</players>
		<story>Cut the slopes on some of the steepest mountainsides in SKIING AND SNOWBOARDING, a wild winter challenge
			where speed in guaranteed! Train and compete on the breathtaking slopes of France's world-famous Vald-Isère
			Ski Resort. Race against time and friends in slalom, giant slalom and downhill events.
			Watch out for trees,
			snowmobiles and sno-cats as you barrel down windswept mountainsides,
			black ice,
			and moguls.</story>
	</game>
	<game name="White Men Can't Jump (USA, Europe)">
		<description>White Men Can't Jump (USA, Europe)</description>
		<year>1995</year>
		<manufacturer>High Voltage Software</manufacturer>
		<publisher>Atari</publisher>
		<score>1.7</score>
		<genre>Sports</genre>
		<players>4</players>
		<story>Are you ready for the most hyped up, monster jammin',
			bruisin' elbows, rebound snatchin',
			rim stuffin', skying over suckers, down your throat, money making game of street ball you never thought
			possible? Well, here it is, in your face, and it's time to get it on ! Hit the courts with White Men Can't
			Jump!</story>
	</game>
	<game name="Wolfenstein 3D (World)">
		<description>Wolfenstein 3D (World)</description>
		<year>1994</year>
		<manufacturer>id Software</manufacturer>
		<publisher>Atari</publisher>
		<score>3.7</score>
		<genre>Shooter</genre>
		<players>1</players>
		<story>Bring Down The Third Reich!

			As the legendary William "B.J."Blazkowicz,
			you've been commissioned to rewrite history in a bloody 64-bit war zone filled with enough Nazi scum to keep
			you trigger-happy for weeks. Annihilate Der Fuerher's elite commando team,
			assasinate the diabolical Dr. Shabbs,
			capture the secret war plans,
			infiltrate Der Fuerher's bunker... and waste anyone and anything that gets in your way!</story>
	</game>
	<game name="Worms (USA, Europe)">
		<description>Worms (USA, Europe)</description>
		<year>1998</year>
		<manufacturer>Team17</manufacturer>
		<publisher>Telegames</publisher>
		<score>3.9</score>
		<genre>Strategy</genre>
		<players>4</players>
		<story>Worms is a turn-based strategy game. It features up to 4 teams of 4 worms, aiming to destroy the others
			on a generated terrain. Each worm has 100 hit points, and dies when his hit points fall to 0. Upon death, a
			worm explodes, causing damage to everyone around.

			Gameplay is turn-based. Each turn,
			the player can control one specific worm from his team. The worm can crawl left and right or jump. However,
			there is a time limit to make a move;
			also,
			if the worm falls from a great height,
			it loses health and the turn ends immediately;
			and if a worm falls into water or offscreen,
			it dies. Each turn,
			a worm can also make a single attack: the player can aim up and down,
			choose a weapon and then fire it. After attacking,
			the turn ends. There's a lot of weapons available - the standard ones as bazookas (which is affected by the
			(random) wind settings and gravity) and grenades. The others include a Fire Punch, dynamite, air strikes,
			and utilities such as ropes and girders.

			There are 10 styles of terrain,
			ranging from forests and deserts to Candy land and the moon (complete with affected gravity). Shots leave
			craters in the ground,
			and complex tunnels can be formed.</story>
	</game>
	<game name="Zero 5 (USA, Europe)">
		<description>Zero 5 (USA, Europe)</description>
		<year>1997</year>
		<manufacturer>Caspian Software</manufacturer>
		<publisher>Telegames</publisher>
		<score>3.6</score>
		<genre>Shooter</genre>
		<players>1</players>
		<story>Zero 5 is a futuristic space shooter set in a 3-D,
			360 degree playfield. The year is 2044 and the battle for Earth has begun. On the far reaches of the galaxy,
			a massive invasion force is assembling. Scanners at DEFCON have alerted you to the alien threat. The Earth's
			best pilots are dispatched in their BAMBAM cruisers to engage the enemy.</story>
	</game>
	<game name="Zool 2 (World)">
		<description>Zool 2 (World)</description>
		<year>1994</year>
		<manufacturer>Imagitec Design</manufacturer>
		<publisher>Atari</publisher>
		<score>2.8</score>
		<genre>Action;Platform</genre>
		<players>2</players>
		<story>Zool and his daring lovely sidekick Zooz face a challenge that would wilt the knees of even the toughest
			Ninja. The Nth Dimension is under attack from the evil forces of Krool. Our heroes must restore the Nth
			Dimension to equilibrium and exile Mental-Block and his mind-numbing cronies before imagination is wiped out
			of existence. Zoon the two-headed intergalactic wonder-canine will help, but you'll need skills from the Nth
			Dimension to save imagination !</story>
	</game>
	<game name="Zoop (USA, Europe)">
		<description>Zoop (USA, Europe)</description>
		<year>1996</year>
		<manufacturer>Electric Spectacle</manufacturer>
		<publisher>Atari</publisher>
		<score>1.6</score>
		<genre>Puzzle</genre>
		<players>1</players>
		<story>Zoop is a fast-paced puzzle game in which the player eliminates colored shapes that are approaching his
			alter ego,
			another colored shape,
			before they reach the top,
			somewhat similarly to Tetris. In order to eliminate the other shapes,
			you must point your piece at it and 'fire'. If the shape is the same color as your piece,
			the shape is eliminated,
			as well as all of the shapes of the same color behind it,
			until your piece hits a piece of a different color. If the shape is of a different color,
			or it is hit when collecting a line of similar shapes,
			your piece exchanges colors with the shape.</story>
	</game>
</menu>