<?xml version="1.0"?>
<menu>
		<game name="Adventure in the Snow Globe">
		<description>Adventure in the Snow Globe</description>
		<year>2018</year>
		<developer>GomePlayTV</developer>
		<manufacturer>GomePlayTV</manufacturer>
		<score>0.8</score>
		<genre>Platform</genre>
		<players>1</players>
		<story>A short christmas themed hack made for SimpleFlips Christmas competition. 
            In this SM64 ROM hack, there are 2 festive boss battles, an enchanted sleigh ride, a hidden star cookie piece hunt, and a sweet journey up Candy Cane Mountain! 
			After you've collected all star cookies, enjoy a Christmas gathering with all of your Super Mario 64 buddies.</story>
	</game>
		<game name="Another Mario Adventure">
		<description>Another Mario Adventure</description>
		<year>2020</year>
		<developer>aglab2</developer>
		<manufacturer>aglab2</manufacturer>
		<score>0.8</score>
		<genre>Platform</genre>
		<players>1</players>
		<story>Another Mario Adventure is a ROM Hack made by aglab2. This is the sequel of Mario Adventure which spawns similarities to a couple levels from the first game based from the Sonic series. 
		    The new gimmick is that it features guest levels made by the SM64 ROM Hack Community such as BroDute, Tomatobird8, usernamesarespiders, scuttlebug_raiser, etc. 
			Featuring 120 Stars, 9+ levels, special missions, hidden secrets, and many more.</story>
	</game>	
		<game name="Banjo-Dreamie">
		<description>Banjo-Dreamie</description>
		<year>2018</year>
		<developer>Loggo</developer>
		<manufacturer>Loggo</manufacturer>
		<score>0.8</score>
		<genre>Platform</genre>
		<players>1</players>
		<story>Banjo Dreamie is the first of it’s kind: a complete romhack of Banjo-Kazooie – that is, it is the first that has been completed and released. 
		    This long awaited gem, finally released in 2018, plays like a direct sequel of Banjo-Kazooie and situates itself between the end of Banjo-Kazooie and the beginning of Banjo-Tootie.</story>
	</game>
		<game name="Banjo-Kazooie Cut-Throat Coast">
		<description>Banjo-Kazooie Cut-Throat Coast</description>
		<year>2022</year>
		<developer>RetroNuva, Bynine</developer>
		<manufacturer>RetroNuva, Bynine</manufacturer>
		<score>0.8</score>
		<genre>Platform</genre>
		<players>1</players>
		<story>Washed upon this curs-ed shore....you'll find yourself without an oar. Ghost & Grublins are the fright that plagues you through this deep, dark night! 
		    Find doubloons to free the squirrel & gold for Blubber, you will hurl! Seek the hidden Ribcage Isle & in the Tavern, stay a while? 
			Out on the shore is buried there, an anciet treasure, if you dare....Last of all, go heed my word & watch your step - dear bird & bear! 
			Cut-Throat Coast is a brand new Banjo-Kazooie level made by assorted members of the Banjo's Backpack community, alongside 20 minutes of brand new music and a nearly 30-page-long official strategy guide! 10 jiggies and 100 notes to collect</story>
	</game>		
		<game name="Banjo-Kazooie How the Gruntch Stole Christmas">
		<description>Banjo-Kazooie How the Gruntch Stole Christmas</description>
		<year>2021</year>
		<developer>Kurko Mods</developer>
		<manufacturer>Kurko Mods</manufacturer>
		<score>0.8</score>
		<genre>Platform</genre>
		<players>1</players>
		<story>Banjo Kazooie: How The Gruntch stole Christmas" it's a mod inspired by the popular storybook written by Dr.Seuss.
            The game contains 20 puzzles pieces, 200 Notes, 8 mumbo tokens and some easter eggs.</story>
	</game>	
		<game name="Banjo-Kazooie The Legend of the Crystal Jiggy">
		<description>Banjo-Kazooie The Legend of the Crystal Jiggy</description>
		<year>2021</year>
		<developer>JacksonG13</developer>
		<manufacturer>JacksonG13</manufacturer>
		<score>0.8</score>
		<genre>Platform</genre>
		<players>1</players>
		<story>Banjo Kazooie Legend of the Crystal Jiggy is a mod created by JacksonG13 that takes place after Banjo Tooie and sets Banjo & Kazooie on an adventure to find the Crystal Jiggy before Grunty uses it to take over the world!</story>
	</game>
		<game name="BK - The Jiggies of Time">
		<description>BK - The Jiggies of Time</description>
		<year>2020</year>
		<developer>Kurko Mods</developer>
		<manufacturer>Kurko Mods</manufacturer>
		<score>0.8</score>
		<genre>Platform</genre>
		<players>1</players>
		<story>THE LEGEND OF BANJO KAZOOIE - THE JIGGIES OF TIME is a Banjo Kazooie mod in the world of Zelda: Ocarina of Time.
            9 Worlds, 100 jiggies, 900 Notes, 5 Mumbo transformations and a LOT OF EASTER EGGS!!</story>
	</game>
		<game name="B-K The Night-Bear Before Christmas">
		<description>B-K The Night-Bear Before Christmas</description>
		<year>2020</year>
		<developer>Kurko Mods</developer>
		<manufacturer>Kurko Mods</manufacturer>
		<score>0.8</score>
		<genre>Platform</genre>
		<players>1</players>
		<story>Banjo-Kazooie and the Night-bear before christmas. This is an amazing mod made by Mark Kurko that is based off of the Nightmare before Christmas by Tim Burton. 
		    This mod is for N64 Nintendo 64.</story>
	</game>	
		<game name="Despair Mario's Gambit 64">
		<description>Despair Mario's Gambit 64</description>
		<year>2021</year>
		<developer>GMDDoesDMG</developer>
		<manufacturer>GMDDoesDMG</manufacturer>
		<score>0.8</score>
		<genre>Platform</genre>
		<players>1</players>
		<story>Despair Mario's Gambit 64 (DMG64) is a Major Hack created by GMDDoesDMG, with 120 Stars.</story>
	</game>	
		<game name="F-Zero DXP">
		<description>F-Zero DXP</description>
		<year>2007</year>
		<developer>Dave Phaneuf</developer>
		<manufacturer>Dave Phaneuf</manufacturer>
		<score>0.8</score>
		<genre>Platform</genre>
		<players>1</players>
		<story>This completely replaces all the tracks with newly created ones! Originally created with the “F-Zero Execution Project”.</story>
	</game>
		<game name="F-Zero X Climax">
		<description>F-Zero X Climax</description>
		<year>2014</year>
		<developer>Philippe Brodier</developer>
		<manufacturer>Philippe Brodier</manufacturer>
		<score>0.8</score>
		<genre>Platform</genre>
		<players>1</players>
		<story>All the 24 F-Zero X tracks have been remade, the 24 new circuits are from F-Zero Climax but very large changes were made, including 3D, absent the GBA version. 
		    Like many games it takes a little time to learn the tracks and enjoy it. On championship mode the opponents are much faster than in the original game, it makes F-Zero X Climax more difficult.</story>
	</game>
		<game name="GoldenEye Compilation Pack">
		<description>GoldenEye Compilation Pack</description>
		<year>2021</year>
		<developer>Wreck</developer>
		<manufacturer>Wreck</manufacturer>
		<score>0.8</score>
		<genre>Platform</genre>
		<players>1</players>
		<story>Over the years, many great custom missions have been released by various authors. The problem is, you have to load in a new ROM each time you want to change a level. 
		    What if there was a handful of these maps, in one nice and neat compilation pack?
            That’s what this mod was created for. Twelve missions and nine multiplayer maps, carefully edited and put together for a seamless experience.</story>
	</game>
		<game name="Goldfinger 64">
		<description>Goldfinger 64</description>
		<year>2017</year>
		<developer>SubDrag</developer>
		<manufacturer>SubDrag</manufacturer>
		<score>0.8</score>
		<genre>Platform</genre>
		<players>1</players>
		<story>Goldfinger 64 features an entirely new single-player campaign based on the 1964 Bond film.
            Although it uses the same engine as GoldenEye 007, Goldfinger 64 nevertheless contains new music, sound effects and weapons. There’s even a full multiplayer mode with 11 arenas.</story>
	</game>
		<game name="Lego Mario is Real 64">
		<description>Lego Mario is Real 64</description>
		<year>2021</year>
		<developer>Kaze Emanuar</developer>
		<manufacturer>Kaze Emanuar</manufacturer>
		<score>0.8</score>
		<genre>Platform</genre>
		<players>1</players>
		<story>Lego Mario 64 is a ROMhack/mod of Super Mario 64, made to replicate the LEGO set based on the Nintendo 64 game. 
		    It has a small low poly Mario jumping on miniature versions of some Nintendo 64 stages, in search for five hidden Power Stars.</story>
	</game>
		<game name="Lug's Delightful Dioramas">
		<description>Lug's Delightful Dioramas</description>
		<year>2020</year>
		<developer>Lugmillord</developer>
		<manufacturer>Lugmillord</manufacturer>
		<score>0.8</score>
		<genre>Platform</genre>
		<players>1</players>
		<story>From the creator of Super Mario 74, Lug’s Delightful Dioramas is a new genre of Super Mario 64 romhacking where every level is as small and efficient as possible. 
		    Any fan of Super Mario 74 will be delighted by how much Lugmilord’s level designing skills have improved after being on hiatus for nearly a decade.</story>
	</game>
		<game name="Luigi and the Forest Ruins Rebooted">
		<description>Luigi and the Forest Ruins Rebooted</description>
		<year>2016</year>
		<developer>Mariocrash & TheGael95</developer>
		<manufacturer>Mariocrash & TheGael95</manufacturer>
		<score>0.8</score>
		<genre>Platform</genre>
		<players>1</players>
		<story>Luigi and the Forest Ruins Rebooted is a ROM hack made by Mariocrash and TheGael95. 
		    It is a complete overhaul of Luigi and the Forest Ruins 64, a hack made by TheGael95, with all new level designs, stars and overworld. </story>
	</game>		
		<game name="Mario Kart 64 - Amped Up">
		<description>Mario Kart 64 - Amped Up</description>
		<year>2020</year>
		<developer>Litronom</developer>
		<manufacturer>Litronom</manufacturer>
		<score>0.8</score>
		<genre>Platform</genre>
		<players>1</players>
		<story>Romhacker Litronom released Version 2.0 of Mario Kart 64 - Amped Up.
            Mario Kart 64 - Amped Up adds 12 new courses to the game, complete with new music and a separate "N64 Coin Mode"
            The options menu on the title screen has a variety of settings to change.</story>
	</game>
		<game name="Mario on Indigo Island">
		<description>Mario on Indigo Island</description>
		<year>2019</year>
		<developer>usernamesarentimportant</developer>
		<manufacturer>usernamesarentimportant</manufacturer>
		<score>0.8</score>
		<genre>Platform</genre>
		<players>1</players>
		<story>Mario on Indigo Island is a major ROM hack made by usernamesarentimportant (also known as UsernamesAreSpiders), released in May 2019, features 13 levels and a total of 111 stars.
            In comparison to The Mushroom Cup, this hack is openworld-like and has got a focusing gameplay style to exploration above platforming.
            Not following the previous game, Mario has to explore the island and clear out of the rampage between two parallel worlds.</story>
	</game>		
		<game name="Mario Party 3 StarStruck">
		<description>Mario Party 3 StarStruck</description>
		<year>2021</year>
		<developer>Ok Impala!</developer>
		<manufacturer>Ok Impala!</manufacturer>
		<score>0.8</score>
		<genre>Platform</genre>
		<players>1</players>
		<story>The Mario Party 3 hacking scene has created lots of fantastic custom boards over the last few years, using Party Planner 64. 
		    In this compilation patch, 6 of the best custom boards have been bundled for your convenience.</story>
	</game>
		<game name="Mario Party 64">
		<description>Mario Party 64</description>
		<year>2020</year>
		<developer>MrComit</developer>
		<manufacturer>MrComit</manufacturer>
		<score>0.8</score>
		<genre>Platform</genre>
		<players>1</players>
		<story>Its levels are all heavily based off Mario Party for the Nintendo 64, recreating all 8 boards. 
		    The music is also styled after Mario Party, along with several stars obtainable in unique mini-game scenarios.</story>
	</game>
		<game name="Mario's New Earth">
		<description>Mario's New Earth</description>
		<year>2021</year>
		<developer>PixelSM64</developer>
		<manufacturer>PixelSM64</manufacturer>
		<score>0.8</score>
		<genre>Platform</genre>
		<players>1</players>
		<story>Mario's New Earth is a ROM Hack created by PixelSM64, with 125 Stars.</story>
	</game>		
		<game name="Mario's Vacation Course 64">
		<description>Mario's Vacation Course 64</description>
		<year>2021</year>
		<developer>Reonu</developer>
		<manufacturer>Reonu</manufacturer>
		<score>0.8</score>
		<genre>Platform</genre>
		<players>1</players>
		<story>Mario's Vacation Course is a minihack by Reonu containing 30 stars in one course. It came first in scuttlebug_raiser's first hacking competition. 
		    Mario begins without his moveset and must unlock them by collecting stars.</story>
	</game>
		<game name="Paper Mario Black Pit">
		<description>Paper Mario Black Pit</description>
		<year>2021</year>
		<developer>elDexter</developer>
		<manufacturer>elDexter</manufacturer>
		<score>0.8</score>
		<genre>Platform</genre>
		<players>1</players>
		<story>Paper Mario: Black Pit is a mod for Paper Mario 64. 
		    It contains a lot of new challenges and modes, with a bunch of new and overhauled mechanics, one of which are stylish commands like Paper Mario: The Thousand-Year Door.</story>
	</game>
		<game name="Peach's Fury">
		<description>Peach's Fury</description>
		<year>2022</year>
		<developer>Kaze Emanuar</developer>
		<manufacturer>Kaze Emanuar</manufacturer>
		<score>0.8</score>
		<genre>Platform</genre>
		<players>1</players>
		<story>Peach's Fury is a minor hack made by Kaze Emanuar. It contains 1 stage and 25 stars. This is a cute little hack about exploration and freedom.
            This hack features many performance fixes to speed up Mario 64's engine by 100% to 500%. This required reading and optimizing the entire source code. 
            It can run significantly more complex maps than the original game with no lag on an N64.<story>
	</game>	
		<game name="Plutonium Mario 64">
		<description>Plutonium Mario 64</description>
		<year>2021</year>
		<developer>usernamesarespiders</developer>
		<manufacturer>usernamesarespiders</manufacturer>
		<score>0.8</score>
		<genre>Platform</genre>
		<players>1</players>
		<story>Plutonium Mario 64 is a major ROM Hack made by usernamesarespiders, featuring 12 main courses with 101 Stars.
            Originally dubbed Pluto Mario 64, it was an old Super Mario World hack the creator made years in the past but never was released in public until it was transitioned into Super Mario 64, and the title was named after the dwarf planet orbiting from the Sun, before changing the name after the radioactive chemical metal.
            This hack is the second game which takes place in a uncommon land after Indigo Island, and similar to the Yoshi's Adventure series and Cup series, almost all the courses are accessible from the main overworld.
            Aesthetic differences include different icons for Stars and coins, and the X and digits to the right of these icons. Bob-ombs also have different colorations, such as mint green and purple. Signs are white instead of brown, and ! boxes have had their appearance altered in both solid and transparent forms.<story>
	</game>		
		<game name="Princess Peach Sex Hack">
		<description>Princess Peach Sex Hack</description>
		<year>2020</year>
		<developer>MrComit</developer>
		<manufacturer>MrComit</manufacturer>
		<score>0.8</score>
		<genre>Platform</genre>
		<players>1</players>
		<story>Princess Peach Sex Hack is a Rom Hack created by MrComit, with 40 stars. 
		    It contains new mechanics, two endings and ''A star will spawn for the player who has collected every star in the previous world''.<story>
	</game>		
		<game name="Shining Stars 3 - Sanctuary of the Star Comet">
		<description>Shining Stars 3 - Sanctuary of the Star Comet</description>
		<year>2017</year>
		<developer>pieordie1</developer>
		<manufacturer>pieordie1</manufacturer>
		<score>0.8</score>
		<genre>Platform</genre>
		<players>1</players>
		<story>Shining Stars 3: Sanctuary of the Star Comet is a ROM-Hack made by pieordie1, and is the third installment in the Shining Stars series.</story>
	</game>	
		<game name="SL64 The Flower Cup">
		<description>SL64 The Flower Cup</description>
		<year>2020</year>
		<developer>usernamesarespiders</developer>
		<manufacturer>usernamesarespiders</manufacturer>
		<score>0.8</score>
		<genre>Platform</genre>
		<players>1</players>
		<story>Super Luigi 64 The Flower Cup is a ROM hack created by usernamesarespiders, with 166 Stars . This hack is the direct sequel of The Mushroom Cup, which now stars Luigi instead of Mario.
            This hack features new revamped levels from Luigi and the Violet Stars as the full remake of this game.</story>
	</game>		
		<game name="SM64 Last Impact">
		<description>SM64 Last Impact</description>
		<year>2016</year>
		<developer>Kaze Emanuar</developer>
		<manufacturer>Kaze Emanuar</manufacturer>
		<score>0.8</score>
		<genre>Platform</genre>
		<players>1</players>
		<story>Mario is super in a whole new way! Combining the finest 3-D graphics ever developed for a video game and
			an explosive sound track, Super Mario 64 becomes a new standard for video games. It's packed with bruising
			battles, daunting obstacle courses and underwater adventures. Retrieve the Power Stars from their hidden
			locations and confront your arch nemesis - Bowser, King of the Koopas!</story>
	</game>
		<game name="SM64 Ocarina of Time">
		<description>SM64 Ocarina of Time</description>
		<year>2018</year>
		<developer>Kaze Emanuar</developer>
		<manufacturer>Kaze Emanuar</manufacturer>
		<score>0.8</score>
		<genre>Platform</genre>
		<players>1</players>
		<story>SM64: Ocarina of Time is ROM hack created by Kaze Emanuar on March 26, 2018. This SM64 Hack is a remake of The Legend of Zelda: Ocarina of Time, but made it to fit into a Mario 64 (style) title. 
		    The hack contains 171 stars, and features no distinct courses as the world is all linked together.</story>
	</game>
		<game name="SM64 Peach's Memory">
		<description>SM64 Peach's Memory</description>
		<year>2021</year>
		<developer>Daniel_EDC</developer>
		<manufacturer>Daniel_EDC</manufacturer>
		<score>0.8</score>
		<genre>Platform</genre>
		<players>1</players>
		<story>Super Mario 64 Peach's Memory is a ROM hack of Super Mario 64 developed by Daniel EDC. It has 60 new Power Stars to collect in all new stages.
		    A long time ago, Princess Peach visited the Land of the Red Stars, and discovered the hidden Sanctuary of the Grand Red Star. 
			Now, Peach cannot remember where the Sanctuary was, and entrusts Mario to find it for her...</story>
	</game>
		<game name="SM64 Royal Legacy">
		<description>SM64 Royal Legacy</description>
		<year>2020</year>
		<developer>Stunning Cactus</developer>
		<manufacturer>Stunning Cactus</manufacturer>
		<score>0.8</score>
		<genre>Platform</genre>
		<players>1</players>
		<story>SM64 Royal Legacy is a small hack created by Stunning Cactus, with 30 stars.</story>
	</game>	
		<game name="SM64 Sapphire">
		<description>SM64 Sapphire</description>
		<year>2017</year>
		<developer>Nebula SM64</developer>
		<manufacturer>Nebula SM64</manufacturer>
		<score>0.8</score>
		<genre>Platform</genre>
		<players>1</players>
		<story>This hack was little known when it was released, however 2 days after the hack was released, Kaze made a video advertising the hack and recommend it to play it because how much fun he was having with it. 
            Since then, it has become a very popular hack due to its low amount of difficulty and ease of speedrunning.</story>
	</game>		
		<game name="SM64 Shining Stars Repainted">
		<description>SM64 Shining Stars Repainted</description>
		<year>2020</year>
		<developer>pieordie1</developer>
		<manufacturer>pieordie1</manufacturer>
		<score>0.8</score>
		<genre>Platform</genre>
		<players>1</players>
		<story>SM64 Shining Stars Repainted is a remake of SM64 Shining Stars made by pieordie1 and released May 30, 2020.</story>
	</game>		
		<game name="SM64 The Green Stars">
		<description>SM64 The Green Stars</description>
		<year>2013</year>
		<developer>Kampel125</developer>
		<manufacturer>Kampel125</manufacturer>
		<score>0.8</score>
		<genre>Platform</genre>
		<players>1</players>
		<story>Super Mario 64 The Green Stars is a Major Rom hack featuring Mario in a brand new adventure. 
		    Explore around the new worlds, with customized music and 130 stars to collect. Have fun playing!</story>
	</game>
		<game name="SM64 The Mushroom Cup">
		<description>SM64 The Mushroom Cup</description>
		<year>2018</year>
		<developer>usernamesarentimportant</developer>
		<manufacturer>usernamesarentimportant</manufacturer>
		<score>0.8</score>
		<genre>Platform</genre>
		<players>1</players>
		<story>SM64: The Mushroom Cup is a major ROM hack made by usernamesarentimportant , also known as UsernamesAreSpiders. This hack contains 130 stars and over 15 custom levels.
            The gameplay is slightly different than the author's previous works, with more focus on platforming and semi-openworld style on exploration. 
			This time, the overall story is being interrupted by incohesive lines dubbed as "REDACTED" over the dialog, as if the writer or reader is affected by the mushroom effect, much like the fortress's surroundings and inhabitants.
            The game's title references the first cup in all Mario Kart games but impossibly does show relevance anywhere.</story>
	</game>	
		<game name="Smash Remix">
		<description>Smash Remix</description>
		<year>2019</year>
		<developer>JS</developer>
		<manufacturer>JS</manufacturer>
		<score>0.8</score>
		<genre>Platform</genre>
		<players>1</players>
		<story>As great as the original Super Smash Bros. was for its time, there’s no denying how limited it is in terms of content.
            So it’s just as well a clever team of modders have created Smash Remix – an expansion mod that adds new characters, stages, and greater customisation.</story>
	</game>
		<game name="Star Revenge 0 - Galaxy of Origins">
		<description>Star Revenge 0 - Galaxy of Origins</description>
		<year>2020</year>
		<developer>BroDute</developer>
		<manufacturer>BroDute</manufacturer>
		<score>0.8</score>
		<genre>Platform</genre>
		<players>1</players>
		<story>Star Revenge 0: Galaxy of Origins is a ROM Hack created by BroDute and released in 2020. 
		    It is a prequel to Star Revenge 1: Star Takeover, Star Revenge Redone and Star Revenge 1.5: Star Takeover Redone, making it the first game in the Star Revenge timeline.
            The plot covers the events leading to R. Mario replacing the Mario of the Star Revenge universe with the Scepter of Hope.<story>
	</game>	
		<game name="Star Revenge 1.5 - Star Takeover Redone">
		<description>Star Revenge 1.5 - Star Takeover Redone</description>
		<year>2018</year>
		<developer>BroDute</developer>
		<manufacturer>BroDute</manufacturer>
		<score>0.8</score>
		<genre>Platform</genre>
		<players>1</players>
		<story>Star Revenge 1.5: Star Takeover Redone (formerly Star Revenge Redone Version 2.0) is a ROM Hack made by BroDute. 
		    It is a total remake of Star Revenge Redone, which was a total remake of Star Revenge 1. It was first released on August 14, 2015 with 121 Stars. 
			An improved version was released on December 9, 2018 which changed the name and increased the star count to 125.<story>
	</game>		
		<game name="Star Revenge 2 Act I - To the Moon">
		<description>Star Revenge 2 Act I - To the Moon</description>
		<year>2017</year>
		<developer>BroDute</developer>
		<manufacturer>BroDute</manufacturer>
		<score>0.8</score>
		<genre>Platform</genre>
		<players>1</players>
		<story>Star Revenge 2 (Act 1) To The Moon is a ROM Hack made by BroDute. It is officially a prequel to Star Revenge 2 (Act 2): Night of Doom.
            BroDute says that this is a reboot of an very old demo he did before scrapping it and making SR2 into NoD. 
			He states that before confusion comes up, NoD will be now SR2 Act 2.<story>
	</game>	
		<game name="Star Revenge 3.5 - Vacation of Cursed Dreams">
		<description>Star Revenge 3.5 - Vacation of Cursed Dreams</description>
		<year>2018</year>
		<developer>BroDute</developer>
		<manufacturer>BroDute</manufacturer>
		<score>0.8</score>
		<genre>Platform</genre>
		<players>1</players>
		<story>Star Revenge 3.5: Vacation of Cursed Dreams is a ROM Hack made by BroDute, which is an extension of Star Revenge 3, with remade levels, 2D levels, more stars, more bosses and so on.<story>
	</game>
		<game name="Star Revenge 4.5 - The Kedama Takeover Rewritten">
		<description>Star Revenge 4.5 - The Kedama Takeover Rewritten</description>
		<year>2016</year>
		<developer>BroDute</developer>
		<manufacturer>BroDute</manufacturer>
		<score>0.8</score>
		<genre>Platform</genre>
		<players>1</players>
		<story>Star Revenge 4.5: The Kedama Takeoven Rewritten (also known as SR 4.5) is a ROM hack made by BroDute. 
		    It is a remake version of Star Revenge 4: The Kedama Takeover 64.<story>
	</game>	
		<game name="Star Revenge 5 - Neo Blue Realm">
		<description>Star Revenge 5 - Neo Blue Realm</description>
		<year>2016</year>
		<developer>BroDute</developer>
		<manufacturer>BroDute</manufacturer>
		<score>0.8</score>
		<genre>Platform</genre>
		<players>1</players>
		<story>Star Revenge 5: Neo Blue Realm is a ROM Hack made by BroDute. Despite its title it is actually a remake of Star Revenge 0.5 - Unused Levels, which may be confusing.
            There are three possible endings - a BroDute race, the Nightmare Factory, and an Eyerock fight, however there are no end screens. 
			Leaving the ending zone after each of these will result in a solid black screen until the game is reset.<story>
	</game>		
		<game name="Star Revenge 5.5 - Destroyed Memories">
		<description>Star Revenge 5.5 - Destroyed Memories</description>
		<year>2018</year>
		<developer>BroDute</developer>
		<manufacturer>BroDute</manufacturer>
		<score>0.8</score>
		<genre>Platform</genre>
		<players>1</players>
		<story>Star Revenge 5.5: Destroyed Memories is a ROM made by BroDute and it was released in early 2018.
            This hack serves as an extension to Star Revenge 5: Neo Blue Realm, taking place after the bad ending, changing levels to a more "dystopian" version of themselves and hiding stars in more unconventional locations.
            This hack contains a total of 70 stars. In addition, there are no 100 coin stars in this hack, instead the seventh star in each course is replaced by an invisible box except Course 4, which can be found with hint are scattered throughout the game, and saving cannot be done between stars, only when the three switches in the overworld, collecting the red coin star behind the 65 star door, defeating Reverse Tower Bosses and talking to Toad outside Reverse Castle Blaudia.<story>
	</game>	
		<game name="Star Revenge 6.25 - Luigi's Adventure">
		<description>Star Revenge 6.25 - Luigi's Adventure</description>
		<year>2019</year>
		<developer>BroDute</developer>
		<manufacturer>BroDute</manufacturer>
		<score>0.8</score>
		<genre>Platform</genre>
		<players>1</players>
		<story>Star Revenge 6.25: Luigi's Adventure DX is a ROM Hack created by BroDute, which is a remake of Star Revenge 6: Luigi's Adventure. 
		    This hack contains 216 Stars, 15 fully new levels, and 1 custom boss. This is the first hack to contain more than the standard maximum of 182 stars, and the only one to date (as of March 2021).<story>
	</game>			
		<game name="Star Revenge 7 - Park of Time">
		<description>Star Revenge 7 - Park of Time</description>
		<year>2014</year>
		<developer>BroDute</developer>
		<manufacturer>BroDute</manufacturer>
		<score>0.8</score>
		<genre>Platform</genre>
		<players>1</players>
		<story>Star Revenge 7: Park of Time is a ROM Hack made by BroDute. It was released December 2014 and contains 120 stars. This is the 7th main game in the Star Revenge series. 
		    Like all of the other games before it the coins and stars are slightly different colors compared to the original. 
            Also like the original every stage and overworld has new custom music and interesting gimmicks. Star Revenge 7 also introduced badges, which is explained bellow. 
			Just like other games created by BroDute, there are a ton of references to media outside of the Mario series as well as various memes.<story>
	</game>	
		<game name="Star Revenge 8 - Scepter of Hope">
		<description>Star Revenge 8 - Scepter of Hope</description>
		<year>2016</year>
		<developer>BroDute</developer>
		<manufacturer>BroDute</manufacturer>
		<score>0.8</score>
		<genre>Platform</genre>
		<players>1</players>
		<story>Star Revenge 8: Scepter of Hope is a ROM Hack made by BroDute and is the final part in the Star Revenge series.
            This hack is organized very differently from others, as it uses both an overworld hub and connected levels. Another unusual thing is the use of badges and caps in addition to the standard keys and stars to restrict levels. 
			The badges, caps and keys are guarded by six bosses. Fortunately the hack comes with a map to make the worlds easier to navigate (see below).
            Coins is this hack are replaced by cards, which act exactly the same.
            There are a lot of Touhou references in this hack, including characters, pixel art and almost all of the music. BroDute even says that you can call it "Super Touhou 64".<story>
	</game>		
		<game name="Sunshine Secret Book 64">
		<description>Sunshine Secret Book 64</description>
		<year>2019</year>
		<developer>Dan-GPTV</developer>
		<manufacturer>Dan-GPTV</manufacturer>
		<score>0.8</score>
		<genre>Platform</genre>
		<players>1</players>
		<story>Sunshine Secret Book 64 is a ROM hack released on December 2, 2019 by Dan-GPTV. The hack has 40 Shine Sprites to collect, and they are spread across 5 main levels and 3 secret levels. 
		This hack has multiple custom objects in it.
		Mario explores the Secret Book from Super Mario Sunshine, which is in danger. Bowser is using the power of the Shines, and the book won’t have an ending if Mario doesn’t defeat him!</story>
	</game>
		<game name="Super Mario 64 Land">
		<description>Super Mario 64 Land</description>
		<year>2019</year>
		<developer>Kaze Emanuar</developer>
		<manufacturer>Kaze Emanuar</manufacturer>
		<score>0.8</score>
		<genre>Platform</genre>
		<players>1</players>
		<story>Mario is super in a whole new way! Combining the finest 3-D graphics ever developed for a video game and
			an explosive sound track, Super Mario 64 becomes a new standard for video games. It's packed with bruising
			battles, daunting obstacle courses and underwater adventures. Retrieve the Power Stars from their hidden
			locations and confront your arch nemesis - Bowser, King of the Koopas!</story>
	</game>
		<game name="Super Mario 64 The Missing Stars">
		<description>Super Mario 64 The Missing Stars</description>
		<year>2009</year>
		<developer>Messiaen</developer>
		<manufacturer>Messiaen</manufacturer>
		<score>0.8</score>
		<genre>Platform</genre>
		<players>1</players>
		<story>Super Mario 64 The Missing Stars is the first official major ROM hack of Super Mario 64 ever created. It was initially released in April 2009 and contains 38 Stars. 
		    In terms of difficulty, it is relatively straightforward, and in terms of length, it is quite short and not very cryptic. 
			It is also one of the most unique hacks, making use of a large number of interesting and unique gimmicks in every one of its "levels".</story>
	</game>	
		<game name="Super Mario 74">
		<description>Super Mario 74</description>
		<year>2011</year>
		<developer>Lugmillord</developer>
		<manufacturer>Lugmillord</manufacturer>
		<score>0.8</score>
		<genre>Platform</genre>
		<players>1</players>
		<story>Mario 74 is the 2nd full hack of Super Mario 64. This very technical hack (understand very hard) you will launch in the dangerous collection of 150 stars.
            It is strongly recommended to stay in camera mode “Mario” (Button R then C down) to play optimally.</story>
	</game>
		<game name="Super Mario and the Cursed Castles">
		<description>Super Mario and the Cursed Castles</description>
		<year>2019</year>
		<developer>Foxen</developer>
		<manufacturer>Foxen</manufacturer>
		<score>0.8</score>
		<genre>Platform</genre>
		<players>1</players>
		<story>Super Mario and the Cursed Castles is a major ROM hack created by Foxen, having 121 Stars (as of v1.01) to collect spread over 15 courses and a few extra levels. 
		    It is notable for two reasons: The lack of any true "secret" levels (all Stars are located in levels that are easy to find), and the sheer size of the game's levels. 
			The Wing, Vanish, and Metal Caps are completely absent from this game. The hack's difficulty was intended to be as similar to the original game as possible.</story>
	</game>	
        <game name="Super Mario Odyssey 64">
		<description>Super Mario Odyssey 64</description>
		<year>2020</year>
		<developer>Kaze Emanuar</developer>
		<manufacturer>Kaze Emanuar</manufacturer>
		<score>0.8</score>
		<genre>Platform</genre>
		<players>1</players>
		<story>Modder, Kaze Emanuar released Super Mario 64 ‘demake’ of Super Mario Odyssey for the Nintendo 64. 
		    The project incorporates Cappy as part of Mario’s powers, letting him assume direct control of Goombas, Bullet Bills, Pokios, and more. 
			Emanuar says the mod includes 80 moons to collect.</story>
	</game>
		<game name="Super Mario Rainbow Road">
		<description>Super Mario Rainbow Road</description>
		<year>2012</year>
		<developer>Skillux</developer>
		<manufacturer>Skillux</manufacturer>
		<score>0.8</score>
		<genre>Platform</genre>
		<players>1</players>
		<story>Super Mario Rainbow Road is a hack made by Skillux.
            This hack contains 60 stars of classic platforming across half a dozen custom stages and secret stages, featuring new objects and ASM code.
			</story>
	</game>		
		<game name="Super Mario Star Road">
		<description>Super Mario Star Road</description>
		<year>2011</year>
		<developer>Skelux</developer>
		<manufacturer>Skelux</manufacturer>
		<score>0.8</score>
		<genre>Platform</genre>
		<players>1</players>
		<story>Mario is super in a whole new way! Combining the finest 3-D graphics ever developed for a video game and
			an explosive sound track, Super Mario 64 becomes a new standard for video games. It's packed with bruising
			battles, daunting obstacle courses and underwater adventures. Retrieve the Power Stars from their hidden
			locations and confront your arch nemesis - Bowser, King of the Koopas!</story>
	</game>
		<game name="Super Mario The Lost Dreams">
		<description>Super Mario The Lost Dreams</description>
		<year>2019</year>
		<developer>Xeraclom14</developer>
		<manufacturer>Xeraclom14</manufacturer>
		<score>0.8</score>
		<genre>Platform</genre>
		<players>1</players>
		<story>Super Mario: The Lost Dreams is a Rom hack made by Xeraclom14, with 50 stars and 4 courses.
		Mario was on his way to Princess's Castle, when suddenly feels like his memories were gradually lost, until a time when he could not remember any recent memory. 
		Mario could not understand what was happening, and when Mario arrives at the castle, it was closed, and Mario worried. Here our adventure begins...</story>
	</game>			
	<game name="The Legend of Banjo-Kazooie Gruntilda's Mask">
		<description>The Legend of Banjo-Kazooie Gruntilda's Mask</description>
		<year>2019</year>
		<developer>Mark Kurko</developer>
		<manufacturer>Mark Kurko</manufacturer>
		<score>0.8</score>
		<genre>Platform</genre>
		<players>1</players>
		<story>Gruntilda has found the Majora Mask and, using a powerful spell, has created an ever dearlier item, the Gruntilda's Mask. 
            Explore the secrets of Clock Town and find the way to climb to the top of the Clock Tower... 
            CONTENT: -100 Notes -20 Jiggies -18 Honeycomb Pieces -20 Mumbo Tokens and more...
</story>
	</game>
		<game name="The Legend of Banjo-Kazooie The Bear Waker">
		<description>The Legend of Banjo-Kazooie The Bear Waker</description>
		<year>2019</year>
		<developer>Mark Kurko</developer>
		<manufacturer>Mark Kurko</manufacturer>
		<score>0.8</score>
		<genre>Platform</genre>
		<players>1</players>
		<story>King of Red Lions is waiting for Link to go in search of her sister and defeat the evil Ganondorf, but it seems he is delaying and for some strange reason the door of his house is locked. 
            So Banjo and Kazooie should like to explore Outset Island in search of clues to be able to find a way to open the door of his house and find out what could have happened...</story>
	</game>
		<game name="The Legend of Zelda - Master of Time">
		<description>The Legend of Zelda - Master of Time</description>
		<year>2020</year>
		<developer>Don Camilo</developer>
		<manufacturer>Don Camilo</manufacturer>
		<score>0.8</score>
		<genre>Platform</genre>
		<players>1</players>
		<story>After saving both Hyrule and Termina, Link found himself without a quest. He journeyed long and far without knowing what to do. 
		    He thought a lot about the time manipulation he had done and asked himself if he was the real hero or if he was just a victim of these stories.</story>
	</game>
		<game name="The Legend of Zelda The Missing Link">
		<description>The Legend of Zelda The Missing Link</description>
		<year>2020</year>
		<developer>Kaze Emanuar</developer>
		<manufacturer>Kaze Emanuar</manufacturer>
		<score>0.8</score>
		<genre>Platform</genre>
		<players>1</players>
		<story>Covering The Legend of Zelda: The Missing Link, a new fan-mod of Ocarina of Time. The game takes place after OoT & before the events of Majora's Mask. 
		It features all new areas, custom code, plus a new & remixed musical score.</story>
	</game>
		<game name="Waluigi's Taco Stand 64">
		<description>Waluigi's Taco Stand 64</description>
		<year>2018</year>
		<developer>Kaze Emanuar</developer>
		<manufacturer>Kaze Emanuar</manufacturer>
		<score>0.8</score>
		<genre>Platform</genre>
		<players>1</players>
		<story>Waluigi has gambled himself into bankruptcy. In order to pay for his rent, there is only one solution, selling tacos! 
		And not just regular ones, help Waluigi cook the tacos that will give the most profit for this unique adventure. 
		Bon apetit!</story>
	</game>
		<game name="Zelda 64 Dawn & Dusk">
		<description>Zelda 64 Dawn & Dusk</description>
		<year>2019</year>
		<developer>LuigiBlood</developer>
		<manufacturer>LuigiBlood</manufacturer>
		<score>0.8</score>
		<genre>Platform</genre>
		<players>1</players>
		<story>Dawn & Dusk is a romhack of The Legend of Zelda: Ocarina of Time that was created by Captain Seedy-Eye. All maps, music and dungeons are custom-made. 
		    It presents the conclusion of a past war between two half of a same kingdom, the Dawnside of the east and the Duskside of the west. 
			It is a completed romhack and lasts about two to three hours on a first playthrough.</story>
	</game>
		<game name="Zelda's Birthday">
		<description>Zelda's Birthday</description>
		<year>2008</year>
		<developer>jsa</developer>
		<manufacturer>jsa</manufacturer>
		<score>0.8</score>
		<genre>Platform</genre>
		<players>1</players>
		<story>This is a hack for The Legend of Zelda: Ocarina of Time (MQ) Debug ROM.
            It features all new actor arrangements, all new text and story line, 3 totally redesigned dungeons, an optional side quest, endings(plural), and hidden goodies.</story>
	</game>	
		<game name="Ztar Attack 2- A Blast to the Past">
		<description>Ztar Attack 2- A Blast to the Past</description>
		<year>2018</year>
		<developer>TheGael95</developer>
		<manufacturer>TheGael95</manufacturer>
		<score>0.8</score>
		<genre>Platform</genre>
		<players>1</players>
		<story>Ztar Attack 2: A Blast to the Past is ROM hack made by TheGael95 created in September 2018.
            Many people consider this as an improved hack compared to it's prequel Ztar Attack 1.</story>
	</game>
		<game name="Ztar Attack Rebooted">
		<description>Ztar Attack Rebooted</description>
		<year>2019</year>
		<developer>TheGael95</developer>
		<manufacturer>TheGael95</manufacturer>
		<score>0.8</score>
		<genre>Platform</genre>
		<players>1</players>
		<story>SM64 Ztar Attack Rebooted is a rom hack made by TheGael95 and Aglab2. It is a remake of Super Mario 64 1.5 Ztar Attack!.</story>
	</game>	
</menu>