<?xml version="1.0"?>
<menu>
     <game name="100 Rooms of Enemies">
          <description>100 Rooms of Enemies</description>
          <year>2015</year>
          <developer>Daizo Dee Von</developer>
          <manufacturer>Daizo Dee Von</manufacturer>
          <score>0.95</score>
          <genre>Platform</genre>
          <players>1</players>
          <story>Do you like the "Pit of 100 Trials" side-challenges from the Paper Mario games? If you did, then you'll sure like this concept. 
              100 Rooms of Enemies is a enemy rush platformer that consists of 100 setups for the player to go through. 
              Think of this as if you're in an arcade game; you essentially try to improve your record as you die many times. 
              If you succeed to conquer Room 100, you'll be prized with a reward that stands as a reminder that you completed the game. What kind of prize? 
              You'll have to improve all of your skills to find out!
          </story>
     </game>
     <game name="A Very Super Mario World">
          <description>A Very Super Mario World</description>
          <year>2015</year>
          <developer>SchwerMuta</developer>
          <manufacturer>SchwerMuta</manufacturer>
          <score>0.95</score>
          <genre>Platform</genre>
          <players>1</players>
          <story>A Very Super Mario World is a ROM Hack for the SNES, released in 2015 by SchwerMuta. 
              There are eight primary worlds, an extra world, a star world that connects various places, and a special, secret world that will test your mettle (and patience.) 
              The goal of every level is to reach the end, and possibly fight a boss such as a koopaling once you do.
              Many levels have secret exits that are usually opened by taking a key to a keyhole, as per usual Super Mario World fare. There’s many features and gimmicks to many levels, but the feeling of classic Mario platforming typically stays the same. 
              The story is always the same; Mario goes on an adventure to save his friends and the Princess from the evil King Bowser, and along the way, jumps, shoots and even flies through the land in search of the castles controlled by Bowser’s underlings.
          </story>
     </game>
     <game name="Chrono Trigger - Prophets Guile">
          <description>Chrono Trigger - Prophets Guile</description>
          <year>2015</year>
          <developer>Kajar Laboratories</developer>
          <manufacturer>Kajar Laboratories</manufacturer>
          <score>0.8</score>
          <genre>Platform</genre>
          <players>1</players>
          <story>Chrono Trigger: Prophet’s Guile is a fan game following the story of Magus’s rise to power in the Kingdom of Zeal after arriving in 12000 B.C. thanks to the distortion at his lair. 
		      In his bid to stop Lavos at the Ocean Palace, Magus must gain the trust of Queen Zeal and abolish all opposition. It’s about two regular Chrono Trigger chapters long, and full of surprises.
              Work on Chrono Trigger: Prophet’s Guile began in January 2007. ZeaLitY suggested that the Crimson Echoes team, sidelined for the moment, develop a short ROM hack to be released in a couple months. 
			  Unfortunately, other matters came into play and after the backbone of the game was coded, work halted and shifted back to Crimson Echoes. In December 2007, Chrono’99 revived the project and thanks to a collaborative effort with his leadership, Prophet’s Guile now stands complete. 
			  The only casualty of the development process was a plan to re-sprite Magus as the Prophet, which would have involved exhaustive work.
          </story>
     </game>
     <game name="Conker's High Rule Tail">
          <description>Conker's High Rule Tail</description>
          <year>2017</year>
          <developer>SePH</developer>
          <manufacturer>SePH</manufacturer>
          <score>0.95</score>
          <genre>Platform</genre>
          <players>1</players>
          <story>Initially built as a spiritual sequel to Parallel Worlds, this project has evolved so much overtime that eventually it became an unofficial sequel to an M Rated game that was released late in the Nintendo 64 lifespan, none other than Conker’s Bad Fur Day! 
              Including all the same crude humor found in that Conker game and the many references to movies and games we’ve come to love. For obvious reasons, it is also rated ‘’AO for Adults Only'’! 
              It also includes, but not limited to, new worlds to explore, dungeons with amazing puzzles like in those Zelda games, new items, upgrades, graphics, ten different characters to play as, a completely new intro to the game inspired by those Star Wars movies, five different endings and an epic MSU-1 soundtrack composed of about one hundred songs! 
              More than twice the replay value Parallel Worlds had, minus all the frustration of course! The difficulty of this new hack has been thoroughly adjusted over the course of the eight years of work involved so that it should be suited to just about everyone that is going to play it! 
              There’s of course some harder rooms and secrets in the game, but nothing impossible to do that needs you to master every LTTP secret out there! Have fun!
          </story>
     </game>
     <game name="DKC Mania">
          <description>DKC Mania</description>
          <year>2020</year>
          <developer>Hankhill89</developer>
          <manufacturer>Hankhill89</manufacturer>
          <score>0.8</score>
          <genre>Platform</genre>
          <players>1</players>
          <story>DKC Mania is a hack that aims to mix some old and new together much like the game that inspired this hack Sonic Mania. 
              Some new levels and ideas are remixed with some reimaginings of levels from DK’s handheld past. 
              The patch also has many new color schemes for enemies and levels.
          </story>
     </game>
     <game name="EarthBound - The Giftman Chronicles">
          <description>EarthBound - The Giftman Chronicles</description>
          <year>2003</year>
          <developer>EB_Girl</developer>
          <manufacturer>EB_Girl</manufacturer>
          <score>0.95</score>
          <genre>Platform</genre>
          <players>1</players>
          <story>Trouble strikes on the eve of EB No Matsuri! Ness and his friends must team up to save the world from an evil menace that would destroy the holiday spirit and do away with strawberry tofu forever! 
		      :O This hack was the winning entry of the 2003 Hexmas Hackfest, and as such it’s full of EarthBoundy, Christmassy goodness. Makes you hungry for candy canes and kicking Elves. :D
          </story>
     </game>
     <game name="Earthbound Halloween Hack">
          <description>Earthbound Halloween Hack</description>
          <year>2009</year>
          <developer>Toby "Radiation" Fox</developer>
          <manufacturer>Toby "Radiation" Fox</manufacturer>
          <score>0.8</score>
          <genre>Platform</genre>
          <players>1</players>
          <story>Toby Fox's Halloween Hack, also known as "Press the B Button, Stupid!" is an award-winning ROM hack Fan Sequel of the 1995 cult-classic-role-playing-video-game EarthBound. 
              The story starts off several months after the end of EarthBound. An anachronistic Bounty Hunter named Varik (of Brandish fame) is hired by ex-mayor B. H. Pirkle, now campaigning on a law & order platform, to track down a mysterious creature who mutilated and ate a little girl's parents in Twoson. 
              Along the way, he encounters increasingly horrible things as the adventure takes him all the way to Winters. This isn't your average Halloween game, though — its content is comparable to games like Silent Hill and Yume Nikki. 
              This game also has the added effect of making you depressed as you play. This is easily one of the most disturbing EarthBound hacks to come out... well, ever, really.
          </story>
     </game>
     <game name="Fall Guys World">
          <description>Fall Guys World</description>
          <year>2020</year>
          <developer>LucasMegaStriker</developer>
          <manufacturer>LucasMegaStriker</manufacturer>
          <score>0.95</score>
          <genre>Platform</genre>
          <players>1</players>
          <story>Welcome to the new season in two dimensions of Fall Guys! The players are getting ready for the craziest marathon of all time, worth the legendary Supreme Crown, the most valuable of all! 
		      What awaits you in this adventure? Find out for yourself!
              >> This game contains saving by percentage (%) different from the classic exit count format;
              >> 19 challenging exits, with many obstacles and other "guys" to get in your way;
              >> A version of the great title of Mediatonic, with a unique and original story, honoring this game that has become a fever in a year of so many uncertainties.
          </story>
     </game>
     <game name="FFVI - Return of the Dark Sorcerer">
          <description>FFVI - Return of the Dark Sorcerer</description>
          <year>2022</year>
          <developer>Mike Ferrell</developer>
          <manufacturer>Mike Ferrell</manufacturer>
          <score>0.8</score>
          <genre>Platform</genre>
          <players>1</players>
          <story>Return of the Dark Sorcerer is a very large Final Fantasy VI hack that’s been in development for many years. It has had quite a few different hands on to help get it to where it is today. 
              This highly personalized modification of the original game promises to showcase some of the challenging aspects of FFVI hacking, as well as plenty of fun and exciting new content 
              – from an all new cast of playable characters with customized movesets, a radically changed story with new and edited events, new overworld maps, a custom soundtrack, music player, a difficulty selection, a font change option, lots of new battle scripts for monsters & bosses, assembly changes, and tons of spritework.
          </story>
     </game>
     <game name="Hyper Metroid">
          <description>Hyper Metroid</description>
          <year>2015</year>
          <developer>RealRed</developer>
          <manufacturer>RealRed</manufacturer>
          <score>0.95</score>
          <genre>Platform</genre>
          <players>1</players>
          <story>Samus Returns again for her third adventure, but things aren't quite the same this time around... Relive the amazing Super Metroid in a whole new light! 
              Hyper Metroid is a complete overhaul of the original game. 
              Features- A dark twist on the original Metroid storyline. A brand new zebes to explore with several brand new areas. A new, highly customized weapon system featuring JAM's Spazer + Plasma. Grime's fast paced, highly fluid Project Base used as a base for the game
          </story>
     </game>
     <game name="Legend of Zelda, The - A Link to the Past - Parallel Remodel">
          <description>Legend of Zelda, The - A Link to the Past - Parallel Remodel</description>
          <year>2012</year>
          <developer>Euclid, PuzzleDude, SePH</developer>
          <manufacturer>Euclid, PuzzleDude, SePH</manufacturer>
          <score>0.8</score>
          <genre>Platform</genre>
          <players>1</players>
          <story>Parallel Remodel is a remodeled version of the famous Zelda3 hack Parallel Worlds, that we all know as an extremely difficult game. Parallel Worlds is altogether a great technological marvel, with new gfx, various asm patches, completely new overworld and dungeons etc. It has the potential of being even better than Alttp, but the gameplay is somewhat too radical. The backtracking was (in not so rare occasions) escalated to the extreme, the same goes for the health of some enemies. Some intellectual problems in the dark world dungeons are algorithm marvels: sure this is a good thing for math (Euclid really fits his nickname), but this is not a good thing for the player, who can easily give up.
              Thus the idea of a remodel was born and was approved by SePH. Parallel Remodel therefore brings the difficulty to normal: backtracking was reduced almost to zero, algorithm problems were replaced, various semi bosses were reduced, special stunts like bomb jumping etc were removed, dark rooms are now lit etc.
              Parallel Remodel is a game that’s fair to the player and doesn’t want to force any super tricks, stunts or logic to finish the game, while still having a decent difficulty. It makes Parallel Worlds enjoyable. You don’t have to use save states or cheats to finish the game. You don’t have to be a veteran or a super player either. You will not be frustrated while playing.
              Parallel Remodel recreates Parallel Worlds according to the 6 years of revisions from players all over the globe. It is suitable for beginners and veterans, for those who have failed at Parallel Worlds and for those who have finished it, since this game is a lot more than just a plain reduction of sprites.
          </story>
     </game>
     <game name="Mario & Luigi Kola Kingdom Quest">
          <description>Mario & Luigi Kola Kingdom Quest</description>
          <year>2015</year>
          <developer>Gamma V</developer>
          <manufacturer>Gamma V</manufacturer>
          <score>0.95</score>
          <genre>Platform</genre>
          <players>1</players>
          <story>Mario & Luigi: Kola Kingdom Quest is a reboot of Super Mario Bros. 5 Reborn. This 74-level hack uses many of the same tilesets and music tracks, and World themes, but contains completely redesigned levels and a new, much less blocky Overworld. 
              It also features REAL HDMA gradients and custom Layer 3 images. Difficulty is probably comparable to the average Mario game. It starts out easy, but gets harder as the game progresses.
          </story>
     </game>
     <game name="Mario Kart R">
          <description>Mario Kart R</description>
          <year>2004</year>
          <developer>d4s</developer>
          <manufacturer>d4s</manufacturer>
          <score>0.8</score>
          <genre>Platform</genre>
          <players>1</players>
          <story>This is a modification of the original Super Mario Kart game for the SNES. It contains all new courses, brand new graphics, altered music and even Kirby as a playable character, replacing toad.
          </story>
     </game>
     <game name="Mega Man X - Generation">
          <description>Mega Man X - Generation</description>
          <year>2016</year>
          <developer>Nintendo</developer>
          <manufacturer>Nintendo</manufacturer>
          <score>0.95</score>
          <genre>Platform</genre>
          <players>1</players>
          <story>This hack for Mega Man X changes all the levels and graphics from the original into a whole new layout. The background music are also changed.
          </story>
     </game>
     <game name="Metroid Super Zero Mission">
          <description>Metroid Super Zero Mission</description>
          <year>2011</year>
          <developer>SBniconico</developer>
          <manufacturer>SBniconico</manufacturer>
          <score>0.8</score>
          <genre>Platform</genre>
          <players>1</players>
          <story>A complete hack that artfully combines the essences of both Super Metroid and Metroid Zero Mission. A lot of ASM modifications were utilized in order to freshen up the gameplay considerably. 
              Only the standard abilities of Samus are required to play this hack, but players adept with advanced techniques will find ample opportunity to use them. 
              This hack, made by a Metroid hacker from Japan, is turning the heads of numerous Metroid hackers from the english-speaking world.
          </story>
     </game>
     <game name="New Super Mario World 1 The Twelve Magic Orbs">
          <description>New Super Mario World 1 The Twelve Magic Orbs</description>
          <year>2016</year>
          <developer>Pink Gold Peach</developer>
          <manufacturer>Pink Gold Peach</manufacturer>
          <score>0.95</score>
          <genre>Platform</genre>
          <players>1</players>
          <story>Bowser stole the twelve magic orbs from Peach's Castle, now Mario must get them back. 
              Features: 94 levels and 112 exits Custom Music Custom ASM Custom Bosses 9 New Power-Ups And More...
          </story>
     </game>
     <game name="New Super Mario World 2 Around The World">
          <description>New Super Mario World 2 Around The World</description>
          <year>2019</year>
          <developer>Pink Gold Peach</developer>
          <manufacturer>Pink Gold Peach</manufacturer>
          <score>0.8</score>
          <genre>Platform</genre>
          <players>1</players>
          <story>The sequel to NSMW1 The 12 Magic Orbs, this hack features 16 different worlds and 90+ unique levels filled with challenge and secrets. 
              The hack uses a lot of ASM like custom sprites, blocks, uberASM effects and other stuff like that. Aesthetically it has a choconilla style with most of the graphics being from the original SMW with some new custom graphics.
          </story>
     </game>
     <game name="Oh No! More Zombies Ate My Neighbors!">
          <description>Oh No! More Zombies Ate My Neighbors!</description>
          <year>2010</year>
          <developer>Sloat, Stanley_Decker</developer>
          <manufacturer>Sloat, Stanley_Decker</manufacturer>
          <score>0.95</score>
          <genre>Platform</genre>
          <players>1</players>
          <story>Almost 10 years in the making, a complete hack/ unofficial sequel including 55 all new levels, new gameplay options, items, enemies and more!
          </story>
     </game>
     <game name="SMW2+">
          <description>SMW2+</description>
          <year>2005</year>
          <developer>Golden Yoshi</developer>
          <manufacturer>Golden Yoshi</manufacturer>
          <score>0.8</score>
          <genre>Platform</genre>
          <players>1</players>
          <story>The first complete Yoshi’s Island hack in the world. This contains 54 brand new levels, so have fun.
          </story>
     </game>
     <game name="SMW2+2">
          <description>SMW2+2</description>
          <year>2008</year>
          <developer>Golden Yoshi</developer>
          <manufacturer>Golden Yoshi</manufacturer>
          <score>0.95</score>
          <genre>Platform</genre>
          <players>1</players>
          <story>The stork was peacefully on his way to deliver future heroes Baby Mario and Luigi to their parents, when all of a sudden, Kamek appeared in the skies. 
              He quickly attempted to snatch the babies from the stork, only managing take Baby Luigi, while Baby Mario fell to the ocean. Luckily, he lands on Yoshi's Island. 
              The Yoshies gather and ponder how to remedy the situation. The Yoshies decide to carry along Baby Mario, and call upon the Chosen One to face Kamek. 
              The Yoshies don't know the exact identity of the Chosen One, but know that he always watches over and protects the Yoshies, and has an immense amount of power. 
              Why has Kamek kidnapped these babies? And just who is this mysterious Chosen One? You will find out when you play!
          </story>
     </game>
     <game name="Super Castlevania IV - Other Castle">
          <description>Super Castlevania IV - Other Castle</description>
          <year>2017</year>
          <developer>bogaabogaa, RedGuy</developer>
          <manufacturer>bogaabogaa, RedGuy</manufacturer>
          <score>0.8</score>
          <genre>Platform</genre>
          <players>1</players>
          <story>This is a complete hack of Super Castlevania IV. With a very view graphical changes. It is mostly a levels hack with a new power-up that let’s you move in ways not seen before, opening new shortcuts and pathways.
              Other Castle is a bit more challenging than the original game. Prepare for these new challenges if you play the normal game.
              The main focus is level design. Other Castle let you explore Castlevania IV all over again. Learn a lot more about Dracula and Simon. Thoe who survive Other Castle once, more pain awaits on the 2nd loop!
              Who can become the hero for this challenge?
          </story>
     </game>
     <game name="Super Mario Land 3 - Tatanga's Return">
          <description>Super Mario Land 3 - Tatanga's Return</description>
          <year>2016</year>
          <developer>Gamma V</developer>
          <manufacturer>Gamma V</manufacturer>
          <score>0.8</score>
          <genre>Platform</genre>
          <players>1</players>
          <story>Super Mario Land 3: Tatanga’s Return is the author’s attempt at creating a “true” third Super Mario Land game, i.e. a game where the player actually controls Mario. 
              As such, this hack is pretty much a traditional Mario game with a simple plot that takes a backseat to stomping on heads. 
              This hack contains 60 levels spread across 7 Worlds.
          </story>
     </game>
     <game name="Super Mario Logic">
          <description>Super Mario Logic</description>
          <year>2018</year>
          <developer>Final Theory</developer>
          <manufacturer>Final Theory</manufacturer>
          <score>0.95</score>
          <genre>Platform</genre>
          <players>1</players>
          <story>Kamek has cast a magical spell on the Mushroom Kingdom, turning it into a strange new land. Join Mario on a brand new adventure as he conquers each task an order to break the spell and return the land back to normal.
              The game features: ExGFX, Custom ASM, Custom Blocks, Custom Sprites and HDMA
          </story>
     </game>
     <game name="Super Mario World Return to Dinosaur Land">
          <description>Super Mario World Return to Dinosaur Land</description>
          <year>2006</year>
          <developer>RAGB</developer>
          <manufacturer>RAGB</manufacturer>
          <score>0.8</score>
          <genre>Platform</genre>
          <players>1</players>
          <story>This is a complete hack of Super Mario World. All the levels and worlds are new, and some of the worlds have themes not present in the original, such as a water world and an ice world. 
		      Don’t expect any new graphics here, though. This hack is all about the level design. The game is moderately challenging, and some of the last levels can get very hard.
          </story>
     </game>
     <game name="Super Metroid - Project Base">
          <description>Super Metroid - Project Base</description>
          <year>2009</year>
          <developer>begrimed</developer>
          <manufacturer>begrimed</manufacturer>
          <score>0.8</score>
          <genre>Platform</genre>
          <players>1</players>
          <story>The first complete Yoshi’s Island hack in the world. This contains 54 brand new levels, so have fun.
          </story>
     </game>
     <game name="Super Metroid Ascent">
          <description>Super Metroid Ascent</description>
          <year>2019</year>
          <developer>Benox50</developer>
          <manufacturer>Benox50</manufacturer>
          <score>0.95</score>
          <genre>Platform</genre>
          <players>1</players>
          <story>Unleash the colors !!! Ascent is a full hack of super metroid. More super metroid with same gameplay but whole new level design, new visuals and even some new mechanics. 
              It has approximately the same amount of rooms as original game but bigger rooms and the difficulty is harder than original but not too much. 
              The hack gameplay focus on puzzles, exploration and challenges. The focus on puzzles is stronger than most hacks. However there is multiple ways to advance or solve a problem. 
              Start at the abyss of the planet and ascend your way up to the surface. Will you be able to defeat the black parasites and reach the extraction point ? find out in ascent
          </story>
     </game>
     <game name="The Legend of Zelda - The Mini Quest">
          <description>The Legend of Zelda - The Mini Quest</description>
          <year>2022</year>
          <developer>MaxwelHacks</developer>
          <manufacturer>MaxwelHacks</manufacturer>
          <score>0.8</score>
          <genre>Platform</genre>
          <players>1</players>
          <story>It's TLoZ 35th anniversary! What about a SMW hack to celebrate?  This hack is based on The Legend of Zelda: The Wind Waker, with references from other games of the franchise.
              Now go save Zelda once again! Features 4 layered backgrounds, Mode 7 and true hi-res "boss defeated" screens.
          </story>
     </game>
     <game name="The Legend of Zelda Secrets of the Past">
          <description>The Legend of Zelda Secrets of the Past</description>
          <year>2021</year>
          <developer>Superskuj</developer>
          <manufacturer>Superskuj</manufacturer>
          <score>0.8</score>
          <genre>Platform</genre>
          <players>1</players>
          <story>The Legend of Zelda: Secrets of the Past is an hack made by superskuj. 
              It’s a small/medium sized new quest, featuring all new dungeons, story and a new over-world with a relatively low difficulty, though there are multiple puzzles that will challenge your mind.
          </story>
     </game>
     <game name="The Second Reality Project Reloaded">
     <game name="The Second Reality Project Reloaded">
          <description>Super Mario World 2 - Yoshi's Island (USA) (Rev 1)</description>
          <year>2017</year>
          <developer>FPI</developer>
          <manufacturer>FPI</manufacturer>
          <score>0.95</score>
          <genre>Platform</genre>
          <players>1</players>
          <story>Background information: So, what’s this all about? “The Second Reality Project Reloaded” is not another new entry in the TSRP-series, it’s a remake of the first part. 
              The hack finally features a new overworld (people requested this for years) and of course, custom graphics and custom music. Besides that, not much have changed, most of the time the level design is the same as before. 
              So, keep in mind that the original hack came out back in 2002, and back in the days you don’t had the possibility to insert custom sprites, dozens of ASM-hacks and so on. 
              So please don’t expect anything groundbreaking here, it’s still the same thing as it was before: a hack which is about level design and nothing else. But with that said, chances are if you enjoyed the original hack, you will love the remake for sure!
          </story>
     </game>
     <game name="Yoshi's Strange Quest">
          <description>Yoshi's Strange Quest</description>
          <year>2014</year>
          <developer>yoshifanatic</developer>
          <manufacturer>yoshifanatic</manufacturer>
          <score>0.8</score>
          <genre>Platform</genre>
          <players>1</players>
          <story>This is the sequel to Mario’s Strange Quest. Picking up where Mario’s Strange Quest left off, it turns out that the part where Yoshi’s eggs hatched at the end of MSQ didn’t actually happen. 
              What really happened after Mario beat Bowser, rescued Yoshi’s eggs, and saved the princess was that Yoshi and his sleepy friend decided to move to a new land so that he can protect his eggs from Bowser before they really hatched. 
              So, both Yoshis do so and they find themselves in the land of Weirdonia. However, it seems that Bowser apparently insists on stealing Yoshi’s eggs, since Yoshi’s eggs were stolen again while Yoshi was out shopping. 
              Since Mario isn’t around to help this time, Yoshi goes on a quest by himself to retrieve his eggs. However, just like Mario’s Strange Quest, this isn’t your ordinary quest. 
              The land of Weirdonia is a strange land filled with bizarre gimmicks, weird themes, and possibly jelly filled donuts and pizza. Expect the unexpected during Yoshi’s journey.
          </story>
     </game>	 
</menu>