<?xml version="1.0"?>
<menu>
	<header>
		<listname>PC Engine SuperGrafx</listname>
		<lastlistupdate>12/05/2022</lastlistupdate>
		<listversion>0.1</listversion>
		<exporterversion>Created by STAiNLESS for CORE Type R</exporterversion>
	</header>
	<game name="1941 - Counter Attack (Japan)">
		<description>1941 - Counter Attack (Japan)</description>
		<year>1991</year>
		<manufacturer>Hudson Soft</manufacturer>
		<publisher>Capcom</publisher>
		<score>3.3</score>
		<genre>Shooter</genre>
		<players>2</players>
		<story>1941 Counter Attack is a vertical shooter by Capcom and conversion of the arcade game of the same name
			originally released in 1990. The action takes place during World War II and depicts Capcom's own fantastic
			vision of the historic battle between the American and Japanese air forces in the Pacific. The player's
			mission is rather straightforward - on board a Lockheed P-38 airplane, he must fight his way through six
			varied stages, take down enemy installations, battleships and other huge rockets on their narrow launching
			pads. Unlike its predecessors in the series, 1941 Counter Attack traded the trademark and arguably
			monotonous level design for a more structured and diverse formula. Stages vary from an enemy infested canyon
			to city landscapes and fortified strongholds. Several powerups can be collected along the way, such as tiny
			wingmen widening the plane's fire power, or destructive special weapons such as laser beams and side
			rockets. The main weapon can also be charged up by holding the fire button to discharge a powerful attack.
			Finally, the plane comes with a small life bar and can be hit three time before being blasted into oblivion
			- this bar however increases as the game progresses, and is used to release devastating special attacks as
			well. 1941 Counter Attack also features a two simultaneous player mode.</story>
	</game>
	<game name="Aldynes - The Misson Code for Rage Crisis (Japan)">
		<description>Aldynes - The Misson Code for Rage Crisis (Japan)</description>
		<year>1991</year>
		<manufacturer>Produce</manufacturer>
		<publisher>Hudson Soft</publisher>
		<score>3.6</score>
		<genre>Action;Shooter</genre>
		<players>1</players>
		<story>The year is 2020, and global depression has descended upon the societies of the Earth. When humans least
			expect it, aliens from a mechanical planetoid attack seemingly without any reason. The League of Nations
			collaborates with NASA to produce a powerful space fighter under project name Aldynes. When a pilot known as
			Fox-A is killed, his girlfriend Hiroko heads to the air base where works on Project Aldynes took place. As
			the aliens launch their attack, Hiroko hijacks one of the fighters and enters the battle.

			Aldynes is a horizontally-scrolling sci-fi shoot-em-up. Player-controlled spaceship can acquire power-ups
			that either change its default vulcan gun to lasers that shoot either straight ahead or in different
			directions, or enhance the shot of an already equipped weapon. A special power-up adds a small ship that
			fights alongside the player-controlled one; collecting more power-ups of the same kind adds more ships.
			These ships can be ordered to stay behind and repeat the shooting patterns of the player-controlled craft,
			or shoot at enemies following their own AI.

			The player-controlled fighter does not have hit points and loses a life every time it is hit. There are
			seven stages altogether, each ending with a massive boss battle.</story>
	</game>
	<game name="Battle Ace (Japan)">
		<description>Battle Ace (Japan)</description>
		<year>1989</year>
		<manufacturer>Hudson Soft</manufacturer>
		<publisher>Hudson Soft</publisher>
		<score>2.6</score>
		<genre>Action;Shooter</genre>
		<players>1</players>
		<story>Battle Ace is an action-oriented flight game in a first-person perspective. The player mans a space ship,
			including a radar which shows enemies, and the goal is to reach the end of each level where an end boss
			waits. As usually, the main occupation is to blast a lot of aliens which approach the player. The available
			weapons are bombs and a machine gun, both unlimited. Getting hit is a bad idea because it results in death.
			The player has three lives which can be raised by scoring 20.000 points.</story>
	</game>
	<game name="Daimakaimura (Japan)">
		<description>Daimakaimura (Japan)</description>
		<year>1990</year>
		<manufacturer>Alfa System</manufacturer>
		<publisher>NEC Avenue</publisher>
		<score>4.3</score>
		<genre>Action;Horror</genre>
		<players>1</players>
		<story>Daimakaimura is a platform game by Capcom and is the SuperGrafx port of the classic arcade game known
			outside of Japan as Ghouls'n Ghosts. The brave Arthur, infamous for wearing red hearted boxers under his
			piece of armor, is back. His beloved princess Prin-Prin has been captured by the great demon king Loki and
			he has now, once again, the daunting task of rescuing her. His journey gets him through six long stages from
			a creepy cemetery infested with Grim Reapers and Vultures, to a abandoned windmills full of deadly stone
			turtles. Arthur starts the game equipped with a short joust spear that he can throw at his enemies. Treasure
			chests appear from time to time (usually triggered by jumping over specific spots of the scenery) and Arthur
			can crack them open to reveal new weapons, brand new piece of armors or, if already equipped with one, the
			almighty Golden Armor. But treasure chests can also reveal mean sorcerers who won't hesitate to turn our
			hero into an elderly man with a walking stick, or a cute but particularly vulnerable duck. Finally, the
			Golden Armor can be charged up and unleash powerful attacks from the equipped weapon. For instance, the
			spear can trigger a lighting spell and daggers a mirror-image of Arthur. The game is vast and mean guardians
			keep the gates leading to Loki's lair.</story>
	</game>
	<game name="Madou King Granzort (Japan)">
		<description>Madou King Granzort (Japan)</description>
		<year>1990</year>
		<manufacturer>Mutech</manufacturer>
		<publisher>Hudson</publisher>
		<score>3.1</score>
		<genre>Action;Platform;Shooter</genre>
		<players>2</players>
		<story>Madou King Granzort is a side-scrolling action/platform game for the SuperGrafx system and based on a
			Japanese anime series originally aired in 1989. An atmosphere started to rise on the Moon after a powerful
			earthquake. Seeing that it could now support life, humans decide to colonize the newly terraformed satellite
			and settle there. But soon they realize they are not alone and find themselves in the middle of a raging war
			between two alien species. The player takes control of an armored robot able to transform into three
			different warriors. Each one of them comes with its own style of play and abilities - the Red Warrior uses a
			powerful laser sword and can trigger earthquake attacks, the Green Warrior uses a laser bow and can fly, and
			finally the Blue Warrior uses a spear and can raise an impenetrable power shield. Special items are dotted
			around each level - their range from extra lives to the one-hit silver shield (S) and the temporary
			invincibility gold shield (G). Along with the special items found on the playfield, little rabbits also
			sometimes appear and drop power-ups when killed. These upgrade the player's main weapons up to three times,
			increasing their overall range or shooting speed. Granzort features seven large maze-like stages and each
			one of them lead to a deep pit where the level's boss hides.</story>
	</game>
</menu>