<?xml version="1.0"?>
<menu>
	<header>
		<listname>Sega Model 2</listname>
		<lastlistupdate>25/09/2022</lastlistupdate>
		<listversion>0.2</listversion>
		<exporterversion>Created by STAiNLESS for CORE Type R</exporterversion>
	</header>
	<game name="airwlkrs">
		<description>Air Walkers</description>
		<year>1997</year>
		<manufacturer>Data East</manufacturer>
		<publisher>Sega</publisher>
		<score>3.6</score>
		<genre>Sports</genre>
		<players>2</players>
		<story>Behind Enemy Lines (ビハインド・エネミーラインズ) is a Sega Model 2 arcade light gun game. Behind Enemy Lines is a
			first person rail shooter where the player controls a machine gun mounted on a jeep driving through enemy
			territory. The game consists of four missions that all involve infiltrating and destroying various enemy
			facilities. The setting is modern and enemies include simple foot soldiers, light vehicles such as jeeps and
			humvees and heavy vehicles like tanks and helicopters. The game can be played by one or two players each
			controlling a machine gun.</story>
	</game>
	<game name="bel">
		<description>Behind Enemy Lines</description>
		<year>1997</year>
		<manufacturer>Real 3-D</manufacturer>
		<publisher>Sega</publisher>
		<score>2.9</score>
		<genre>Shooter</genre>
		<players>2</players>
		<story>Behind Enemy Lines (ビハインド・エネミーラインズ) is a Sega Model 2 arcade light gun game. Behind Enemy Lines is a
			first person rail shooter where the player controls a machine gun mounted on a jeep driving through enemy
			territory. The game consists of four missions that all involve infiltrating and destroying various enemy
			facilities. The setting is modern and enemies include simple foot soldiers, light vehicles such as jeeps and
			humvees and heavy vehicles like tanks and helicopters. The game can be played by one or two players each
			controlling a machine gun.</story>
	</game>
	<game name="dayton93">
		<description>NA</description>
		<year>NA</year>
		<manufacturer>NA</manufacturer>
		<publisher>NA</publisher>
		<score>NA</score>
		<genre>NA</genre>
		<players>NA</players>
		<story>NA</story>
	</game>
	<game name="daytona">
		<description>Daytona USA</description>
		<year>1994</year>
		<manufacturer>Sega AM2</manufacturer>
		<publisher>Sega</publisher>
		<score>4.5</score>
		<genre>Racing</genre>
		<players>8</players>
		<story>Daytona USA (デイトナＵＳＡ) is a Sega Model 2 arcade racing game developed by Sega AM2. It was initially given
			a limited release in Japan in 1993 to gauge public reaction to the new model hardware before its full,
			international release the following March.

			It is loosely based on the NASCAR racing event at the Daytona International Speedway, located in real life
			in Daytona Beach, Florida in the United States of America. Daytona USA and all of its sequels and rereleases
			(except Sega Racing Classic, in which case someone else already held the arcade license) have been
			officially sponsored by the International Speedway Corporation.</story>
	</game>
	<game name="daytonagtx">
		<description>NA</description>
		<year>NA</year>
		<manufacturer>NA</manufacturer>
		<publisher>NA</publisher>
		<score>NA</score>
		<genre>NA</genre>
		<players>NA</players>
		<story>NA</story>
	</game>
	<game name="daytonam">
		<description>NA</description>
		<year>NA</year>
		<manufacturer>NA</manufacturer>
		<publisher>NA</publisher>
		<score>NA</score>
		<genre>NA</genre>
		<players>NA</players>
		<story>NA</story>
	</game>
	<game name="daytonas">
		<description>Daytona USA</description>
		<year>1994</year>
		<manufacturer>Sega AM2</manufacturer>
		<publisher>Sega</publisher>
		<score>4.5</score>
		<genre>Racing</genre>
		<players>8</players>
		<story>Daytona USA (デイトナＵＳＡ) is a Sega Model 2 arcade racing game developed by Sega AM2. It was initially given
			a limited release in Japan in 1993 to gauge public reaction to the new model hardware before its full,
			international release the following March.

			It is loosely based on the NASCAR racing event at the Daytona International Speedway, located in real life
			in Daytona Beach, Florida in the United States of America. Daytona USA and all of its sequels and rereleases
			(except Sega Racing Classic, in which case someone else already held the arcade license) have been
			officially sponsored by the International Speedway Corporation.</story>
	</game>
	<game name="daytonase">
		<description>NA</description>
		<year>NA</year>
		<manufacturer>NA</manufacturer>
		<publisher>NA</publisher>
		<score>NA</score>
		<genre>NA</genre>
		<players>NA</players>
		<story>NA</story>
	</game>
	<game name="daytonat">
		<description>NA</description>
		<year>NA</year>
		<manufacturer>NA</manufacturer>
		<publisher>NA</publisher>
		<score>NA</score>
		<genre>NA</genre>
		<players>NA</players>
		<story>NA</story>
	</game>
	<game name="daytonata">
		<description>NA</description>
		<year>NA</year>
		<manufacturer>NA</manufacturer>
		<publisher>NA</publisher>
		<score>NA</score>
		<genre>NA</genre>
		<players>NA</players>
		<story>NA</story>
	</game>
	<game name="desert">
		<description>Desert Tank</description>
		<year>1994</year>
		<manufacturer>Sega AM2</manufacturer>
		<publisher>Sega</publisher>
		<score>3.5</score>
		<genre>Action</genre>
		<players>1</players>
		<story>Desert Tank (デザートタンク) is a third-person shooter arcade game released for the Sega Model 2 in 1994. In it,
			the player controls a tank and blows things up. The game was developed by Sega AM2 and produced by Yu
			Suzuki. It was developed in cooperation with Martin Marietta, a military contractor, and aimed to be
			realistic. It has never been brought to home consoles.</story>
	</game>
	<game name="doa">
		<description>Dead or Alive</description>
		<year>1996</year>
		<manufacturer>Team Ninja</manufacturer>
		<publisher>Sega</publisher>
		<score>3.9</score>
		<genre>Fighting</genre>
		<players>2</players>
		<story>Dead or Alive (デッド オア アライブ) is a 1996 arcade fighting game by Tecmo for the Sega Model 2 (2A CRX and 2B
			CRX) arcade hardware and the first game in their Dead or Alive franchise. It was ported to the Sega Saturn
			in 1997. A limited edition was also released for the Saturn which came with an art book.</story>
	</game>
	<game name="doaa">
		<description>Dead or Alive</description>
		<year>1996</year>
		<manufacturer>Team Ninja</manufacturer>
		<publisher>Sega</publisher>
		<score>3.9</score>
		<genre>Fighting</genre>
		<players>2</players>
		<story>Dead or Alive (デッド オア アライブ) is a 1996 arcade fighting game by Tecmo for the Sega Model 2 (2A CRX and 2B
			CRX) arcade hardware and the first game in their Dead or Alive franchise. It was ported to the Sega Saturn
			in 1997. A limited edition was also released for the Saturn which came with an art book.</story>
	</game>
	<game name="dynabb">
		<description>Dynamite Baseball</description>
		<year>1997</year>
		<manufacturer></manufacturer>
		<publisher></publisher>
		<score>3.2</score>
		<genre>Sports</genre>
		<players>2</players>
		<story>Dynamite Baseball is a baseball game released for Sega Model 2 arcade hardware.</story>
	</game>
	<game name="dynabb97">
		<description>Dynamite Baseball '97</description>
		<year>1997</year>
		<manufacturer></manufacturer>
		<publisher></publisher>
		<score>3.2</score>
		<genre>Sports</genre>
		<players>2</players>
		<story>Dynamite Baseball is a baseball game released for Sega Model 2 arcade hardware.</story>
	</game>
	<game name="dynamcop">
		<description>Dynamite Cop</description>
		<year>1998</year>
		<manufacturer>Sega AM1</manufacturer>
		<publisher>Sega</publisher>
		<score>3.6</score>
		<genre>Beat 'em Up</genre>
		<players>2</players>
		<story>Dynamite Cop, known as Dynamite Deka 2 (ダイナマイト刑事２) in Japan, is a beat-'em-up game created by Sega AM1.
			It was released for all three versions of the Sega Model 2 arcade hardware in 1998 (the only game to run on
			all Model 2 boards) before subsequently being ported to the Sega Dreamcast the following year. It is a
			sequel to Die Hard Arcade (Dynamite Deka in Japan), though unlike its predecessor, lacks the Die Hard film
			license. It was soon followed up by Asian Dynamite.</story>
	</game>
	<game name="dyndek2b">
		<description>Dynamite Deka 2</description>
		<year>1998</year>
		<manufacturer>Sega AM1</manufacturer>
		<publisher>Sega</publisher>
		<score>3.6</score>
		<genre>Beat 'em Up</genre>
		<players>2</players>
		<story>Dynamite Cop, known as Dynamite Deka 2 (ダイナマイト刑事２) in Japan, is a beat-'em-up game created by Sega AM1.
			It was released for all three versions of the Sega Model 2 arcade hardware in 1998 (the only game to run on
			all Model 2 boards) before subsequently being ported to the Sega Dreamcast the following year. It is a
			sequel to Die Hard Arcade (Dynamite Deka in Japan), though unlike its predecessor, lacks the Die Hard film
			license. It was soon followed up by Asian Dynamite.</story>
	</game>
	<game name="dyndeka2">
		<description>Dynamite Deka 2</description>
		<year>1998</year>
		<manufacturer>Sega AM1</manufacturer>
		<publisher>Sega</publisher>
		<score>3.6</score>
		<genre>Beat 'em Up</genre>
		<players>2</players>
		<story>Dynamite Cop, known as Dynamite Deka 2 (ダイナマイト刑事２) in Japan, is a beat-'em-up game created by Sega AM1.
			It was released for all three versions of the Sega Model 2 arcade hardware in 1998 (the only game to run on
			all Model 2 boards) before subsequently being ported to the Sega Dreamcast the following year. It is a
			sequel to Die Hard Arcade (Dynamite Deka in Japan), though unlike its predecessor, lacks the Die Hard film
			license. It was soon followed up by Asian Dynamite.</story>
	</game>
	<game name="dynmcopb">
		<description>Dynamite Cop</description>
		<year>1998</year>
		<manufacturer>Sega AM1</manufacturer>
		<publisher>Sega</publisher>
		<score>3.6</score>
		<genre>Beat 'em Up</genre>
		<players>2</players>
		<story>Dynamite Cop, known as Dynamite Deka 2 (ダイナマイト刑事２) in Japan, is a beat-'em-up game created by Sega AM1.
			It was released for all three versions of the Sega Model 2 arcade hardware in 1998 (the only game to run on
			all Model 2 boards) before subsequently being ported to the Sega Dreamcast the following year. It is a
			sequel to Die Hard Arcade (Dynamite Deka in Japan), though unlike its predecessor, lacks the Die Hard film
			license. It was soon followed up by Asian Dynamite.</story>
	</game>
	<game name="dynmcopc">
		<description>Dynamite Cop</description>
		<year>1998</year>
		<manufacturer>Sega AM1</manufacturer>
		<publisher>Sega</publisher>
		<score>3.6</score>
		<genre>Beat 'em Up</genre>
		<players>2</players>
		<story>Dynamite Cop, known as Dynamite Deka 2 (ダイナマイト刑事２) in Japan, is a beat-'em-up game created by Sega AM1.
			It was released for all three versions of the Sega Model 2 arcade hardware in 1998 (the only game to run on
			all Model 2 boards) before subsequently being ported to the Sega Dreamcast the following year. It is a
			sequel to Die Hard Arcade (Dynamite Deka in Japan), though unlike its predecessor, lacks the Die Hard film
			license. It was soon followed up by Asian Dynamite.</story>
	</game>
	<game name="fvipers">
		<description>Fighting Vipers</description>
		<year>1995</year>
		<manufacturer>Sega AM2</manufacturer>
		<publisher>Sega</publisher>
		<score>3.5</score>
		<genre>Fighting</genre>
		<players>2</players>
		<story>Fighting Vipers (ファイティングバイパーズ) is a 3D fighting game developed by Sega AM2 for the Sega Model 2B CRX in
			1995. It was ported the same year to the Sega Saturn with significantly reduced graphics.</story>
	</game>
	<game name="gunblade">
		<description>Gunblade NY</description>
		<year>1996</year>
		<manufacturer>Sega AM3</manufacturer>
		<publisher>Sega</publisher>
		<score>4.5</score>
		<genre>Shooter</genre>
		<players>2</players>
		<story>Gunblade NY (ガンブレードN.Y.) is a lightgun shoot-'em-up game developed by Sega for Sega Model 2B CRX arcade
			hardware. It was released in 1995. The game is set in 2005, and has the player fire at terrorists around New
			York from a helicopter.</story>
	</game>
	<game name="hotd">
		<description>The House of the Dead</description>
		<year>1997</year>
		<manufacturer>Sega AM1</manufacturer>
		<publisher>Sega</publisher>
		<score>4.4</score>
		<genre>Shooter</genre>
		<players>2</players>
		<story>The House of the Dead (ザ・ハウス・オブ・ザ・デッド) is a light-gun game initially developed for Sega Model 2C CRX
			hardware in 1996. It is the first in the The House of the Dead series, and was ported to the Sega Saturn and
			Windows PC in 1998 due to its success. The game is a rail shoot-em-up, where you must shoot zombies.</story>
	</game>
	<game name="indy500">
		<description>Indianapolis 500</description>
		<year>1996</year>
		<manufacturer>Sega AM1</manufacturer>
		<publisher>Sega</publisher>
		<score>4.5</score>
		<genre>Driving</genre>
		<players>1</players>
		<story>Indy 500 is a 1995 arcade racing game developed by Sega's AM1 division[1] and published by Sega of Japan. It 
			follows the format of previous driving games such as Daytona USA. It includes the famous Indianapolis 500. It 
			uses the Sega Model 2 B CRX.[1]  Players can race one of three courses including: Highland Raceway Indianapolis 
			500 Bayside Street  A disclaimer appears at the start of the game notifying players that Highland Raceway and Bay 
			Side Street are fictional courses and are not affiliated with Indy. However, the two courses resemble Laguna Seca 
			and Long Beach/Surfers Paradise respectively.  The race commences after the user has made their choice of 
			automatic transmission or manual transmission with a 2-position shifter. </story>
	</game>
	<game name="indy500d">
		<description>NA</description>
		<year>NA</year>
		<manufacturer>NA</manufacturer>
		<publisher>NA</publisher>
		<score>NA</score>
		<genre>NA</genre>
		<players>NA</players>
		<story>NA</story>
	</game>
	<game name="indy500to">
		<description>NA</description>
		<year>NA</year>
		<manufacturer>NA</manufacturer>
		<publisher>NA</publisher>
		<score>NA</score>
		<genre>NA</genre>
		<players>NA</players>
		<story>NA</story>
	</game>
	<game name="lastbrnx">
		<description>Last Bronx</description>
		<year>1996</year>
		<manufacturer>Sega AM3</manufacturer>
		<publisher>Sega</publisher>
		<score>3.8</score>
		<genre>Fighting</genre>
		<players>2</players>
		<story>Last Bronx, subtitled Last Bronx: Tokyo Bangaichi (ラストブロンクス -東京番外地-) in Japan, is a 3D versus fighting
			game developed by Sega AM3 for Sega Model 2B CRX arcade hardware.</story>
	</game>
	<game name="lastbrnxj">
		<description>NA</description>
		<year>NA</year>
		<manufacturer>NA</manufacturer>
		<publisher>NA</publisher>
		<score>NA</score>
		<genre>NA</genre>
		<players>NA</players>
		<story>NA</story>
	</game>
	<game name="lastbrnxu">
		<description>NA</description>
		<year>NA</year>
		<manufacturer>NA</manufacturer>
		<publisher>NA</publisher>
		<score>NA</score>
		<genre>NA</genre>
		<players>NA</players>
		<story>NA</story>
	</game>
	<game name="manxtt">
		<description>Manx TT Superbike: DX</description>
		<year>1995</year>
		<manufacturer>Sega AM3</manufacturer>
		<publisher>Sega</publisher>
		<score>3.7</score>
		<genre>Racing</genre>
		<players>8</players>
		<story>Manx TT Super Bike (マンクスＴＴ スーパーバイク) is a Sega Model 2A CRX 3D arcade motorbike racing game developed by
			Sega AM3 and Sega AM4. It was initially released in 1995. It is a motorcycle racing game built for the Sega
			Model 2 arcade board. Up to 8 players can race in this game if enough cabinets are linked together (4 Twin
			two rider cabinets or 8 Deluxe single rider cabinet units). The Deluxe cabinet includes a larger single unit
			50-inch projector screen.

			The game's setting is the Isle of Man TT - the world-famous and demanding motorcycle racing event held on
			the Isle of Man. There are two courses to race on: the Laxey Coast course for novices and the more difficult
			TT ("Tourist Trophy") Course for veteran players. While the TT Course is based on the actual course on the
			Isle of Man, the Laxey Coast is a fictional course designed by the game developers, though its scenery is
			drawn from the Isle of Man.

			The arcade game was known at the time for its impressive graphics and innovative cabinet. Many arcade
			motorcycle games incorporated a bike-like machine that tilted so the player could maneuver the on-screen
			bike through the physical "bike" (pioneered by another Sega game, Hang-On); to do this, the player would
			need to push their feet against the floor. The Manx TT machine, however, was sensitive enough to tilt just
			from the rider shifting their weight, allowing the player to keep their feet on the machine and use their
			body weight to control the on-screen bike, making the game feel more realistic. Many of the unsold cabinets
			were converted into Motor Raid, a futuristic Model 2 motorcycle racing game released in 1997.</story>
	</game>
	<game name="manxttc">
		<description>Manx TT Superbike: DX</description>
		<year>1995</year>
		<manufacturer>Sega AM3</manufacturer>
		<publisher>Sega</publisher>
		<score>3.7</score>
		<genre>Racing</genre>
		<players>8</players>
		<story>Manx TT Super Bike (マンクスＴＴ スーパーバイク) is a Sega Model 2A CRX 3D arcade motorbike racing game developed by
			Sega AM3 and Sega AM4. It was initially released in 1995. It is a motorcycle racing game built for the Sega
			Model 2 arcade board. Up to 8 players can race in this game if enough cabinets are linked together (4 Twin
			two rider cabinets or 8 Deluxe single rider cabinet units). The Deluxe cabinet includes a larger single unit
			50-inch projector screen.

			The game's setting is the Isle of Man TT - the world-famous and demanding motorcycle racing event held on
			the Isle of Man. There are two courses to race on: the Laxey Coast course for novices and the more difficult
			TT ("Tourist Trophy") Course for veteran players. While the TT Course is based on the actual course on the
			Isle of Man, the Laxey Coast is a fictional course designed by the game developers, though its scenery is
			drawn from the Isle of Man.

			The arcade game was known at the time for its impressive graphics and innovative cabinet. Many arcade
			motorcycle games incorporated a bike-like machine that tilted so the player could maneuver the on-screen
			bike through the physical "bike" (pioneered by another Sega game, Hang-On); to do this, the player would
			need to push their feet against the floor. The Manx TT machine, however, was sensitive enough to tilt just
			from the rider shifting their weight, allowing the player to keep their feet on the machine and use their
			body weight to control the on-screen bike, making the game feel more realistic. Many of the unsold cabinets
			were converted into Motor Raid, a futuristic Model 2 motorcycle racing game released in 1997.</story>
	</game>
	<game name="model2">
		<description>NA</description>
		<year>NA</year>
		<manufacturer>NA</manufacturer>
		<publisher>NA</publisher>
		<score>NA</score>
		<genre>NA</genre>
		<players>NA</players>
		<story>NA</story>
	</game>
	<game name="motoraid">
		<description>Moto Raid</description>
		<year>1997</year>
		<manufacturer>Sega AM3</manufacturer>
		<publisher>Sega</publisher>
		<score>3</score>
		<genre>Racing</genre>
		<players>1</players>
		<story>With its futuristic bikes and the rare ability to fight while racing the game bears obvious inspirations from both the Akira (1988) 
		and Venus Wars (1989) manga and anime adaptation, Psygnosis's Wipeout (1995) for its futuristic planets, and from the Road Rash 
		(1991) game series.  The game is available as a single or two-player cabinet. Game modes include "Championship" and "Practice" 
		and playable characters are named Geila, Gunz, I.O and Robin.  Unlike other Model 2A racers like Manx TT Superbike or the original 
		Sega Rally Championship, Motor Raid was not ported to the contemporary Sega Saturn or Windows 95. It was expected to emulate 
		this game on Model-2-Emulator, by ELSemi or Nebula, starting in 2004. </story>
	</game>
	<game name="overrev">
		<description>Over Rev</description>
		<year>1997</year>
		<manufacturer>Jaleco</manufacturer>
		<publisher>Jaleco</publisher>
		<score>3.6</score>
		<genre>Racing</genre>
		<players>2</players>
		<story>Over Rev (オーバーレブ) is a racing game developed by Jaleco for Sega's Model 2 arcade board. It features four
			nicely rendered tracks across the Greater Tokyo Area. Although it has some serious issues with driving and
			collision physics, if you stick with the game long enough to overcome its intricacies, it can be pretty
			rewarding. Like Jaleco's other Model 2 racer, Super GT 24h, you'll want to use an automatic transmission.
		</story>
	</game>
	<game name="overrevb">
		<description>NA</description>
		<year>NA</year>
		<manufacturer>NA</manufacturer>
		<publisher>NA</publisher>
		<score>NA</score>
		<genre>NA</genre>
		<players>NA</players>
		<story>NA</story>
	</game>
	<game name="pltkids">
		<description>Pilot Kids</description>
		<year>1999</year>
		<manufacturer>Psikyo</manufacturer>
		<publisher>Psikyo</publisher>
		<score>3.1</score>
		<genre>Shooter</genre>
		<players>1</players>
		<story>Pilot Kids (パイロット キッズ) is a side-scrolling 2.5D shoot-'em-up released by Psikyo for Sega Model 2 arcade
			hardware in 1999. It was the last official Model 2 game to be released.</story>
	</game>
	<game name="pltkidsa">
		<description>Pilot Kids</description>
		<year>1999</year>
		<manufacturer>Psikyo</manufacturer>
		<publisher>Psikyo</publisher>
		<score>3.1</score>
		<genre>Shooter</genre>
		<players>1</players>
		<story>Pilot Kids (パイロット キッズ) is a side-scrolling 2.5D shoot-'em-up released by Psikyo for Sega Model 2 arcade
			hardware in 1999. It was the last official Model 2 game to be released.</story>
	</game>
	<game name="rchase2">
		<description>Rail Chase 2</description>
		<year>1994</year>
		<manufacturer>Sega AM3</manufacturer>
		<publisher>Sega</publisher>
		<score>4.6</score>
		<genre>Shooter</genre>
		<players>2</players>
		<story>Rail Chase 2 (レールチェイス2) is the sequel to Rail Chase and was released for Sega Model 2 hardware in 1994.
			Like the original Rail Chase, the game features a pneumatic "Magical Bench Seat", which tilts and rocks with
			the in-game action to immerse players in the game.</story>
	</game>
	<game name="schamp">
		<description>Sonic Championship</description>
		<year>1996</year>
		<manufacturer>Sega AM2</manufacturer>
		<publisher>Sega</publisher>
		<score>2.8</score>
		<genre>Fighting</genre>
		<players>2</players>
		<story>Sonic the Fighters (ソニック・ザ・ファイターズ), originally released as Sonic Championship in North America and
			Europe, is a versus fighting game developed for Sega Model 2B CRX arcade hardware by Sega AM2. It was
			released in relatively small numbers across the world during 1996. To date, Sonic the Fighters is the only
			Sonic fighting game of its kind.</story>
	</game>
	<game name="segawski">
		<description>Sega Water Ski</description>
		<year>1997</year>
		<manufacturer>Sega AM1</manufacturer>
		<publisher>Sega</publisher>
		<score>4</score>
		<genre>Sports</genre>
		<players>1</players>
		<story>Sega Water Ski (セガ・ウォータースキー) is a Sega Model 2 arcade game which simulates water skiing. As a result, the
			player controls the game with their feet. It should not be confused with Water Ski, a much earlier arcade
			game by Taito. Sega Water Ski has never seen a home release.</story>
	</game>
	<game name="sfight">
		<description>Sonic the Fighters</description>
		<year>1996</year>
		<manufacturer>Sega AM2</manufacturer>
		<publisher>Sega</publisher>
		<score>2.8</score>
		<genre>Fighting</genre>
		<players>2</players>
		<story>Sonic the Fighters (ソニック・ザ・ファイターズ), originally released as Sonic Championship in North America and
			Europe, is a versus fighting game developed for Sega Model 2B CRX arcade hardware by Sega AM2. It was
			released in relatively small numbers across the world during 1996. To date, Sonic the Fighters is the only
			Sonic fighting game of its kind.</story>
	</game>
	<game name="sgt24h">
		<description>Super GT 24h</description>
		<year>1996</year>
		<manufacturer>Jaleco</manufacturer>
		<publisher>Jaleco</publisher>
		<score>3.9</score>
		<genre>Racing</genre>
		<players>2</players>
		<story>Super GT 24h is a 3D arcade racing game developed and published by Jaleco for Sega Model 2B CRX hardware.
			It was originally released in 1996, with a watered down Sega Saturn port appearing in Japan in 1998. The
			Saturn version of the game is known as GT24.</story>
	</game>
	<game name="skisuprg">
		<description>Sega Ski Super G</description>
		<year>1996</year>
		<manufacturer>Sega AM1</manufacturer>
		<publisher>Sega</publisher>
		<score>4</score>
		<genre>Sports</genre>
		<players>1</players>
		<story>Sega Ski Super G (セガスキー・スーパーＧ) is an arcade ski racing game released for Sega Model 2 hardware. It was
			followed by the similar Ski Champ in 1998. Players steer their racer by standing on "skis" which can both
			pivot left/right in a horizontal plane, as well as tilt to simulate edging. Metal "ski poles" are held on to
			for balance.</story>
	</game>
	<game name="skytargt">
		<description>Sky Target</description>
		<year>1995</year>
		<manufacturer>Sega AM1</manufacturer>
		<publisher>Sega</publisher>
		<score>3.7</score>
		<genre>Shooter</genre>
		<players>1</players>
		<story>Sky Target (スカイターゲット) is a Sega Model 2A CRX arcade game developed by Sega AM1. Ports of the game were
			made for the Sega Saturn and in Japan, Windows PCs.</story>
	</game>
	<game name="srallyc">
		<description>Sega Rally Championship</description>
		<year>1994</year>
		<manufacturer>Sega AM3</manufacturer>
		<publisher>Sega</publisher>
		<score>4.7</score>
		<genre>Racing</genre>
		<players>4</players>
		<story>Sega Rally Championship (セガラリー・チャンピオンシップ), also known simply as Sega Rally or occasionally by the
			extended title of Sega Rally Championship 1995, is an arcade racing game developed by Sega AM3 for Sega
			Model 2A CRX arcade hardware. It was released in 1995 to critical acclaim, and is the first in the Sega
			Rally series.

			Sega Rally is an off-road racing game, in which players drive rally cars across one of four tracks as
			quickly as possible. Like prior Sega arcade racing games, Sega Rally enforces a strict time limit and a
			checkpoint system - success is measured by how fast the player can navigate the three standard tracks before
			either crossing the final finish line or retiring due to the timer running out.

			The game came in three cabinet models with the upright version being the standard. There are also the Twin
			(two sit-down player positions) and DX model cabinets. The DX cabinet is a single-player sit-down cabinet
			with a larger game screen. The Twin and DX cabinets contain an additional handbrake that is needed in the
			tight hairpin turns. The game supports up to four players using cabinets linked together.</story>
	</game>
	<game name="srallycb">
		<description>Sega Rally Championship</description>
		<year>1994</year>
		<manufacturer>Sega AM3</manufacturer>
		<publisher>Sega</publisher>
		<score>3.9</score>
		<genre>Racing</genre>
		<players>4</players>
		<story>Sega Rally Championship (セガラリー・チャンピオンシップ), also known simply as Sega Rally or occasionally by the
			extended title of Sega Rally Championship 1995, is an arcade racing game developed by Sega AM3 for Sega
			Model 2A CRX arcade hardware. It was released in 1995 to critical acclaim, and is the first in the Sega
			Rally series.

			Sega Rally is an off-road racing game, in which players drive rally cars across one of four tracks as
			quickly as possible. Like prior Sega arcade racing games, Sega Rally enforces a strict time limit and a
			checkpoint system - success is measured by how fast the player can navigate the three standard tracks before
			either crossing the final finish line or retiring due to the timer running out.

			The game came in three cabinet models with the upright version being the standard. There are also the Twin
			(two sit-down player positions) and DX model cabinets. The DX cabinet is a single-player sit-down cabinet
			with a larger game screen. The Twin and DX cabinets contain an additional handbrake that is needed in the
			tight hairpin turns. The game supports up to four players using cabinets linked together.</story>
	</game>
	<game name="srallyp">
		<description>Sega Rally Pro Drivin'</description>
		<year>NA</year>
		<manufacturer>Sega AM3</manufacturer>
		<publisher>Sega</publisher>
		<score>3</score>
		<genre>Racing</genre>
		<players>4</players>
		<story>A Kyle Hodgetts game, Sega Rally Pro Drivin was an unofficial hack where the Celica is now red, all three
			tracks are reversed and a turbo button has been added. It also suffers from issues, such as in Practice Mode
			where the CPU car still goes the original route forward, causing a head-on collision if you don't avoid it.
		</story>
	</game>
	<game name="stcc">
		<description>Sega Touring Car Championship</description>
		<year>1996</year>
		<manufacturer>Sega AM Annex</manufacturer>
		<publisher>Sega</publisher>
		<score>3.8</score>
		<genre>Racing</genre>
		<players>2</players>
		<story>Sega Touring Car Championship (セガツーリングカーチャンピオンシップ) is a Sega Model 2C CRX arcade racing game developed by
			AM Annex in 1996. It is similar to Sega Rally Championship in design, but uses touring cars instead of rally
			cars.</story>
	</game>
	<game name="stcca">
		<description>NA</description>
		<year>NA</year>
		<manufacturer>NA</manufacturer>
		<publisher>NA</publisher>
		<score>NA</score>
		<genre>NA</genre>
		<players>NA</players>
		<story>NA</story>
	</game>
	<game name="stccb">
		<description>NA</description>
		<year>NA</year>
		<manufacturer>NA</manufacturer>
		<publisher>NA</publisher>
		<score>NA</score>
		<genre>NA</genre>
		<players>NA</players>
		<story>NA</story>
	</game>
	<game name="topskatr">
		<description>Top Skater</description>
		<year>1997</year>
		<manufacturer>Sega AM3</manufacturer>
		<publisher>Sega</publisher>
		<score>3.8</score>
		<genre>Sports</genre>
		<players>1</players>
		<story>Top Skater (トップスケーター) is an arcade skateboarding game developed by Sega AM3 for Sega Model 2 hardware.
			Its spiritual successor, art-wise and music-wise, was Crazy Taxi, which was also directed by Kenji Kanno;
			other spiritual successors of the game include Air Trix and Ollie King.</story>
	</game>
	<game name="topskatrj">
		<description>NA</description>
		<year>NA</year>
		<manufacturer>NA</manufacturer>
		<publisher>NA</publisher>
		<score>NA</score>
		<genre>NA</genre>
		<players>NA</players>
		<story>NA</story>
	</game>
	<game name="topskatru">
		<description>NA</description>
		<year>NA</year>
		<manufacturer>NA</manufacturer>
		<publisher>NA</publisher>
		<score>NA</score>
		<genre>NA</genre>
		<players>NA</players>
		<story>NA</story>
	</game>
	<game name="vcop">
		<description>Virtua Cop</description>
		<year>1994</year>
		<manufacturer>Sega AM2</manufacturer>
		<publisher>Sega</publisher>
		<score>4.3</score>
		<genre>Shooter</genre>
		<players>2</players>
		<story>Virtua Cop (バーチャコップ) is an arcade shooter game created by Sega AM2 for Sega Model 2 hardware in 1994. It
			is the first in the Virtua Cop series. It was one of the first light-gun games to take place in a 3D world,
			as the first light-gun shooter to use 3D polygons. Sega advertised it as the "world's first texture mapped,
			polygon action game".</story>
	</game>
	<game name="vcop2">
		<description>Virtua Cop 2</description>
		<year>1995</year>
		<manufacturer>Sega AM2</manufacturer>
		<publisher>Sega</publisher>
		<score>4.2</score>
		<genre>Shooter</genre>
		<players>2</players>
		<story>Virtua Cop 2 (バーチャコップ２) is a light gun Sega Model 2A CRX game, released in 1995 and developed internally
			at Sega by their AM2 studio. It was ported to home systems on the Sega Saturn in 1996. It was released in PC
			in 1997 and Sega Dreamcast in 2000. It was later bundled with Virtua Cop in Virtua Cop: Elite Edition for
			PlayStation 2 in 2002.</story>
	</game>
	<game name="vcopa">
		<description>NA</description>
		<year>NA</year>
		<manufacturer>NA</manufacturer>
		<publisher>NA</publisher>
		<score>NA</score>
		<genre>NA</genre>
		<players>NA</players>
		<story>NA</story>
	</game>
	<game name="vf2">
		<description>Virtua Fighter 2</description>
		<year>1994</year>
		<manufacturer>Sega AM2</manufacturer>
		<publisher>Sega</publisher>
		<score>4.6</score>
		<genre>Fighting</genre>
		<players>2</players>
		<story>Virtua Fighter 2 (バーチャファイター２) is a fighting game developed by Sega AM2 and published by Sega as is the
			direct sequel to Virtua Fighter. It is, as the name suggests, the second game in the Virtua Fighter series,
			and was originally released for Sega Model 2A CRX arcade hardware in 1994. Virtua Fighter 2 was known for
			its breakthrough graphics and animation, rendering 3D characters and backgrounds with filtered texture
			mapping and introducing motion capture animation technology to the game industry.</story>
	</game>
	<game name="vf2a">
		<description>Virtua Fighter 2</description>
		<year>1994</year>
		<manufacturer>Sega AM2</manufacturer>
		<publisher>Sega</publisher>
		<score>4.6</score>
		<genre>Fighting</genre>
		<players>2</players>
		<story>Virtua Fighter 2 (バーチャファイター２) is a fighting game developed by Sega AM2 and published by Sega as is the
			direct sequel to Virtua Fighter. It is, as the name suggests, the second game in the Virtua Fighter series,
			and was originally released for Sega Model 2A CRX arcade hardware in 1994. Virtua Fighter 2 was known for
			its breakthrough graphics and animation, rendering 3D characters and backgrounds with filtered texture
			mapping and introducing motion capture animation technology to the game industry.</story>
	</game>
	<game name="vf2b">
		<description>Virtua Fighter 2</description>
		<year>1994</year>
		<manufacturer>Sega AM2</manufacturer>
		<publisher>Sega</publisher>
		<score>4.6</score>
		<genre>Fighting</genre>
		<players>2</players>
		<story>Virtua Fighter 2 (バーチャファイター２) is a fighting game developed by Sega AM2 and published by Sega as is the
			direct sequel to Virtua Fighter. It is, as the name suggests, the second game in the Virtua Fighter series,
			and was originally released for Sega Model 2A CRX arcade hardware in 1994. Virtua Fighter 2 was known for
			its breakthrough graphics and animation, rendering 3D characters and backgrounds with filtered texture
			mapping and introducing motion capture animation technology to the game industry.</story>
	</game>
	<game name="vf2o">
		<description>Virtua Fighter 2</description>
		<year>1994</year>
		<manufacturer>Sega AM2</manufacturer>
		<publisher>Sega</publisher>
		<score>4.6</score>
		<genre>Fighting</genre>
		<players>2</players>
		<story>Virtua Fighter 2 (バーチャファイター２) is a fighting game developed by Sega AM2 and published by Sega as is the
			direct sequel to Virtua Fighter. It is, as the name suggests, the second game in the Virtua Fighter series,
			and was originally released for Sega Model 2A CRX arcade hardware in 1994. Virtua Fighter 2 was known for
			its breakthrough graphics and animation, rendering 3D characters and backgrounds with filtered texture
			mapping and introducing motion capture animation technology to the game industry.</story>
	</game>
	<game name="von">
		<description>Virtua On Cybertroopers (US)</description>
		<year>1995</year>
		<manufacturer>Sega</manufacturer>
		<publisher>Sega</publisher>
		<score>4</score>
		<genre>Fighter</genre>
		<players>1</players>
		<story>Get it on with Virtual On! The home port of Sega's arcade hit where you take control of gigantic, fully armored battle 
		droids and duke it out against other droids in duel-like battles over a set of different arenas.  The game boasts 8 fully 
		polygonal droids, each with his own strengths and weaponry and 10 different arenas with their own layout and traps. Proceed 
		through the entire campaign via subjecting yourself to "virtual training" and then facing off for the real thing against the other 
		computer controlled droids, or go against a human opponent in multiplayer combat over Lan, modem, serial link or the same 
		computer with split screen display.</story>
	</game>
	<game name="vonj">
		<description>NA</description>
		<year>NA</year>
		<manufacturer>NA</manufacturer>
		<publisher>NA</publisher>
		<score>NA</score>
		<genre>NA</genre>
		<players>NA</players>
		<story>NA</story>
	</game>
	<game name="vstriker">
		<description>Virtua Striker</description>
		<year>1995</year>
		<manufacturer>Sega AM2</manufacturer>
		<publisher>Sega</publisher>
		<score>3.8</score>
		<genre>Sports</genre>
		<players>1</players>
		<story>Virtua Striker (バーチャストライカー) is an arcade football game developed by Sega AM2. Like Virtua Racing, Virtua
			Fighter, Virtua Cop and later Virtua Tennis, it is part of the Virtua series, and the first in the set of
			Virtua Striker games. Virtua Striker was released in 1995 for Sega Model 2B CRX hardware and is widely
			considered to be the first 3D football game ever to be released.

			Unlike other games which contain the Virtua name, Virtua Striker was not ported to home consoles when it was
			new. It would not be made officially available to home users until nearly twenty years later, when an
			enhanced version was released for the Japanese PlayStation Network and Xbox Live Arcade in early 2013.
		</story>
	</game>
	<game name="vstrikro">
		<description>Virtua Striker</description>
		<year>1995</year>
		<manufacturer>Sega AM2</manufacturer>
		<publisher>Sega</publisher>
		<score>3.8</score>
		<genre>Sports</genre>
		<players>1</players>
		<story>Virtua Striker (バーチャストライカー) is an arcade football game developed by Sega AM2. Like Virtua Racing, Virtua
			Fighter, Virtua Cop and later Virtua Tennis, it is part of the Virtua series, and the first in the set of
			Virtua Striker games. Virtua Striker was released in 1995 for Sega Model 2B CRX hardware and is widely
			considered to be the first 3D football game ever to be released.

			Unlike other games which contain the Virtua name, Virtua Striker was not ported to home consoles when it was
			new. It would not be made officially available to home users until nearly twenty years later, when an
			enhanced version was released for the Japanese PlayStation Network and Xbox Live Arcade in early 2013.
		</story>
	</game>
	<game name="waverunr">
		<description>Wave Runner</description>
		<year>1996</year>
		<manufacturer>Sega AM1</manufacturer>
		<publisher>Sega</publisher>
		<score>3.6</score>
		<genre>Sports</genre>
		<players>1</players>
		<story>WaveRunner (ウェーブランナー) is a waterski racing game released for Sega Model 2 arcade hardware. It was
			followed by WaveRunner GP.</story>
	</game>
	<game name="zerogun">
		<description>Zero Gunner</description>
		<year>1997</year>
		<manufacturer>Psikyo</manufacturer>
		<publisher>Psikyo</publisher>
		<score>4.1</score>
		<genre>Shooter</genre>
		<players>2</players>
		<story>Zero Gunner is a shoot 'em up developed by Psikyo and released in 1997. The arcade game allows for
			eight-way movement using a joystick and supports up to two players at a time. It was notable for its lock on
			targeting mechanic that allowed players to rotate around targets. The game was succeeded by a sequel, Zero
			Gunner 2 for the Sega NAOMI/Dreamcast.

			Plot
			In the future date of 2016, worldwide martial law is initiated when a widespread terrorist organization
			overthrew and took control of the world's military authorities. A group of ace helicopter pilots are
			secretly amassed in a special forces squadron called ZERO to travel around the world and destroy the
			occupied terrorist forces.</story>
	</game>
	<game name="zeroguna">
		<description>Zero Gunner</description>
		<year>1997</year>
		<manufacturer>Psikyo</manufacturer>
		<publisher>Psikyo</publisher>
		<score>4.1</score>
		<genre>Shooter</genre>
		<players>2</players>
		<story>Zero Gunner is a shoot 'em up developed by Psikyo and released in 1997. The arcade game allows for
			eight-way movement using a joystick and supports up to two players at a time. It was notable for its lock on
			targeting mechanic that allowed players to rotate around targets. The game was succeeded by a sequel, Zero
			Gunner 2 for the Sega NAOMI/Dreamcast.

			Plot
			In the future date of 2016, worldwide martial law is initiated when a widespread terrorist organization
			overthrew and took control of the world's military authorities. A group of ace helicopter pilots are
			secretly amassed in a special forces squadron called ZERO to travel around the world and destroy the
			occupied terrorist forces.</story>
	</game>
	<game name="zerogunaj">
		<description>NA</description>
		<year>NA</year>
		<manufacturer>NA</manufacturer>
		<publisher>NA</publisher>
		<score>NA</score>
		<genre>NA</genre>
		<players>NA</players>
		<story>NA</story>
	</game>
	<game name="zerogunj">
		<description>Zero Gunner</description>
		<year>1997</year>
		<manufacturer>Psikyo</manufacturer>
		<publisher>Psikyo</publisher>
		<score>4.1</score>
		<genre>Shooter</genre>
		<players>2</players>
		<story>Zero Gunner is a shoot 'em up developed by Psikyo and released in 1997. The arcade game allows for
			eight-way movement using a joystick and supports up to two players at a time. It was notable for its lock on
			targeting mechanic that allowed players to rotate around targets. The game was succeeded by a sequel, Zero
			Gunner 2 for the Sega NAOMI/Dreamcast.

			Plot
			In the future date of 2016, worldwide martial law is initiated when a widespread terrorist organization
			overthrew and took control of the world's military authorities. A group of ace helicopter pilots are
			secretly amassed in a special forces squadron called ZERO to travel around the world and destroy the
			occupied terrorist forces.</story>
	</game>
</menu>