<?xml version="1.0"?>
<menu>
	<header>
		<listname>Atari 7800</listname>
		<lastlistupdate>12/05/2022</lastlistupdate>
		<listversion>0.1</listversion>
		<exporterversion>Created by STAiNLESS for CORE Type R</exporterversion>
	</header>
	<game name="32 in 1 (Australia)">
		<description>32 in 1 (Australia)</description>
		<year>1988</year>
		<manufacturer>Atari Corporation</manufacturer>
		<publisher>Atari Corporation</publisher>
		<score>4.2</score>
		<genre>Action;Fighting;Puzzle;Racing;Sports;Strategy</genre>
		<players>2</players>
		<story>This is simply a relabled 2600 32-in-1 cartridge. The games are all 2600 versions.

			32 In 1 Game Cartridge was released in 1988 in PAL format in Europe, Australia and New Zealand. It includes
			popular Atari 2600 games of the sports and shooter genres; a different game is selected every time the Atari
			7800 is turned on. Most copies shipped as the pack-in game with the Atari 7800 in Australia and New Zealand.

			List of Games: 01 UFO 02 Human Cannonball 03 Fun with Numbers 04 3D Tic-Tac-Toe 05 Flag Capture 06 Reversi
			07 Golf 08 Surround 09 Checkers 10 Blackjack 11 Freeway Rabbit 12 Miniature Golf / Miniaturer Golf 13
			Football / NFL Football 14 Slot Racers 15 Fishing 16 Space War 17 Boxing 18 Air-Sea Battle 19 Freeway
			Chicken 20 Tennis 21 Combat 22 Slot Machine 23 Skiing 24 Stampede 25 Outlaw 26 Fishing Derby 27 Sky Diver 28
			Laser Blast 29 Basketball 30 Ant Party 31 Bowling 32 Homerun</story>
	</game>
	<game name="Ace of Aces (USA)">
		<description>Ace of Aces (USA)</description>
		<year>1988</year>
		<manufacturer>Artech</manufacturer>
		<publisher>Atari</publisher>
		<score>2.8</score>
		<genre>Flight Simulator</genre>
		<players>1</players>
		<story>Ace of Aces puts you in the cockpit of the Mosquito, the maverick RAF fighter bomber of World War II.
			It's white-knuckle aerial combat simulation, combining the exhilaration of flight with the gut-wrenching
			pressure of enemy confrontation.
			During World War II, Mosquitos downed 659 enemy aircraft and 500 V-1 Buzz Bombs. Your only allies are your
			wits, your weapons, and your radar. Are you equal to the challenge?
			Down the Nazi bombers, sink the U-boats, outrun the V-1 Buzz Bombs and stop the enemy trains to release the
			POWs. Should you fly through a storm or around? Navigate carefully, consult your intelligence reports and
			maps to make a decision. Choose your weapons and fuel wisely--once you're on a mission there's no going
			back.
			Select one mission or any combination. If you complete all four successfully--and make it back alive--you'll
			become the most distinguished flight veteran of World War II--the Ace of Aces!</story>
	</game>
	<game name="Alien Brigade (USA)">
		<description>Alien Brigade (USA)</description>
		<year>1990</year>
		<manufacturer>Ken Grant</manufacturer>
		<publisher>Atari Corporation</publisher>
		<score>3.5</score>
		<genre>Action;Shooter</genre>
		<players>1</players>
		<story>The Plutoid Alien Zombie force has infiltrated the Army. They look like soldiers but are actually Aliens
			from outer space.
			You control a special task force to destroy the Aliens. As you shoot away at nasty enemies, you can earn
			powerful weapons, rescue hostages and most of all, stay alive. The challenge is there--beat the Aliens or
			you'll have to join them.</story>
	</game>
	<game name="Asteroids (USA)">
		<description>Asteroids (USA)</description>
		<year>1987</year>
		<manufacturer>Atari, Inc.</manufacturer>
		<publisher>Atari Corporation</publisher>
		<score>3.8</score>
		<genre>Shooter</genre>
		<players>2</players>
		<story>Start blasting! It's your only way out of this cloud of hurtling astral bodies. Peripheral vision.
			Lightning reflexes. And cool control. That's what it takes to save your ship. And your life!

			- 8 waves of devastating asteroids.
			- For 1 or 2 players.
			- Competing player ships can appear on screen simultaneously.</story>
	</game>
	<game name="Atari 7800 Development Card (USA)">
		<description>Atari 7800 Development Card (USA)</description>
		<year>NA</year>
		<manufacturer>NA</manufacturer>
		<publisher>NA</publisher>
		<score>0</score>
		<genre>NA</genre>
		<players>NA</players>
		<story>NA</story>
	</game>
	<game name="Ballblazer (USA)">
		<description>Ballblazer (USA)</description>
		<year>1988</year>
		<manufacturer>Lucasfilm Games</manufacturer>
		<publisher>Atari</publisher>
		<score>3.2</score>
		<genre>Action;Sports</genre>
		<players>2</players>
		<story>Ballblazer is a simple one-on-one sports-style game bearing similarities to basketball and soccer. Each
			side is represented by a craft called a "rotofoil", which can be controlled by either a human player or a
			computer-controlled "droid" with ten levels of difficulty. (The game allows for human vs. human, human vs.
			droid, and droid vs. droid matches.) The basic objective of the game is to score points by either firing or
			carrying a floating ball into the opponent's goal. The game takes place on a flat, checkerboard playfield,
			and each player's half of the screen is presented in a first-person perspective.</story>
	</game>
	<game name="Barnyard Blaster (USA)">
		<description>Barnyard Blaster (USA)</description>
		<year>1988</year>
		<manufacturer>Atari</manufacturer>
		<publisher>Atari</publisher>
		<score>1.0</score>
		<genre>Action</genre>
		<players>2</players>
		<story>You and Grandpa are down on the farm. There are critters, bottles, and varmints everywhere -- in the
			barn, in the yard, and in the cornfield. Grandpa has given you an Atari light gun to help protect the farm.
			The moving targets are a challenge. Can you hit them? If not, try the veggies! They're fun to shoot at.
			In the barnyard, bottles and cans on the fence provide great practive for warming up the old shootin' iron.
			But perfect aim alone isn't enough. You'll need speed, too.
			In the cornfield, birds swoop from the sky and rabbits scamper among the stalks, Owls and other pests appear
			inside a barn. Each scene can only be reached by hitting enough targest in the scene before. Once you zero
			in on some fancy shooting scores, Gramps offers you a bonus round by tossing target bottles in the air.
		</story>
	</game>
	<game name="Basketbrawl (USA)">
		<description>Basketbrawl (USA)</description>
		<year>1990</year>
		<manufacturer>Atari</manufacturer>
		<publisher>Atari</publisher>
		<score>2.1</score>
		<genre>Sports</genre>
		<players>2</players>
		<story>Vinne and Slash are bleeding from knife wounds and the ref is out cold! No wonder the gang members
			nicknamed this game "Basketbrawl." To them, it's not a game -- it's a street fight. This premise kicks off
			Atari's action sports game for up to two players. The objective in Basketbrawl is to become the baddest gang
			in the town by winning the Basketbrawl tournament. To win, you must play three games against each of the
			five gangs in your city. Each time you move up to the next gang, you will play a team with more players and
			more dangerous weapons. Each game lasts six minutes -- out score you opponent by shooting more baskets. Each
			basket is worth two points. If the game is tied after six minutes, the first team to score wins</story>
	</game>
	<game name="Centipede (USA)">
		<description>Centipede (USA)</description>
		<year>1987</year>
		<manufacturer>Atari</manufacturer>
		<publisher>Atari</publisher>
		<score>3.9</score>
		<genre>Shooter</genre>
		<players>2</players>
		<story>A good port of the coin-op classic. The 7800 version also features competitive and cooperative 2-player
			modes.</story>
	</game>
	<game name="Choplifter! (USA)">
		<description>Choplifter! (USA)</description>
		<year>1987</year>
		<manufacturer>Dan Gorlin</manufacturer>
		<publisher>Atari</publisher>
		<score>3.0</score>
		<genre>Action</genre>
		<players>1</players>
		<story>In Choplifter, the player assumes the role of a combat helicopter pilot. The player attempts to save
			hostages being held in prisoner of war camps in territory ruled by the evil Bungeling Empire. The player
			must collect the hostages and transport them safely to the nearby friendly base, all the while fighting off
			hostile tanks and other enemy combatants.</story>
	</game>
	<game name="Commando (USA)">
		<description>Commando (USA)</description>
		<year>1989</year>
		<manufacturer>Sculptured Software</manufacturer>
		<publisher>Atari</publisher>
		<score>3.7</score>
		<genre>Shooter</genre>
		<players>2</players>
		<story>The player takes control of a soldier named Super Joe, who starts by being dropped off in a jungle by a
			helicopter, and has to fight his way out singlehandedly, fending off a massive assault of enemy soldiers.

			Super Joe is armed with a sub-machine gun (which has unlimited ammunition) as well as a limited supply of
			hand grenades. While Joe can fire his gun in any of the eight directions that he faces, his grenades can
			only be thrown vertically towards the top of the screen, irrespective of the direction Joe is facing. Unlike
			his SMG bullets, grenades can be thrown to clear obstacles, and explosions from well placed grenades can
			kill several enemies at once.</story>
	</game>
	<game name="Crack'ed (USA)">
		<description>Crack'ed (USA)</description>
		<year>1988</year>
		<manufacturer>Robert Neve</manufacturer>
		<publisher>Atari</publisher>
		<score>1.9</score>
		<genre>Shooter</genre>
		<players>1</players>
		<story>As a professional ornithologist, you're thrilled to find out that some rare South American hornbills have
			nested in your "old yolk tree." But while the hornbills are out feeding, a group of mischievous bluebirds,
			owls, and snakes begin raiding their nests and stealing eggs.

			Horrified, you get out your slingshot and begin hitting the marauding creatures. But you have to be careful.
			If you hit an egg-carrying bird, it drops the egg and you have to act fast to catch it before it hits the
			ground and return it to a nest. At the same time, you have to watch for snakes that may be sneaking up to
			nests and gobbling eggs. If you can protect the eggs long enough, you can take them to another nesting site.
			But watch out, egg-stealing creatures are everywhere!</story>
	</game>
	<game name="Crossbow (USA)">
		<description>Crossbow (USA)</description>
		<year>1988</year>
		<manufacturer>Imagineering</manufacturer>
		<publisher>Atari Corporation</publisher>
		<score>2.7</score>
		<genre>Action;Shooter</genre>
		<players>1</players>
		<story>Over scorching deserts, through dark icy caverns, around a fiery volcano, and under the leafy cover of a
			steamy jungle, you set out with three brave friends to retrieve the treasures stolen by the Evil Master.
			Your goal is his castle far, far, away.

			Your friends are lightly armed, but you carry your trusty crossbow. By shooting its swift arrows, you can
			save yourself and your companions from the dangerous attacks of the Evil Master's creatures -- scorpions,
			ants, pterodactyls, voracious plants, bats, snakes, and other horrible beings.

			When you reach the castle, the Evil Master's expert archers await you, ready to test their aim with deadly
			arrows. Inside the castle, a fierce dragon also waits, guarding the treasure with its fiery breath.

			Few adventurers have dared to make the trek. No one yet has come back alive.</story>
	</game>
	<game name="Dark Chambers (USA)">
		<description>Dark Chambers (USA)</description>
		<year>1988</year>
		<manufacturer>John Palevich</manufacturer>
		<publisher>Atari</publisher>
		<score>1.9</score>
		<genre>Action</genre>
		<players>2</players>
		<story>You're on a dangerous treasure hunt, deep in the underground world of Dark Chambers. Wraiths, wizards,
			and moldering skeletons surround you. As you move through this meandering maze, you are stalked by the grim
			reaper.

			The exits you see only take you deeper into the maze. If you find the strategically placed weapons, you can
			fend off your enemies while you search for the hidden treasure. The secret potions you find along the way
			will renew your strength. But watch out for hidden traps and deadly poisons.

			Your strength will help you outlast the weaker ghouls, but are you a match for the strongest? Enter the
			underground world of Dark Chambers and find out.</story>
	</game>
	<game name="Desert Falcon (USA)">
		<description>Desert Falcon (USA)</description>
		<year>1987</year>
		<manufacturer>Atari</manufacturer>
		<publisher>Atari</publisher>
		<score>3.0</score>
		<genre>Shooter</genre>
		<players>1</players>
		<story>You are the royal Desert Falcon questing for precious gems and Egyptian heiroglyphs hidden in the endless
			desert. Invincibility, warp speed, and quick shots are only some of the many magical powers you'll gain on
			your search. Use them to capture a trove of treasures. But watch out for the evil ones! Mythical flying
			beasts, blazing firepots, and howling sphinxes guard the jewels you seek.</story>
	</game>
	<game name="Diagnostic Test Cartrige (USA)">
		<description>Diagnostic Test Cartrige (USA)</description>
		<year>NA</year>
		<manufacturer>NA</manufacturer>
		<publisher>NA</publisher>
		<score>0</score>
		<genre>NA</genre>
		<players>NA</players>
		<story>NA</story>
	</game>
	<game name="Dig Dug (USA)">
		<description>Dig Dug (USA)</description>
		<year>1987</year>
		<manufacturer>General Computer Corporation</manufacturer>
		<publisher>Atari</publisher>
		<score>3.7</score>
		<genre>Action</genre>
		<players>2</players>
		<story>Dig Dug is a 1-2 player arcade game in which you have to use your shovel to dig your way through the
			earth. Stopping you from doing this are two monsters, called Pooka and Fygar, who will continually chase you
			around. The only weapon that you carry is an air pump, which you can use to inflate the monsters to the
			point where they explode. (if you start to inflate them but stop doing so, the monsters will get turned back
			to their normal selves.) Furthermore, rocks are scattered throughout the earth, and you can use these rocks
			to squash them. If the monsters do not find you for several seconds, they will eventually get turned into
			ghosts, which are able to walk through the earth. They are invincible and cannot be killed. From time to
			time, vegetables will appear in the center, and you can get these for points.</story>
	</game>
	<game name="Donkey Kong (USA)">
		<description>Donkey Kong (USA)</description>
		<year>1988</year>
		<manufacturer>Nintendo</manufacturer>
		<publisher>Atari</publisher>
		<score>3.2</score>
		<genre>Platform</genre>
		<players>2</players>
		<story>In Donkey Kong, Jumpman must rescue a damsel in distress, Lady, from a giant ape named Donkey Kong. The
			hero and ape later became two of Nintendo's most popular characters.

			The game is divided into four different one-screen stages. Each represents 25 meters of the structure Donkey
			Kong has climbed, one stage being 25 meters higher than the previous. The final screen occurs at 100 m.
		</story>
	</game>
	<game name="Donkey Kong Junior (USA)">
		<description>Donkey Kong Junior (USA)</description>
		<year>1988</year>
		<manufacturer>Nintendo</manufacturer>
		<publisher>Atari</publisher>
		<score>3.1</score>
		<genre>Platform</genre>
		<players>2</players>
		<story>Donkey Kong the ape is back. Only this time the vengeful Mario is holding the ape prisoner. Luckily the
			ape has a son, Donkey Kong Junior, who will try to rescue Papa.

			To free his dad, Junior must make his way through a dark and treacherous jungle. Racing against time, the
			little fellow climbs and swings across vines, while avoiding the terrible Snapjaws.

			If he reaches the keys to Papa's cage, Junior must push them to the top of chains while staying clear of
			Snapjaws and a new flock of nasty Nitpickers. But even then his mission isn't over. Once he reaches Mario's
			hideout, he must pass yet another test against time.

			The kid needs help. Don't just stand there! Help poor Junior save his father!</story>
	</game>
	<game name="Double Dragon (USA)">
		<description>Double Dragon (USA)</description>
		<year>1989</year>
		<manufacturer>Technōs Japan</manufacturer>
		<publisher>Activision</publisher>
		<score>2.7</score>
		<genre>Action;Beat 'em Up</genre>
		<players>2</players>
		<story>Twin brothers Billy and Jimmy Lee learned to fight the hard way -- for survival in the unforgiving city
			streets. Their brand of combat -- classic martial arts maneuvers mixed with anything-goes street brawling --
			has turned them into walking lethal weapons.

			Now, the Lees must summon all their fighting abilities and cunning into meeting the greatest challenge of
			their lives -- rescuing Billy's girlfriend, Marion. She's been kidnapped by the Black Warriors, the savage
			street gang led by the mysterious Shadow Boss.

			The twins pursue the Black Warriors through the city streets and its outskirts. Finally they fight their way
			into the Secret Enemy Base. There, Billy and Jimmy meet the Shadow Boss. It's a battle to the finish, with
			Marion as the prize!</story>
	</game>
	<game name="F-18 Hornet (USA)">
		<description>F-18 Hornet (USA)</description>
		<year>1988</year>
		<manufacturer>John Van Ryzin</manufacturer>
		<publisher>Absolute Entertainment</publisher>
		<score>2.0</score>
		<genre>Flight Simulator</genre>
		<players>1</players>
		<story>Attention all Naval Aviators! Report to your squadron leaders and prepare for deployment. Your tour of
			duty will take you around the world on some of the most challenging and dangerous missions of your career.
			F-18 Hornet is a carrier based adventure. Fast, solid 3-D graphics and responsive instrumentation make for
			an incredible sensation of flight. Fly missions through a variety of terrain executing aerial combat,
			emergency supply drops, strafing and bombing runs while battling hostile jets, helicopters and tanks. F-18
			Hornet features all of the action of carrier based jets including thrilling aircraft carrier take-offs and
			landings in smooth 3-D animation.</story>
	</game>
	<game name="Fatal Run (USA)">
		<description>Fatal Run (USA)</description>
		<year>1990</year>
		<manufacturer>Atari</manufacturer>
		<publisher>Atari</publisher>
		<score>2.4</score>
		<genre>Racing</genre>
		<players>1</players>
		<story>The year is 2089. A collision with a comet has left the earth reeling from radiation poisoning. There's
			little hope for humanity's survival. It's up to you to help the few people remaining.

			You must leave the protective fortress Albagon and deliver the newly developed radiation vaccine to the few
			survivors. Your journey will not be an easy one. Nefarious henchmen are waiting to knock you off and steal
			the vaccine to ensure that they will survive to rule the planet. Every driver on the road is out to get you.
			Your only hope is to get them first.

			You must find the rocket poised to launch a satellite that can nullify the effects of this cosmic accident
			that turned the world upside down. If you're sharp enough to learn and remember the secret code words and
			tough enough to live to use them, you can launch the rocket and save the world!

			Good luck! Humanity is in your hands.</story>
	</game>
	<game name="Fight Night (USA)">
		<description>Fight Night (USA)</description>
		<year>1988</year>
		<manufacturer>Accolade</manufacturer>
		<publisher>Atari</publisher>
		<score>2.3</score>
		<genre>Sports</genre>
		<players>2</players>
		<story>Strap on your boxing gloves, and step into the ring. Tonight you're going to test your prowess against
			the world's toughest fighters. To prepare for this event, you'll train in punching skills, footwork, timing,
			and sparring. Then you'll enter your fighters in championship matches and tournaments.

			As the tension mounts in the smoke-filled arena, you eye your contender warily. Be careful, and good luck.
			This could be your big night!</story>
	</game>
	<game name="Food Fight (USA)">
		<description>Food Fight (USA)</description>
		<year>1987</year>
		<manufacturer>Atari</manufacturer>
		<publisher>Atari</publisher>
		<score>3.7</score>
		<genre>Action;Shooter</genre>
		<players>2</players>
		<story>Hurry! Hurry! Step Right Up! Earn Your Just Desserts!

			Once there was a fellow named Charley Chuck. More than anything, Charley loved to eat. So when he went to
			the carnival one hot summer day, he headed straight for the Food Fight contest.</story>
	</game>
	<game name="Galaga (USA)">
		<description>Galaga (USA)</description>
		<year>1987</year>
		<manufacturer>General Computer Corporation</manufacturer>
		<publisher>Atari</publisher>
		<score>3.9</score>
		<genre>Shooter</genre>
		<players>2</players>
		<story>Galaga is a vertical arcade shooter from Namco. You control a space fighter at the bottom of the screen,
			scrolling left and right in order to avoid oncoming bombs and kamikaze attacks from alien invaders--and to
			fire your own missiles to fight back!

			There are an infinite number of stages to progress through. Every third level is a "challenge stage" in
			which you have a free chance to shoot as many aliens as possible and rack up bonus points.

			Certain aliens have tractor beams they can use to capture one of your ships. If that wasn't your last
			"life," you can try to shoot that alien down and recapture your ship, giving you two ships at once and
			doubling your firepower.

			A summary screen appears when the game is over, giving you both your final score and you final "hit
			ratio"--the number of missiles fired, enemies destroyed, and the percentage of targets hit.</story>
	</game>
	<game name="Hat Trick (USA)">
		<description>Hat Trick (USA)</description>
		<year>1987</year>
		<manufacturer>Bally Sente</manufacturer>
		<publisher>Atari</publisher>
		<score>1.6</score>
		<genre>Sports</genre>
		<players>2</players>
		<story>What a night for a hockey game! After weeks of intensive training on the ice, you're finally at the
			face-off, waiting for the starting whistle. As the puck slides across the smooth, icy surface, you take it
			at center ice, managing to break over the blue line to your opponent's right. Whoooossh. What reflexes! What
			speed!

			The spray of the ice on your face momentarily blinds you, but you continue to skate furiously, weaving
			towards the opposing goal. You can feel your challenger's hot breath on the back of your neck, as the
			distance between you grows smaller and smaller. But before he can manage to steal the puck, you swing your
			stick and whack -- it's a slapshot! The point is yours!

			Get three goals in a game, and it's a hat trick!</story>
	</game>
	<game name="Ikari Warriors (USA)">
		<description>Ikari Warriors (USA)</description>
		<year>1990</year>
		<manufacturer>Imagineering</manufacturer>
		<publisher>Atari</publisher>
		<score>3.3</score>
		<genre>Shooter</genre>
		<players>2</players>
		<story>You are a member of those elite combat specialists, the Ikari Warriors. Your buddy and you are on a
			special mission behind enemy lines, and you've been sleeping, eating, and breathing jungle combat for the
			last two weeks. You're tired, but that never affects your razor-sharp judgment and your will to survive.

			Your main weapons are machine guns, grenades, and your own cunning in the face of danger. Sometimes you'll
			have a tank at your disposal, which comes in handy when enemy fire is particularly brutal.

			You move swiftly through the jungle, wading through rivers and resting from time to time within the ruins of
			bombed-out buildings. You're running out of ammunition and grenades, but you know the battle can't last
			forever. Sooner or later, one side is going to emerge victorious. Let's just hope it's yours!</story>
	</game>
	<game name="Impossible Mission (USA)">
		<description>Impossible Mission (USA)</description>
		<year>1986</year>
		<manufacturer>Epyx, Inc.</manufacturer>
		<publisher>Atari Corporation</publisher>
		<score>1.8</score>
		<genre>Action;Platform;Puzzle</genre>
		<players>1</players>
		<story>Impossible Mission has the user play a secret agent - attempting to stop an evil genius. Professor Elvin
			Atombender is believed to be tampering with national security computers. The player must penetrate
			Atombender's stronghold, racing against the clock to search the installation for pieces which form a
			password, all the while avoiding his deadly robots. Once in possession of all the password pieces, the
			player must correctly assemble the password pieces together and use the completed password in the main
			control room door - where the evil professor is hiding. One finds password pieces by searching furniture in
			the rooms. When searching, one can also find "Lift Resets" and "Snoozes." They are used at computer
			terminals. The former will reset all moveable platforms, the latter will freeze all enemies in the room for
			a limited time. There are also two special rooms where additional lift resets and snoozes can be awarded for
			completing a musical puzzle.</story>
	</game>
	<game name="Jinks (USA)">
		<description>Jinks (USA)</description>
		<year>1989</year>
		<manufacturer>Softgold</manufacturer>
		<publisher>Atari</publisher>
		<score>1.2</score>
		<genre>Puzzle</genre>
		<players>1</players>
		<story>You are about to embark on one of the most dangerous missions of your career. As a renowned Star Fleet
			pilot, you have been selected to command an exploration party in a journey across the galaxy to investigate
			the mysterious planet JINKS. An enigma for centuries, JINKS is a lush, resource-rich world, and could be the
			key to the desperate need for human expansion in space. It is apparently capable of supporting life, yet it
			is curiously uninhabited--or is it?
			A routine research mission goes haywire when scouting your probe across the planet's surface leads you and
			your crew into a deadly game of cat and mouse. Can you escape from these fiendishly clever traps before your
			probe and its occupants are miniaturized or annihilated?</story>
	</game>
	<game name="Joust (USA)">
		<description>Joust (USA)</description>
		<year>1987</year>
		<manufacturer>Williams</manufacturer>
		<publisher>Atari</publisher>
		<score>4.1</score>
		<genre>Action;Platform</genre>
		<players>2</players>
		<story>In Joust, players take control of a knight with a lance who rides their flying ostrich (or stork, for
			Player 2) to do battle against computer-controlled evil knights who ride atop vultures.

			Players must flap their steed's wings to hit the enemy from a higher jousting point to destroy the vulture
			and its rider. Once the enemy has been hit, an egg falls to one of the platforms below. The heroic knights
			must destroy the eggs before they hatch and release new and increasingly more difficult knights. The three
			strengths of enemy knights are Bounder (red knight), Hunter (white knight), and Shadow Lord (blue knight).
			These enemy knights are not the only challenge to be found in the game. Players must also contend with
			crumbling platforms, lava trolls who attempt to pull knights into the fire, and the dreaded "unbeatable"(?)
			pterodactyl.</story>
	</game>
	<game name="Karateka (USA)">
		<description>Karateka (USA)</description>
		<year>1984</year>
		<manufacturer>Jordan Mechner</manufacturer>
		<publisher>Brøderbund Software, Inc.</publisher>
		<score>1.9</score>
		<genre>Fighting</genre>
		<players>1</players>
		<story>The game begins with an impressive graphic of the fortress of the evil Akuma. Akuma is holding the lovely
			Princess Mariko. The player must defeat the guards of the castle as well as Akuma's eagle and must
			eventually face Akuma himself in order to rescue the princess.</story>
	</game>
	<game name="Kung-Fu Master (USA)">
		<description>Kung-Fu Master (USA)</description>
		<year>1989</year>
		<manufacturer>Imagineering</manufacturer>
		<publisher>Absolute Entertainment</publisher>
		<score>1.2</score>
		<genre>Beat 'em Up</genre>
		<players>2</players>
		<story>The gorgeous Princess Victoria is imprisoned in the Evil Wizard's Temple. As Kung-Fu Master, you must
			free her. Unfortunately, the Temple's five tortuous levels are seething with menacing foes.

			Smash your way through one level and start the next with a renewed energy meter and timer. Once you free
			your Princess, it's back to the beginning where your foes return faster and nastier.</story>
	</game>
	<game name="Mario Bros. (USA)">
		<description>Mario Bros. (USA)</description>
		<year>1988</year>
		<manufacturer>Nintendo</manufacturer>
		<publisher>Atari</publisher>
		<score>3.8</score>
		<genre>Platform</genre>
		<players>2</players>
		<story>Mario the plumber and his brother Luigi are hopping mad! The water pipes in
			their house are blocked with pesky crawling creatures. If the two brothers
			can't get rid of them, they'll never take a bath again!</story>
	</game>
	<game name="Mat Mania Challenge (USA)">
		<description>Mat Mania Challenge (USA)</description>
		<year>1990</year>
		<manufacturer>Atari</manufacturer>
		<publisher>Atari</publisher>
		<score>1.5</score>
		<genre>Sports</genre>
		<players>2</players>
		<story>Wouldn't you know it, you drew Bruno the Sledge, five time champion and all-around bad guy, as your first
			opponent in your quest for that elusive Atari Wrestling Federation championship belt. Ever since he lost his
			title to Eric the Flaxen Saxon, Bruno's been terrorizing the AWF circuit.
			Bruno the Sledge glares at you with his one remaining eye. When the bell rings, he charges like a man
			insane. Just before the impact of his 386-pound body, you step aside and raise your elbow.
			Perfect elbow smash! Bruno falls to the mat. You get him in a head lock, but his shaved head slips free.
			Then you see it. The famous Bruno the Sledge "Eye of Terror," the look of death. You're in trouble now!
			Mat Mania Challenge provides all the thrills and spills of professional wrestling. Do you have what it takes
			to survive brain busters and pile drivers? If you have the skills, the championship belt will be yours!
		</story>
	</game>
	<game name="Mean 18 Ultimate Golf (USA)">
		<description>Mean 18 Ultimate Golf (USA)</description>
		<year>1989</year>
		<manufacturer>Accolade</manufacturer>
		<publisher>Atari</publisher>
		<score>2.2</score>
		<genre>Sports</genre>
		<players>2</players>
		<story>This is it! A hush falls over the California countryside as you stand on the eighteenth hole of Pebble
			Beach. You’re five long feet from the hole and you have a one-stroke lead in the biggest tournament of your
			life. Your caddy hands you your lucky putter. You line up your shot, and swing. The ball rolls slowly toward
			the hole. There’s a tense moment as it almost rings the cup. finally, the ball falls in. You retain your
			title!</story>
	</game>
	<game name="Meltdown (USA)">
		<description>Meltdown (USA)</description>
		<year>1990</year>
		<manufacturer>Atari</manufacturer>
		<publisher>Atari</publisher>
		<score>0.7</score>
		<genre>Action</genre>
		<players>1</players>
		<story>Don’t panic! A gang of international terrorists has systematically set about destroying the world. They
			have sabotaged a number of nuclear reactors by unleashing a deadly string of ‘sparkx’ that will break down
			the protective control rods and make their way into the very core of each reactor. If the sparkx reach the
			core, the end result will be a dreaded meltdown. It the terrorists are successful in their hideous plot, we
			can kiss this world goodbye!

			Only you stand between life as we know it and total annihilation. You are armed with a specially engineered
			sparkx-destroying gun, a blueprint of each reactor, your wits, and your desire to save the world. Get
			moving. There’s no time to lose!</story>
	</game>
	<game name="Midnight Mutants (USA)">
		<description>Midnight Mutants (USA)</description>
		<year>1990</year>
		<manufacturer>Atari</manufacturer>
		<publisher>Atari</publisher>
		<score>2.3</score>
		<genre>Action;Adventure</genre>
		<players>1</players>
		<story>Midnight Mutants is a single-player game in which you must collect weapons and magical items in order to
			protect yourself and arm yourself against the forces of evil. You’re the only one who can stop Dr. Evil and
			save Grampa.</story>
	</game>
	<game name="Motor Psycho (USA)">
		<description>Motor Psycho (USA)</description>
		<year>1990</year>
		<manufacturer>BlueSky Software</manufacturer>
		<publisher>Atari</publisher>
		<score>2.9</score>
		<genre>Racing</genre>
		<players>1</players>
		<story>You finished it at last! And now you are going crazy waiting to test your sleek, hot, fast customized
			bike. It absorbs your every waking moment, you dream about it every night. It has become an obsession. And
			you know just the place to try it out.

			The annual MotorPsycho Competition (for deranged, psychopathic, and other unusual biker types) is this
			weekend! Its obstacle-laden course is legendary among motorcycle maniacs. Of course, nobody in their right
			mind would attempt this course. The die-hard spectators remind you that fan is short for fanatic. They've
			staked out their favorite spots to view the races, and they are waiting for the roar of revving engines, the
			squeal of tires, the crunch of metal...

			It's you against the clock and your bike is built for speed. All you need to do is point it in the right
			direction and go for it!

			Four different tracks will separate the veterans from the rookies. (Or the schizophrenics from the
			psychotics.) Weekend amateurs will eat your dust, but you've got some pretty insane competition from your
			fellow, uh, pros. Some of these guys look hungry for the sweet taste of victory, but some of them look
			hungry for the taste of raw meat!

			So rev 'er up and let 'er rip! The winner's circle (or the guy with the clean white coat) awaits.</story>
	</game>
	<game name="Ms. Pac-Man (USA)">
		<description>Ms. Pac-Man (USA)</description>
		<year>1987</year>
		<manufacturer>Namco</manufacturer>
		<publisher>Atari</publisher>
		<score>3.4</score>
		<genre>Platform</genre>
		<players>2</players>
		<story>Dots. Energy pills. Fruit. Pretzels. They're all part of Ms. Pac-Man's fast-gobbling diet.
			She'll even gobble ghosts. But only when they're blue. Otherwise the ghosts will get her. And you!</story>
	</game>
	<game name="Ninja Golf (USA)">
		<description>Ninja Golf (USA)</description>
		<year>1989</year>
		<manufacturer>BlueSky Software</manufacturer>
		<publisher>Atari</publisher>
		<score>3.8</score>
		<genre>Action;Sports;Beat 'em Up</genre>
		<players>1</players>
		<story>For ten years you've trained to be a Ninja. And now your Master tells you that it's time to take the
			final, most difficult test and become a Master Ninja. You must complete the game of death. You must play
			nine holes of... Ninja Golf?

			You knew your Master was a bit weird, but nothing prepared you for this! You must attempt to sneak in a
			birdie between karate kicks while you battle Ninja opponents. Par for this course means leaving the green
			littered with fallen foes.

			You gain points for both your golf game and defeating attacking Ninja. You can also earn points for finding
			treasures and other bonus items along the course.

			Once you've completed all nine holes successfully, be ready to challenge the disguised Master Ninja. This
			final battle will determine whether or not you become a Master Ninja. And if you win, it will improve your
			golf score.</story>
	</game>
	<game name="One-on-One Basketball (USA)">
		<description>One-on-One Basketball (USA)</description>
		<year>1987</year>
		<manufacturer>Atari</manufacturer>
		<publisher>Electronic Arts</publisher>
		<score>2.3</score>
		<genre>Sports</genre>
		<players>2</players>
		<story>You're out on a dream court for a hot game of One-on-One. You're the Bird. Or you're Dr. J. And that's
			the last decision you'll have much time to make. You can play against the computer of challenge a friend.
			Your capabilities -- and your opponent's -- will be just like those of All-Stars Larry Bird and Julius (Dr.
			J) Erving. The computer knows their shooting percentages (guarded and unguarded) and their pet shots. Your
			scoring ability will depend on your timing, how effectively you're being guarded, and where you're shooting
			from. Like the game of basketball itself, One-on-One rewards you for playing with your head as well as your
			hands. Master the joystick moves, sharpen your timing, hone your reflexes until you can handle the Pro
			level... and don't let the other guy out-think you.</story>
	</game>
	<game name="Pete Rose Baseball (USA)">
		<description>Pete Rose Baseball (USA)</description>
		<year>1989</year>
		<manufacturer>Robert Curtiss</manufacturer>
		<publisher>Absolute Entertainment</publisher>
		<score>2</score>
		<genre>Sports</genre>
		<players>2</players>
		<story>It's the last game of the World Series. You're in the 9th innings. Bases loaded. One out. And your up to
			bat.

			What do you do? Swing away? Wait for a walk? Go for the fences? It's all up to you, just like in real pro
			ball.

			Sure, we'll give you the options. And some tips. Like in pitching. Batting. And Fielding. But, it's you call
			.

			There are 6 full-color, live action screens - just like the ones you see on TV! The pitching/battting
			screen, left infield, right infield, leftfield, centerfield and rightfield.

			So, start warming up. Step up to the plate. And take your best swing at winning
			the series!

			Originally designed by Alex DeMeo, the 7800 version was programmed by Robert Curtiss.</story>
	</game>
	<game name="Planet Smashers (USA)">
		<description>Planet Smashers (USA)</description>
		<year>1989</year>
		<manufacturer>James V. Zalewski</manufacturer>
		<publisher>Atari</publisher>
		<score>1.8</score>
		<genre>Action;Flight Simulator</genre>
		<players>2</players>
		<story>Planet Smashers finally delivered an original 2D Shooter to the Pro System late in its life. Your
			spaceship, which oddly looks like an airplane, has the grave task of defending Earth from an alien armada.
			Planet Smashers has some nice features like level warp codes, laser upgrades, cloaking devices, and
			interesting bosses. You even have the burden of defending Earth's shield from asteroids and alien ships. The
			back of the box boasts, "awesome sound effects", but the main laser noise is mind-numbingly irritating.
			After you defeat the game, you are treated to a text ending commanding you to play Alien Brigade, which
			makes little sense since you just defeated the alien mothership.</story>
	</game>
	<game name="Pole Position II (USA)">
		<description>Pole Position II (USA)</description>
		<year>1987</year>
		<manufacturer>Namco</manufacturer>
		<publisher>Atari</publisher>
		<score>3.5</score>
		<genre>Racing</genre>
		<players>1</players>
		<story>Are you good enough to race with the best? Do you have the nerve and skill to be a professional race car
			driver? You are about to find out! Behind the wheel of your sleek Formula I race car you will pit yourself
			against the clock and the world's top racers to win the Pole Position II, the number one starting spot.
			To enter the Grand Prix itself, you'll have to race at hair-raising speeds to complete the Qualifying Lap in
			73 seconds or less. Then choose from four courses, ranging from the relatively innocuous Test course to the
			perilous Suzuka track.
			Test your racing skills as you tear around treacherous curves, maneuver your way out of dangerous skids, and
			veer around hazardous obstacles. Go flat out to beat the track record and you'll be the Grand Prix winner!
		</story>
	</game>
	<game name="Rampage (USA)">
		<description>Rampage (USA)</description>
		<year>1989</year>
		<manufacturer>Bally Midway</manufacturer>
		<publisher>Activision</publisher>
		<score>2.9</score>
		<genre>Action</genre>
		<players>2</players>
		<story>Based on the 1985 Bally Midway coin-op, the 7800 was produced by Activision and distributed by
			Mediagenic. This is a movie-monster game in which you control the beasts and destroy the city.</story>
	</game>
	<game name="RealSports Baseball (USA)">
		<description>RealSports Baseball (USA)</description>
		<year>1988</year>
		<manufacturer>Atari</manufacturer>
		<publisher>Atari</publisher>
		<score>2.1</score>
		<genre>Sports</genre>
		<players>2</players>
		<story>You smell the freshly cut grass as you walk out of the dark, cool tunnel into the hot afternoon sun. You
			hear the crack of leather on wood as the team's power hitter takes batting practice. Today's the day --
			you're starting in the big leagues. After warming up in the bullpen, you're ready to take the mound. You get
			a few last-minute instructions from the pitching coach, and then it's time. Slowly you walk to the center of
			the diamond. The batter steps in, and you're ready to play ball!</story>
	</game>
	<game name="Robotron - 2084 (USA)">
		<description>Robotron - 2084 (USA)</description>
		<year>1986</year>
		<manufacturer>Williams Electronics</manufacturer>
		<publisher>Atari</publisher>
		<score>3.7</score>
		<genre>Shooter</genre>
		<players>2</players>
		<story>At first it was a technological breakthrough. Humans created the Robotrons -- a species of robots so
			advanced they didn't need their inventors in order to think and act. But the Robotrons have turned on their
			creators! They're now determined to destroy humanity -- or reprogram the survivors, turning them into
			destructive mutants!</story>
	</game>
	<game name="Scrapyard Dog (USA)">
		<description>Scrapyard Dog (USA)</description>
		<year>1990</year>
		<manufacturer>BlueSky Software</manufacturer>
		<publisher>Atari</publisher>
		<score>2.6</score>
		<genre>Action;Platform</genre>
		<players>1</players>
		<story>Louie, the junkyard guy, was just settling down to his regular Sunday afternoon lunch: a foot long
			head-cheese sandwich with tons of mustard, six garlic pickles, a two-pound bag of potato chips and a diet
			soft drink. (The diet soft drink was because Louie was watching his weight -- nobody likes a fat junkyard
			guy.) The phone rang and Louie picked it up, even though his mouth was full. He listened a few moments, and
			then sprayed crumbs of bread and head cheese all over the office. A dastardly dognapper gang kidnapped his
			best pal Scraps, the infamous Scrapyard Dog! If Louie doesn't hand over the deed to the junkyard, Scraps is
			dog-gone!

			Louie played along, and told the kidnappers he would bring the deed to the first checkpoint to receive
			further instructions. But it's un-American to knuckle under to kidnappers and terrorists, and Louie won't do
			it! He's going to go to the checkpoint and find out the location of the gang's headquarters, then he's going
			to rescue Scraps and rid the town of the puppy purloiners.

			With a few useful items for weapons (mostly old cans), Louie sets out to save his buddy Scraps. Can Louie
			save his cruelly captured canine, or will little Scraps end up dog meat? Find out, and help Louie save his
			Scrapyard Dog!</story>
	</game>
	<game name="Sentinel (Europe)">
		<description>Sentinel (Europe)</description>
		<year>1991</year>
		<manufacturer>Atari</manufacturer>
		<publisher>Atari</publisher>
		<score>1</score>
		<genre>Action;Shooter</genre>
		<players>2</players>
		<story>You're a scientist, and your invention, a pulsating, glowing orb called the Sentinel, absorbs and stores
			energy from a variety of sources. Now Earth is threatened by deadly aliens and you must use your creation to
			save the planet. The Sentinel absorbs energy from every power pod or energy capsule you shoot with your
			Atari light gun. When an energy source is hit, a beam blasts out from the Sentinel, strikes the target with
			hissing force, and draws energy back into your Sentinel. It's up to you to protect the Sentinel as it glides
			over the planets.

			This was the only game for the 7800 that was originally released in PAL format only. Thanks to ResQsoft, an
			NTSC version is also available for gamers in the Western Hemisphere. Sentinel is a light gun game that is
			similar to Crossbow in the aspect that you are in charge of protecting your ally, in this case the Sentinel,
			from attack. The game features four stages, each which its own name and level boss. What makes the game
			unique is that shooting the large orange Sentinel acts as a smart bomb, destroying everything on the screen.
			While Sentinel is a very hard title to find in the wild in the Americas, this game is pretty common in
			Europe and can normally be purchased through online auctions at a reasonable price.</story>
	</game>
	<game name="Summer Games (USA)">
		<description>Summer Games (USA)</description>
		<year>1987</year>
		<manufacturer>Epyx</manufacturer>
		<publisher>Atari</publisher>
		<score>2.3</score>
		<genre>Sports</genre>
		<players>4</players>
		<story>Experience the power, the glory, the thrill and the challenge of the world's greatest athletic
			competition: the SUMMER GAMES!

			The awe-inspiring OPENING CEREMONY focuses on 3,000 years of noble tradition as you proudly look on, ready
			to give your very best to honor your country.

			This is the moment you've worked and trained so long to achieve, to test your skill under pressure against
			the best of the world's athletes. You will try to excel in a whole spectrum of sports events - in track and
			field, swimming and diving, gymnastics, and skeet shooting.

			Boldness. Skill. Strategy. Determination. The marks of the true champion. If you are victorious, you'll
			receive the champion's prize - the coveted GOLD MEDAL - before the cheering multitude. Your triumph might
			even go down in history as the greatest personal performance ever!

			Seize the moment! Prepare for the ultimate challenge! Taste the fruits of hard labor. Give it your best and
			GO FOR THE GOLD!</story>
	</game>
	<game name="Super Huey UH-IX (USA)">
		<description>Super Huey UH-IX (USA)</description>
		<year>1988</year>
		<manufacturer>Cosmi Corporation</manufacturer>
		<publisher>Atari</publisher>
		<score>1.5</score>
		<genre>Flight Simulator</genre>
		<players>1</players>
		<story>A port of the 1985 Cosmi home computer game, Atari released this for the 7800 in 1988. This is a decent
			helicopter combat game, in which you pilot a Super Huey UH-IX.</story>
	</game>
	<game name="Super Skateboardin' (USA)">
		<description>Super Skateboardin' (USA)</description>
		<year>1988</year>
		<manufacturer>Absolute Entertainment</manufacturer>
		<publisher>Absolute Entertainment</publisher>
		<score>1.6</score>
		<genre>Racing</genre>
		<players>1</players>
		<story>Your Dad got you an after-school job at the factory where he works. You need the money 'cuz being the
			most radical boarder around means you've got heavy expenses.

			The job is a skateboarder's dream come true. Miles of halls and tubes to perfect your moves. Just cruise
			through and turn off all the machines and lights in the factory. Hurry up 'cuz power is leaking out fast!

			Naturally, there's a catch. You get paid depending on how much power you save. And you've got to be out of
			the factory by 5:15 pm today. One second more and you'll never make the deadline for entering the
			Skateboarding Championship.</story>
	</game>
	<game name="Tank Command (USA)">
		<description>Tank Command (USA)</description>
		<year>1988</year>
		<manufacturer>Froggo Games Corporation</manufacturer>
		<publisher>Froggo Games Corporation</publisher>
		<score>1.7</score>
		<genre>Shooter</genre>
		<players>1</players>
		<story>Tank Command is a vertically scrolling action game. You control a tank on a mission to capture the enemy
			flag as well as earn as many points as possible. To do this, you will need to blast your way through their
			defenses on three levels of increasing difficulty. Blocking your progress are enemy tanks, pillboxes,
			missiles, jeeps, infantry, huts, and more, all of which earn you points when destroyed. Your tank is
			equipped with a limited amount of fuel and ammo, however it can be replenished occasionally by collecting
			the bonus icons when they appear on the screen. If you can make it past all of the obstacles and capture the
			flag, then you win the game!</story>
	</game>
	<game name="Title Match Pro Wrestling (USA)">
		<description>Title Match Pro Wrestling (USA)</description>
		<year>1989</year>
		<manufacturer>Alec DeMeo</manufacturer>
		<publisher>Absolute Entertainment</publisher>
		<score>1.5</score>
		<genre>Fighting</genre>
		<players>2</players>
		<story>The screams of the crowd shake the arena as the Title Belt contenders circle one another. Mad Dog makes
			the first move smashing his fists into Skin Head's chest who gasps for air, then retaliates with a shin
			cracking kick.

			Mad Dog growls and grabbing from behind drags Skin Head across the ring whipping him around in an airplane
			spin; letting go so he flies into the ropes and bounces back to meet Mad Dog's concrete forearm across his
			neck...a perfectly executed clothesline.

			Wasting no time Mad Dog elbow drops him. Skin Head's face winces in pain as he fights his way up and
			staggers to his corner to tag his partner in.

			Big Chief takes the tag, grabs Mad Dog lifting him over his head and body slams him into the mat. Mad Dog's
			stunned, he's not getting up. Big Chief, looking for the pin, climbs the ropes for a dive.

			As he lunges into the air, Mad Dog scrambles to his feet and Big Chief's
			sweaty red skinned body splatters on the empty mat.</story>
	</game>
	<game name="Tomcat - The F-14 Fighter Simulator (USA)">
		<description>Tomcat - The F-14 Fighter Simulator (USA)</description>
		<year>1989</year>
		<manufacturer>Dan Kitchen</manufacturer>
		<publisher>Absolute Entertainment</publisher>
		<score>1.6</score>
		<genre>Action;Flight Simulator</genre>
		<players>1</players>
		<story>Become a F-14 Naval Aviator undergoing seek and destroy missions while dodging and gunning enemy bogeys
			in deadly dogfights with your 20mm cannon and air-to-air missiles.

			Your cockpit comes with state of the art technology, courtesy of the U.S. Air Force: Display and main
			computer, Bogey Alert Indicator, G-Force Indicator, Electronic Counter Measures, and a Cannon Overheat
			Indicator (yes, it can overheat!)...and if your feeling up to it, give the ol'bird a boost to Mach 1.0!

			The gameplay like other simulation games consists of taking off, flying, combat and landing. Though most of
			the gameplay focuses around dogfighting with enemy bogeys (dodging missiles). In addition to that, there are
			also night-flying missions that add difficulty due to limited vision.

			Taking off and landing however, also requires additional skill as your doing it on the USS Enterprise (No
			relation to Star Trek), not on your standard airstrip. Pay attention to the F.D. officer as your preparing
			to take off (since he's the boss when it comes to this stuff...and try not to run over him...yet).

			Your weaponry consists of a M 61 Machine Gun and 3 different AIM Missiles (AIM 7, 9, 54) each packed with 15
			missiles (that's a lot of missiles!).

			After each mission you will receive a Mission Rating which is based on your flying skill, number of bogey
			kill and number of weapons fired.</story>
	</game>
	<game name="Touchdown Football (USA)">
		<description>Touchdown Football (USA)</description>
		<year>1988</year>
		<manufacturer>Electronic Arts</manufacturer>
		<publisher>Atari</publisher>
		<score>1.7</score>
		<genre>Sports</genre>
		<players>2</players>
		<story>It's fourth and long with less than a minute remaining in the game. The winner gets a wild card berth in
			the playoffs. You're down by a field goal. Your quarterback makes a perfect pass, your receiver is wide
			open, and then you see the referee's arms fly up signaling the touchdown. You're going to the playoffs.
		</story>
	</game>
	<game name="Tower Toppler (USA)">
		<description>Tower Toppler (USA)</description>
		<year>1988</year>
		<manufacturer>Atari, Inc.</manufacturer>
		<publisher>Atari, Inc.</publisher>
		<score>3.4</score>
		<genre>Platform</genre>
		<players>2</players>
		<story>A serious problem is blocking attempts to colonize the otherwise life-compatible planet Nebulus: it's
			water is poisonous! The only way to return the water to its harmless, natural form is to destroy the eight
			enormous towers that maintain a mysterious, lethal hold over all forms of this valuable resource.
			Spurred to action by the needs of your dangerously overpopulated home planet, you must attempt to conquer
			these alien-forsaken relics once and for all. But it won't be easy! You'll have to climb each tower all the
			way to the top in order to detonate its vulnerable spot. And, succeeding towers are more difficult to
			topple!
			You'll need all your wits about you to avoid huge, crushing boulders, giant eyes, and indestructible mutant
			molecules! And watch out for those slippery stairs and disintegrating ledges. One false step and you'll
			plummet to the depths below!</story>
	</game>
	<game name="Water Ski (USA)">
		<description>Water Ski (USA)</description>
		<year>1988</year>
		<manufacturer>Froggo Games Corporation</manufacturer>
		<publisher>Froggo Games Corporation</publisher>
		<score>1.4</score>
		<genre>Sports</genre>
		<players>1</players>
		<story>In Water Ski you are water skiing on the Pharonna River. You control both the boat and skier in this
			vertically scrolling action game. Your goal is to reach the finish line before time runs out and also to
			earn as many points as possible. The river is quite dangerous, and features many twists and turns along with
			rocks, logs and other obstacles. For bonus points there are numerous ramps located throughout the river
			which your skier can jump over (and if you can manage to ski over every ramp on the level, you'll earn even
			more points!). You start the game with four skiers, and the game ends when all of you skiers have crashed.
		</story>
	</game>
	<game name="Winter Games (USA)">
		<description>Winter Games (USA)</description>
		<year>1987</year>
		<manufacturer>Epyx</manufacturer>
		<publisher>Atari</publisher>
		<score>2.4</score>
		<genre>Sports</genre>
		<players>4</players>
		<story>You're an athlete at the 1988 Winter Games at Calgary, Alberta, Canada. You're about to move across snow
			and ice with as much speed, strength, endurance and grace as you can muster in the blustery cold.

			This is the winter portion of the world's foremost amateur sports competition. You'll match your skills
			against the top athletes.

			Be proud. Today you stand among the elite few whose courage and stamina will be tested by these Winter
			Games. Listen. A fanfare of trumpets sound as thousands of white doves are releases, symbolically to fly to
			the countries of the world with the message of peace -- and the news that the Winter Games have begun. This
			is it -- your chance to go for the gold!</story>
	</game>
	<game name="Xenophobe (USA)">
		<description>Xenophobe (USA)</description>
		<year>1989</year>
		<manufacturer>Bally Midway</manufacturer>
		<publisher>Atari</publisher>
		<score>2.8</score>
		<genre>Platform</genre>
		<players>2</players>
		<story>Hostile aliens - Xenophobes - are infesting space stations vital to your planet's security. These aliens
			threaten to overrun the stations, rendering the space stations useless.

			You are part of an elite team who is ready to speed to these endangered space stations. Your mission is
			clear: destroy the aliens, regain control of the space stations, and pick up any valuable hardware you might
			discover as you sweep the stations for aliens.

			The aliens are a swarming band of uglies, straight out of your worst nightmare. You'll need to use your
			talent just to stay alive as you rid each space station of these pests. You don't want to let them catch
			you. It's them or you.

			The message has come. It's up to you and your teammates to cleanse each space station of aliens. Your Mother
			Ship brings you to the vicinity of each overrun space station. You then enter the space station via a
			transfer disk.

			Team up with another member of your elite squad, or work on your own to clear the aliens from an infested
			space station. Just be careful as you enter a space station. The aliens are everywhere!</story>
	</game>
	<game name="Xevious (USA)">
		<description>Xevious (USA)</description>
		<year>1988</year>
		<manufacturer>Namco</manufacturer>
		<publisher>Atari</publisher>
		<score>3.7</score>
		<genre>Shooter</genre>
		<players>2</players>
		<story>It's a nightmare, but it's true! Research shows that we are the actual aliens on Earth, and the ruthless
			Xevions are the original inhabitants.

			Now the Xevions want Earth back -- minus humans! Their invasion forces are fierce -- the land is crawling
			with deadly Domogram Rovers; the sky is black with Toroid Patrol Fleets and Zoshi Death Squads.

			Our puny weapons offer no defense. Earth's only hope is our powerful new Solvalou Fighter Plane. Its pilot
			will have a single mission: Penetrate the enemy ranks and destroy the Xevious Mother Ship.

			The mission is dangerous. We can't guarantee success. But at this point, it's do or die!

			One small problem. We still need a pilot. Any volunteers?</story>
	</game>
</menu>