<?xml version="1.0"?>
<menu>
	<header>
		<listname>Sega Model 3</listname>
		<lastlistupdate>25/09/2022</lastlistupdate>
		<listversion>0.2</listversion>
		<exporterversion>Created by STAiNLESS for CORE Type R</exporterversion>
	</header>
	<game name="bass">
		<description>Sega Bass Fishing</description>
		<year>1997</year>
		<manufacturer>Sega AM1</manufacturer>
		<publisher>Sega</publisher>
		<score>3.3</score>
		<genre>Sports</genre>
		<players>1</players>
		<story>Bass Fishing is an arcade fishing game where players attempt hook and reel in fish with different lures.
			Consisting of four stages at different times of the day, the player is expected to catch a certain weight of
			fish within a time limit before moving onto the next stage. The final stage allows only for one fish to be
			captured, but are among the largest in the game and most difficult to catch. Fish are measured under four
			weight classes: Small One, Average, Big One, and Huge.</story>
	</game>
	<game name="bassdx" index="true" image="b">
		<description>Sega Bass Fishing</description>
		<cloneof></cloneof>
		<crc></crc>
		<manufacturer>Sega</manufacturer>
		<score>3.5</score>
		<year>1997</year>
		<genre>Sports</genre>
		<rating>Other - NR (Not Rated)</rating>
		<players>1</players>
		<enabled>Yes</enabled>
	</game>
	<game name="dayto2pe">
		<description>Daytona USA 2: Power Edition</description>
		<year>1998</year>
		<manufacturer>Sega AM2</manufacturer>
		<publisher>Sega</publisher>
		<score>4.1</score>
		<genre>Racing</genre>
		<players>2</players>
		<story>In late 1998, a few months after the release of Battle on the Edge, Sega released an updated version,
			known as Daytona USA 2: Power Edition. Changes in this game include the environment of the beginner course;
			the dome and natural scenery that encircle the track in the regular release are removed and is changed to a
			"NASCAR Oval" look however, the course layout remains the same. Also included is the "Challenge" course
			option, which combines the three courses altogether. Along with slightly revamped handling physics, the
			beginner car's livery is altered. Added to Power Edition is the Hornet Classic car, the player car from
			Daytona USA with an altered design. The opponent cars' AI is also more aggressive in this version, with
			another change being to one corner in the advanced course to balance out the difficulty. Before this change,
			many experts considered this corner the most difficult in the game</story>
	</game>
	<game name="daytona2">
		<description>Daytona USA 2</description>
		<year>1998</year>
		<manufacturer>Sega AM2</manufacturer>
		<publisher>Sega</publisher>
		<score>4.3</score>
		<genre>Racing</genre>
		<players>16</players>
		<story>Daytona USA 2: Battle on the Edge is an arcade racing game released by Sega in 1998 as a follow-up to the
			extremely successful Daytona USA. The game featured vastly superior graphics, utilizing the Sega Model 3
			hardware. The majority of Daytona USA 2 cabinets were released as deluxe models (with far fewer Twin
			Cabinets), which could be linked together for up to 16 players using network multiplayer mode. A notable
			change from the original is the ability to select a car and corresponding driver, each with varying
			capabilities for varying levels of player experience. Just like before, the game has three courses – a
			Beginner course with 8 laps, an Advanced course with 4 laps, and a long Expert course with 2 laps. The 'time
			lap' mode also returns, and is accessed in the same manner – by holding down start at the transmission
			select screen. Like the original game, mirrored versions of the tracks can also be played by holding down
			the Start button when selecting the course. It is recommended, however, that the player has had mastery of
			the course beforehand. By request, an arcade operator could put the game on Grand Prix or Endurance mode to
			increase the number of laps in a game. Finishing a race in the top 3 in any course allows the player to view
			an "ending" and see the game credits.</story>
	</game>
	<game name="dirtdvls">
		<description>Dirt Devils</description>
		<year>1998</year>
		<manufacturer>Sega AM3 R&amp;D Division</manufacturer>
		<publisher>Sega</publisher>
		<score>4.3</score>
		<genre>Racing</genre>
		<players>2</players>
		<story>Get behind the wheel of one of five super cars and experience the feel and strategy or real dirt racing.
			Hold on tight as you slide your super-charged off-road vehicle through unbelievably sharp turns, bottom-out
			in huge potholes, fly through dual level intersections, navigate through watery swamps, and attempt driving
			at night with only your headlights to guide you. A rear view mirror and on-board radar screen help you keep
			track of your competition, as you race for glory, on one of the 3 heart pounding courses. All this, while
			smashing into your opponents car(s) and collection valuable points, as you pass all the checkpoints in the
			allotted time.</story>
	</game>
	<game name="dirtdvlsa">
		<description>Dirt Devils</description>
		<year>1998</year>
		<manufacturer>Sega AM3 R&amp;D Division</manufacturer>
		<publisher>Sega</publisher>
		<score>4.3</score>
		<genre>Racing</genre>
		<players>2</players>
		<story>Get behind the wheel of one of five super cars and experience the feel and strategy or real dirt racing.
			Hold on tight as you slide your super-charged off-road vehicle through unbelievably sharp turns, bottom-out
			in huge potholes, fly through dual level intersections, navigate through watery swamps, and attempt driving
			at night with only your headlights to guide you. A rear view mirror and on-board radar screen help you keep
			track of your competition, as you race for glory, on one of the 3 heart pounding courses. All this, while
			smashing into your opponents car(s) and collection valuable points, as you pass all the checkpoints in the
			allotted time.</story>
	</game>
	<game name="dirtdvlsg">
		<description>NA</description>
		<year>NA</year>
		<manufacturer>NA</manufacturer>
		<publisher>NA</publisher>
		<score>NA</score>
		<genre>NA</genre>
		<players>NA</players>
		<story>NA</story>
	</game>
	<game name="dirtdvlsj">
		<description>NA</description>
		<year>NA</year>
		<manufacturer>NA</manufacturer>
		<publisher>NA</publisher>
		<score>NA</score>
		<genre>NA</genre>
		<players>NA</players>
		<story>NA</story>
	</game>
	<game name="eca">
		<description>Emergency Call Ambulance</description>
		<year>1999</year>
		<manufacturer>Sega AM2</manufacturer>
		<publisher>Sega</publisher>
		<score>3.8</score>
		<genre>Racing</genre>
		<players>1</players>
		<story>Emergency Call Ambulance is an arcade game released in October of 1999 by Sega. It is a single-player
			game, and the controls are made up of a steering wheel, gearshift, and gas and brake pedals. The game has
			been noted for being exceptionally hard, mainly in the cases after the first victim. There are two forms of
			gameplay: Automatic Transmission and Manual Transmission.</story>
	</game>
	<game name="ecaj">
		<description>NA</description>
		<year>NA</year>
		<manufacturer>NA</manufacturer>
		<publisher>NA</publisher>
		<score>NA</score>
		<genre>NA</genre>
		<players>NA</players>
		<story>NA</story>
	</game>
	<game name="ecap">
		<description>NA</description>
		<year>NA</year>
		<manufacturer>NA</manufacturer>
		<publisher>NA</publisher>
		<score>NA</score>
		<genre>NA</genre>
		<players>NA</players>
		<story>NA</story>
	</game>
	<game name="ecau">
		<description>NA</description>
		<year>NA</year>
		<manufacturer>NA</manufacturer>
		<publisher>NA</publisher>
		<score>NA</score>
		<genre>NA</genre>
		<players>NA</players>
		<story>NA</story>
	</game>
	<game name="ecax">
		<description>NA</description>
		<year>NA</year>
		<manufacturer>NA</manufacturer>
		<publisher>NA</publisher>
		<score>NA</score>
		<genre>NA</genre>
		<players>NA</players>
		<story>NA</story>
	</game>
	<game name="fvipers2">
		<description>Fighting Vipers 2</description>
		<year>1998</year>
		<manufacturer>Sega AM2</manufacturer>
		<publisher>Sega</publisher>
		<score>3.2</score>
		<genre>Fighting</genre>
		<players>2</players>
		<story>The sequel to the innovative Fighting Vipers has arrived and is set to ignite the world of beat 'em ups
			once again. Revenge has conquered your mind and aggression has poisoned your blood as you take control of a
			band of 'Vipers', each boasting distinct weapons in a fight to remove dictatorship from the city's Mayor.
			Fighting Vipers 2 is sure to put your pulse into overload!</story>
	</game>
	<game name="fvipers2o">
		<description>NA</description>
		<year>NA</year>
		<manufacturer>NA</manufacturer>
		<publisher>NA</publisher>
		<score>NA</score>
		<genre>NA</genre>
		<players>NA</players>
		<story>NA</story>
	</game>
	<game name="getbass">
		<description>Get Bass: Sega Bass Fishing</description>
		<year>1997</year>
		<manufacturer>Sega AM1</manufacturer>
		<publisher>SEGA Enterprises Ltd</publisher>
		<score>3.6</score>
		<genre>Sports</genre>
		<players>1</players>
		<story>Bass Fishing is an arcade fishing game where players attempt hook and reel in fish with different lures.
			Consisting of four stages at different times of the day, the player is expected to catch a certain weight of
			fish within a time limit before moving onto the next stage. The final stage allows only for one fish to be
			captured, but are among the largest in the game and most difficult to catch. Fish are measured under four
			weight classes: Small One, Average, Big One, and Huge.</story>
	</game>
	<game name="harley">
		<description>Harley-Davidson &amp; L.A. Riders</description>
		<year>1997</year>
		<manufacturer>Sega AM1</manufacturer>
		<publisher>Sega</publisher>
		<score>4.0</score>
		<genre>Racing</genre>
		<players>1</players>
		<story>In Harley-Davidson &amp; L.A. Riders, the player rides one of five Harley-Davidson models. The objective
			is to complete a series of checkpoints around Los Angeles under a time limit. The objective is similar to
			the later Sega arcade game, Crazy Taxi (1999).</story>
	</game>
	<game name="harleya">
		<description>NA</description>
		<year>NA</year>
		<manufacturer>NA</manufacturer>
		<publisher>NA</publisher>
		<score>NA</score>
		<genre>NA</genre>
		<players>NA</players>
		<story>NA</story>
	</game>
	<game name="harleyb">
		<description>NA</description>
		<year>NA</year>
		<manufacturer>NA</manufacturer>
		<publisher>NA</publisher>
		<score>NA</score>
		<genre>NA</genre>
		<players>NA</players>
		<story>NA</story>
	</game>
	<game name="lamachin">
		<description>L.A. Machineguns: Rage of the Machines</description>
		<year>1998</year>
		<manufacturer>Sega AM3</manufacturer>
		<publisher>Sega</publisher>
		<score>4.6</score>
		<genre>Shooter</genre>
		<players>2</players>
		<story>In 2025, a militia of androids, who call themselves the "R.O.M." - "Rage Of the Machines", has suddenly
			materialized in Los Angeles. The androids launch a fierce offensive against the entire West Coast regions
			and the federal government responds by mobilizing its ace counterterrorist forces "S.I.F.A.T". Against the
			backdrop of the Pacific coast, a struggle of unparalleled intensity has begun.

			L.A. Machineguns: Rage of the Machines serves as the sequel to Gunblade NY: Special Air Assault Force.
		</story>
	</game>
	<game name="lemans24">
		<description>Le Mans 24</description>
		<year>1997</year>
		<manufacturer>Sega AM1</manufacturer>
		<publisher>Sega</publisher>
		<score>3.7</score>
		<genre>Racing</genre>
		<players>2</players>
		<story>Take on the Le Mans endurance racing challenge! Join one of the 25 factory teams take one of the over 50
			vehicles (designed with assistance of actual teams) on the eight different LeMans circuits. The actual wear
			and tear are simulated. Tire wear, oil and fuel consumptions... Day and night and back to day driving.
		</story>
	</game>
	<game name="lostwsga">
		<description>The Lost World: Jurassic Park</description>
		<year>1997</year>
		<manufacturer>Sega AM3</manufacturer>
		<publisher>Sega</publisher>
		<score>3.3</score>
		<genre>Shooter</genre>
		<players>2</players>
		<story>A shoot-em-up based on the hit movie "The Lost World: Jurassic Park". Try to survive the dinosaur
			infested island and neutralize the threat.</story>
	</game>
	<game name="lostwsgo">
		<description>NA</description>
		<year>NA</year>
		<manufacturer>NA</manufacturer>
		<publisher>NA</publisher>
		<score>NA</score>
		<genre>NA</genre>
		<players>NA</players>
		<story>NA</story>
	</game>
	<game name="magtruck">
		<description>Magical Truck Adventure</description>
		<year>1998</year>
		<manufacturer>Sega AM3</manufacturer>
		<publisher>Sega</publisher>
		<score>3.7</score>
		<genre>Action</genre>
		<players>2</players>
		<story>Magical Truck Adventure gives the player the feel of actually riding a rail car. An action-pedal and
			truck lever assists the player in chasing, jumping, and dodging the evil villains that threaten to steal
			Alma's precious stone. All this excitement takes place on a railroad track with 6 amazingly detailed scenic
			routes. The 3 challenging stages include an array of obstacles, wild rhino's, hungry crocodiles, and
			speeding trains to name a few.</story>
	</game>
	<game name="oceanhun">
		<description>The Ocean Hunter</description>
		<year>1998</year>
		<manufacturer>Sega</manufacturer>
		<publisher>Sega</publisher>
		<score>4.6</score>
		<genre>Shooter</genre>
		<players>2</players>
		<story>The Ocean Hunter is played by using two mounted turret-like guns on the arcade cabinet. The game is
			capable of being played with either one or two people simultaneously. The player takes the role of an
			underwater adventurer searching for the Seven Great Monsters of the Seven Seas, hoping to collect on the
			bounties placed on their heads for attacks on shipping vessels, humans and native marine life. The player
			proceeds to go throughout the game in a set path, shooting at various hostile ocean life along the way. The
			game is played progressing through various levels, each with its own design and layout. Upon reaching the
			end of the level, a boss is encountered. Each boss is named after a famous mythological sea monster: Kraken,
			Leviathan, Charybdis, Ahuizotl, Karkinos, Midgardsorm, and Rahab. There are also dozens of mini-bosses in
			the game, many of them also named after sea monsters.</story>
	</game>
	<game name="scud">
		<description>Scud Race Twin</description>
		<year>1996</year>
		<manufacturer>Sega-AM2</manufacturer>
		<publisher>SEGA Enterprises Ltd</publisher>
		<score>4.6</score>
		<genre>Racing</genre>
		<players>8</players>
		<story>Scud Race, known as Sega Super GT in North America, and Scud Race in Europe/Japan, is a 1996 racing game
			developed by Sega AM2 for Sega Model 3. "Scud" stands for "Sport Car Ultimate Drive".

			Scud Race came in either Twin or Deluxe cabinets, which can be linked together for up to eight players for
			the twin or 4 players for the deluxe cabinet (2 simultaneous). Other than the cabinet design, the gameplay
			for the Deluxe and Twin models is essentially the same.

			Scud Race follows the same basic gameplay rules as Daytona USA, as both games share the same game engine. It
			it is a racing game in which the player competes against several dozen computer controlled cars in an
			attempt to finish first. As an "arcade style" racer, much of the "realism" is taken out of the equation in
			order to provide the user with a fast paced, entertaining experience - cars do not handle like they would in
			reality, but rather how users would want these cars to handle.</story>
	</game>
	<game name="scuda">
		<description>Scud Race Twin</description>
		<year>1996</year>
		<manufacturer>Sega-AM2</manufacturer>
		<publisher>SEGA Enterprises Ltd</publisher>
		<score>4.6</score>
		<genre>Racing</genre>
		<players>8</players>
		<story>Scud Race, known as Sega Super GT in North America, and Scud Race in Europe/Japan, is a 1996 racing game
			developed by Sega AM2 for Sega Model 3. "Scud" stands for "Sport Car Ultimate Drive".

			Scud Race came in either Twin or Deluxe cabinets, which can be linked together for up to eight players for
			the twin or 4 players for the deluxe cabinet (2 simultaneous). Other than the cabinet design, the gameplay
			for the Deluxe and Twin models is essentially the same.

			Scud Race follows the same basic gameplay rules as Daytona USA, as both games share the same game engine. It
			it is a racing game in which the player competes against several dozen computer controlled cars in an
			attempt to finish first. As an "arcade style" racer, much of the "realism" is taken out of the equation in
			order to provide the user with a fast paced, entertaining experience - cars do not handle like they would in
			reality, but rather how users would want these cars to handle.</story>
	</game>
	<game name="scudj">
		<description>NA</description>
		<year>NA</year>
		<manufacturer>NA</manufacturer>
		<publisher>NA</publisher>
		<score>NA</score>
		<genre>NA</genre>
		<players>NA</players>
		<story>NA</story>
	</game>
	<game name="scudp">
		<description>Scud Race Plus</description>
		<year>1997</year>
		<manufacturer>Sega AM2</manufacturer>
		<publisher>Sega</publisher>
		<score>3.7</score>
		<genre>Racing</genre>
		<players>4</players>
		<story>Scud Race Plus is an update to Scud Race and was released for Sega Model 3 arcade hardware in 1997. It is
			a bizarre and somewhat rare update to the game, being released exclusively in Japan. Despite this, it is
			possible to change the region of Scud Race Plus, and if switched to US it will create Sega Super GT Plus.
		</story>
	</game>
	<game name="scudplus">
		<description>NA</description>
		<year>NA</year>
		<manufacturer>NA</manufacturer>
		<publisher>NA</publisher>
		<score>NA</score>
		<genre>NA</genre>
		<players>NA</players>
		<story>NA</story>
	</game>
	<game name="scudplusa">
		<description>NA</description>
		<year>NA</year>
		<manufacturer>NA</manufacturer>
		<publisher>NA</publisher>
		<score>NA</score>
		<genre>NA</genre>
		<players>NA</players>
		<story>NA</story>
	</game>
	<game name="skichamp">
		<description>Ski Champ</description>
		<year>1998</year>
		<manufacturer>Sega AM1</manufacturer>
		<publisher>Sega</publisher>
		<score>3.8</score>
		<genre>Action</genre>
		<players>1</players>
		<story>Sega's Ski Champ is an arcade downhill skiing game released in 1998 that runs on Sega Model 3 hardware
			and features a stand-up cabinet that simulates real skiing motions.</story>
	</game>
	<game name="spikeofe">
		<description>Spikeout: Final Edition</description>
		<year>1999</year>
		<manufacturer>Sega</manufacturer>
		<publisher>Sega</publisher>
		<score>4.4</score>
		<genre>Beat 'em Up</genre>
		<players>4</players>
		<story>Spikeout: Final Edition is the second in the Spikeout series of arcade games featuring new levels.
		</story>
	</game>
	<game name="spikeout">
		<description>Spikeout</description>
		<year>1998</year>
		<manufacturer>Sega</manufacturer>
		<publisher>Sega</publisher>
		<score>3.8</score>
		<genre>Beat 'em Up</genre>
		<players>4</players>
		<story>Spikeout: Digital Battle Online (スパイクアウト デジタルバトルオンライン) is a Sega Model 3 Step 2.1 arcade beat-'em-up
			game, and the first game in the Spikeout series. It has never been ported to home consoles. Spikeout is
			notable for being the first arcade beat-'em-up whose cabinets could be linked, resulting in a maximum of
			four players competing on the same level with different screens.

			During development the game was known as Spike. It was followed by an update, Spikeout: Final Edition, in
			1999.</story>
	</game>
	<game name="srally2">
		<description>Sega Rally 2</description>
		<year>1998</year>
		<manufacturer>Sega AM2</manufacturer>
		<publisher>Sega</publisher>
		<score>4.3</score>
		<genre>Racing</genre>
		<players>2</players>
		<story>Sega Rally 2 is the 1998 sequel to Sega's hit arcade game, Sega Rally Championship. This game, like it's
			predecessor, is based on Rally racing. Rally racing is unique in that races take place on both race tracks
			and off-road courses. The courses in this game reflect this nicely. Some take place in the desert or forest,
			others take place in cities. The cars in this game are all actual rally cars, with manufacturers from Europe
			and Japan both well represented. You do not get to see very many of them at one time, however, since rally
			races are typically time-based events. In this game, you are not competing directly against the other cars,
			you simply have to have the best time through the course. So, during any race you will usually see a handful
			of other cars on the track.

			The game was produced in three cabinet versions:
			1) upright cabinet with 2 player alternating play. This unit does not have multiplayer network ability.

			2) Deluxe (DX) version with a sit-down cabinet, an additional handbrake for hairpin turns, and a 50-inch
			projection screen display. The first released DX has slower cars and different paint on the Toyota and Ford,
			is a little less polished in graphical terms than the later twin version. The DX has ability for multiplayer
			network play for up to 4.

			3) Twin version with dual sit-down cabinet, handbrake feature, two 29-inch CRTs and some minor improvements
			to gameplay, features, and sound beyond those of the upright and DX. The twin can display the
			www.segarally.com text, the DX does not even have the option, but has a nicer motif on the Ford Escort
			(white/orange). The Twin has ability for multiplayer network play for up to 4.</story>
	</game>
	<game name="srally2p">
		<description>NA</description>
		<year>NA</year>
		<manufacturer>NA</manufacturer>
		<publisher>NA</publisher>
		<score>NA</score>
		<genre>NA</genre>
		<players>NA</players>
		<story>NA</story>
	</game>
	<game name="srally2pa">
		<description>NA</description>
		<year>NA</year>
		<manufacturer>NA</manufacturer>
		<publisher>NA</publisher>
		<score>NA</score>
		<genre>NA</genre>
		<players>NA</players>
		<story>NA</story>
	</game>
	<game name="srally2x">
		<description>Sega Rally 2 DX</description>
		<year>1998</year>
		<manufacturer>Sega AM5 R&amp;D Division</manufacturer>
		<publisher>Sega Enterprises Ltd.</publisher>
		<score>4.5</score>
		<genre>Racing</genre>
		<players>4</players>
		<story>Sega Rally 2 is the 1998 sequel to Sega's hit arcade game, Sega Rally. This game, like it's predecessor,
			is based on Rally racing. Rally racing is unique in that races take place on both race tracks and off-road
			courses. The courses in this game reflect this nicely. Some take place in the desert or forest, others take
			place in cities. The cars in this game are all actual rally cars, with manufacturers from Europe and Japan
			both well represented. You do not get to see very many of them at one time, however, since rally races are
			typically time-based events. In this game, you are not competing directly against the other cars, you simply
			have to have the best time through the course. So, during any race you will usually see a handful of other
			cars on the track.

			The game was produced in three cabinet versions:
			1) upright cabinet with 2 player alternating play. This unit does not have multiplayer network ability.

			2) Deluxe (DX) version with a sit-down cabinet, an additional handbrake for hairpin turns, and a 50-inch
			projection screen display. The first released DX has slower cars and different paint on the Toyota and Ford,
			is a little less polished in graphical terms than the later twin version. The DX has ability for multiplayer
			network play for up to 4.

			3) Twin version with dual sit-down cabinet, handbrake feature, two 29-inch CRTs and some minor improvements
			to gameplay, features, and sound beyond those of the upright and DX. The twin can display the
			www.segarally.com text, the DX does not even have the option, but has a nicer motif on the Ford Escort
			(white/orange). The Twin has ability for multiplayer network play for up to 4.</story>
	</game>
	<game name="swtrilgy">
		<description>Star Wars Trilogy Arcade</description>
		<year>1999</year>
		<manufacturer>Sega AM5</manufacturer>
		<publisher>Sega</publisher>
		<score>4.4</score>
		<genre>Shooter</genre>
		<players>1</players>
		<story>Star Wars Trilogy Arcade is an arcade game first released in 1998. The game is a 3-D rail shooter based
			on the original trilogy of Star Wars films and was released along with the special editions of these films.
			Sega also released an accompanying pinball game. The game is not to be confused with Star Wars Arcade,
			another Star Wars game released to arcades by Sega in 1993.</story>
	</game>
	<game name="swtrilgya">
		<description>Star Wars Trilogy Arcade</description>
		<year>1999</year>
		<manufacturer>Sega AM5</manufacturer>
		<publisher>Sega</publisher>
		<score>4.4</score>
		<genre>Shooter</genre>
		<players>1</players>
		<story>Star Wars Trilogy Arcade is an arcade game first released in 1998. The game is a 3-D rail shooter based
			on the original trilogy of Star Wars films and was released along with the special editions of these films.
			Sega also released an accompanying pinball game. The game is not to be confused with Star Wars Arcade,
			another Star Wars game released to arcades by Sega in 1993.</story>
	</game>
	<game name="swtrilgyp">
		<description>NA</description>
		<year>NA</year>
		<manufacturer>NA</manufacturer>
		<publisher>NA</publisher>
		<score>NA</score>
		<genre>NA</genre>
		<players>NA</players>
		<story>NA</story>
	</game>
	<game name="vf3">
		<description>Virtua Fighter 3</description>
		<year>1996</year>
		<manufacturer>Sega AM2</manufacturer>
		<publisher>Sega</publisher>
		<score>4.0</score>
		<genre>Fighting</genre>
		<players>2</players>
		<story>Virtua Fighter 3 (バーチャファイター3) is the third entry in the Virtua Fighter series, and a direct sequel to
			Virtua Fighter 2. It was released in 1996 for Sega Model 3 Step 1.0 arcade hardware, as the first game to
			hit the system, followed by Scud Race.</story>
	</game>
	<game name="vf3a">
		<description>Virtua Fighter 3</description>
		<year>1996</year>
		<manufacturer>Sega AM2</manufacturer>
		<publisher>Sega</publisher>
		<score>4.0</score>
		<genre>Fighting</genre>
		<players>2</players>
		<story>Virtua Fighter 3 (バーチャファイター3) is the third entry in the Virtua Fighter series, and a direct sequel to
			Virtua Fighter 2. It was released in 1996 for Sega Model 3 Step 1.0 arcade hardware, as the first game to
			hit the system, followed by Scud Race.</story>
	</game>
	<game name="vf3c">
		<description>NA</description>
		<year>NA</year>
		<manufacturer>NA</manufacturer>
		<publisher>NA</publisher>
		<score>NA</score>
		<genre>NA</genre>
		<players>NA</players>
		<story>NA</story>
	</game>
	<game name="vf3tb">
		<description>Virtua Fighter 3: Team Battle</description>
		<year>1997</year>
		<manufacturer>Sega AM2</manufacturer>
		<publisher>Sega</publisher>
		<score>3.4</score>
		<genre>Fighting</genre>
		<players>2</players>
		<story>Virtua Fighter 3 (Japanese: バーチャファイター3, Hepburn: Bācha Faitā Surī) is the sequel to 1994's Virtua Fighter
			2 and the third fighting game in the Virtua Fighter series, developed by Sega AM2 and published by Sega in
			1996. It was the first arcade game to run on the Sega Model 3 system board. The Team Battle release is an
			updated version of Virtua Fighter 3, featuring battles between teams of various fighters, one after another
			is defeated.</story>
	</game>
	<game name="von2">
		<description>Virtual On 2: Oratorio Tangram</description>
		<year>1999</year>
		<manufacturer>Sega AM3</manufacturer>
		<publisher>Sega</publisher>
		<score>4.3</score>
		<genre>Shooter</genre>
		<players>2</players>
		<story>Cyber Troopers Virtual-On: Oratorio Tangram M.S.B.S. Ver. 5.4, known as Dennou Senki Virtual-On Oratorio
			Tangram M.S.B.S. Ver. 5.4 (電脳戦機バーチャロン オラトリオ・タングラム M.S.B.S. Ver.5.4) in Japan is an update to Dennou Senki
			Virtual-On Oratorio Tangram M.S.B.S. Ver. 5.2 and one of three major revisions of Cyber Troopers Virtual-On:
			Oratorio Tangram. Ver. 5.4 is often considered to be the de facto version of Oratorio Tangram - it was
			originally released for Sega Model 3 hardware in 1999, then ported to the Sega Dreamcast later in the year.
		</story>
	</game>
	<game name="von254g">
		<description>Virtual On 2: Oratorio Tangram</description>
		<year>1999</year>
		<manufacturer>Sega AM3</manufacturer>
		<publisher>Sega</publisher>
		<score>4.3</score>
		<genre>Shooter</genre>
		<players>2</players>
		<story>Cyber Troopers Virtual-On: Oratorio Tangram M.S.B.S. Ver. 5.4, known as Dennou Senki Virtual-On Oratorio
			Tangram M.S.B.S. Ver. 5.4 (電脳戦機バーチャロン オラトリオ・タングラム M.S.B.S. Ver.5.4) in Japan is an update to Dennou Senki
			Virtual-On Oratorio Tangram M.S.B.S. Ver. 5.2 and one of three major revisions of Cyber Troopers Virtual-On:
			Oratorio Tangram. Ver. 5.4 is often considered to be the de facto version of Oratorio Tangram - it was
			originally released for Sega Model 3 hardware in 1999, then ported to the Sega Dreamcast later in the year.
		</story>
	</game>
	<game name="von2a">
		<description>NA</description>
		<year>NA</year>
		<manufacturer>NA</manufacturer>
		<publisher>NA</publisher>
		<score>NA</score>
		<genre>NA</genre>
		<players>NA</players>
		<story>NA</story>
	</game>
	<game name="von2o">
		<description>NA</description>
		<year>NA</year>
		<manufacturer>NA</manufacturer>
		<publisher>NA</publisher>
		<score>NA</score>
		<genre>NA</genre>
		<players>NA</players>
		<story>NA</story>
	</game>
	<game name="vs2">
		<description>Virtua Striker 2 '98</description>
		<year>1998</year>
		<manufacturer>Sega AM2</manufacturer>
		<publisher>Sega</publisher>
		<score>3.5</score>
		<genre>Sports</genre>
		<players>2</players>
		<story>The Virtua Striker (バーチャストライカー in Japanese) video series are arcade-style football/soccer sports games by
			Sega. The original Virtua Striker, released in 1994, was the first association football game to use 3D
			computer graphics, and was also notable for its early use of texture mapping, along with Sega's own racing
			video game Daytona USA.

			Virtua Striker 2 Version '98 is an update to Virtua Striker 2 for Sega Model 3 arcade hardware. Virtua
			Striker 2 Version '98 and Virtua Striker 2 Version '99 (and a minor revision, Virtua Striker 2 Version
			'99.1) were released as Sega Model 3 arcade updates.</story>
	</game>
	<game name="vs215">
		<description>Virtua Striker 2 '98</description>
		<year>1998</year>
		<manufacturer>Sega AM2</manufacturer>
		<publisher>Sega</publisher>
		<score>3.5</score>
		<genre>Sports</genre>
		<players>2</players>
		<story>The Virtua Striker (バーチャストライカー in Japanese) video series are arcade-style football/soccer sports games by
			Sega. The original Virtua Striker, released in 1994, was the first association football game to use 3D
			computer graphics, and was also notable for its early use of texture mapping, along with Sega's own racing
			video game Daytona USA.

			Virtua Striker 2 Version '98 is an update to Virtua Striker 2 for Sega Model 3 arcade hardware. Virtua
			Striker 2 Version '98 and Virtua Striker 2 Version '99 (and a minor revision, Virtua Striker 2 Version
			'99.1) were released as Sega Model 3 arcade updates.</story>
	</game>
	<game name="vs215o">
		<description>NA</description>
		<year>NA</year>
		<manufacturer>NA</manufacturer>
		<publisher>NA</publisher>
		<score>NA</score>
		<genre>NA</genre>
		<players>NA</players>
		<story>NA</story>
	</game>
	<game name="vs298">
		<description>Virtua Striker 2 '98</description>
		<year>1998</year>
		<manufacturer>Sega AM2</manufacturer>
		<publisher>Sega</publisher>
		<score>3.5</score>
		<genre>Sports</genre>
		<players>2</players>
		<story>The Virtua Striker (バーチャストライカー in Japanese) video series are arcade-style football/soccer sports games by
			Sega. The original Virtua Striker, released in 1994, was the first association football game to use 3D
			computer graphics, and was also notable for its early use of texture mapping, along with Sega's own racing
			video game Daytona USA.

			Virtua Striker 2 Version '98 is an update to Virtua Striker 2 for Sega Model 3 arcade hardware. Virtua
			Striker 2 Version '98 and Virtua Striker 2 Version '99 (and a minor revision, Virtua Striker 2 Version
			'99.1) were released as Sega Model 3 arcade updates.</story>
	</game>
	<game name="vs29815">
		<description>Virtua Striker 2 '98</description>
		<year>1998</year>
		<manufacturer>Sega AM2</manufacturer>
		<publisher>Sega</publisher>
		<score>3.5</score>
		<genre>Sports</genre>
		<players>2</players>
		<story>The Virtua Striker (バーチャストライカー in Japanese) video series are arcade-style football/soccer sports games by
			Sega. The original Virtua Striker, released in 1994, was the first association football game to use 3D
			computer graphics, and was also notable for its early use of texture mapping, along with Sega's own racing
			video game Daytona USA.

			Virtua Striker 2 Version '98 is an update to Virtua Striker 2 for Sega Model 3 arcade hardware. Virtua
			Striker 2 Version '98 and Virtua Striker 2 Version '99 (and a minor revision, Virtua Striker 2 Version
			'99.1) were released as Sega Model 3 arcade updates.</story>
	</game>
	<game name="vs299">
		<description>Virtua Striker 2 '99</description>
		<year>1998</year>
		<manufacturer>Sega AM2</manufacturer>
		<publisher>Sega</publisher>
		<score>3.4</score>
		<genre>Sports</genre>
		<players>2</players>
		<story>This particular entry in the series was very popular in arcades across the globe and has therefore been
			re-released numerous times with minor improvements. Virtua Striker 2 Version '98 and Virtua Striker 2
			Version '99 (and a minor revision, Virtua Striker 2 Version '99.1) were released as Sega Model 3 arcade
			updates, while Virtua Striker 2 Ver. 2000 was released for the Sega NAOMI arcade platform.</story>
	</game>
	<game name="vs29915">
		<description>NA</description>
		<year>NA</year>
		<manufacturer>NA</manufacturer>
		<publisher>NA</publisher>
		<score>NA</score>
		<genre>NA</genre>
		<players>NA</players>
		<story>NA</story>
	</game>
	<game name="vs299a">
		<description>Virtua Striker 2 '99</description>
		<year>1998</year>
		<manufacturer>Sega AM2</manufacturer>
		<publisher>Sega</publisher>
		<score>3.4</score>
		<genre>Sports</genre>
		<players>2</players>
		<story>This particular entry in the series was very popular in arcades across the globe and has therefore been
			re-released numerous times with minor improvements. Virtua Striker 2 Version '98 and Virtua Striker 2
			Version '99 (and a minor revision, Virtua Striker 2 Version '99.1) were released as Sega Model 3 arcade
			updates, while Virtua Striker 2 Ver. 2000 was released for the Sega NAOMI arcade platform.</story>
	</game>
	<game name="vs299b">
		<description>Virtua Striker 2 '99</description>
		<year>1998</year>
		<manufacturer>Sega AM2</manufacturer>
		<publisher>Sega</publisher>
		<score>3.4</score>
		<genre>Sports</genre>
		<players>2</players>
		<story>This particular entry in the series was very popular in arcades across the globe and has therefore been
			re-released numerous times with minor improvements. Virtua Striker 2 Version '98 and Virtua Striker 2
			Version '99 (and a minor revision, Virtua Striker 2 Version '99.1) were released as Sega Model 3 arcade
			updates, while Virtua Striker 2 Ver. 2000 was released for the Sega NAOMI arcade platform.</story>
	</game>
	<game name="vs2v991">
		<description>Virtua Striker 2 '99.1</description>
		<year>1998</year>
		<manufacturer>Sega AM2</manufacturer>
		<publisher>Sega</publisher>
		<score>3.4</score>
		<genre>Sports</genre>
		<players>2</players>
		<story>This particular entry in the series was very popular in arcades across the globe and has therefore been
			re-released numerous times with minor improvements. Virtua Striker 2 Version '98 and Virtua Striker 2
			Version '99 (and a minor revision, Virtua Striker 2 Version '99.1) were released as Sega Model 3 arcade
			updates, while Virtua Striker 2 Ver. 2000 was released for the Sega NAOMI arcade platform.</story>
	</game>
</menu>