<?xml version="1.0"?>
<menu>
	<game name="'the">
		<description>'the</description>
		<year>2016</year>
		<developer>Medic, Torchkas, underway</developer>
		<genre>Standard</genre>
		<players>1</players>
	</game>
	<game name="8;40">
		<description>840</description>
		<year>2021</year>
		<developer>Irondill</developer>
		<genre>Kaizo Intermediate</genre>
		<players>1</players>
	</game>
	<game name="35 Questions Deluxe">
		<description>35 Questions Deluxe</description>
		<year>2020</year>
		<developer>random_box</developer>
		<genre>Kaizo Intermediate</genre>
		<players>1</players>
	</game>
	<game name="Akogare Mario">
		<description>Akogare Mario World</description>
		<year>2018</year>
		<developer>Mega</developer>
		<genre>Kaizo Intermediate</genre>
		<players>1</players>
	</game>
	<game name="Akogare 2">
		<description>Akogare Mario World 2</description>
		<year>2021</year>
		<developer>Mega</developer>
		<genre>Kaizo Intermediate</genre>
		<players>1</players>
	</game>
	<game name="Autumn 1.1">
		<description>Autumn</description>
		<year>2022</year>
		<developer>Morph Moth</developer>
		<genre>Kaizo Intermediate</genre>
		<players>1</players>
	</game>
	<game name="Classic Mario World 1 The Magical Crystals">
		<description>Classic Mario World 1 The Magical Crystals</description>
		<year>2019</year>
		<developer>bandicoot</developer>
		<genre>Standard Hard</genre>
		<players>1</players>
	</game>
	<game name="Classic Mario World 2 The Great Alliance">
		<description>Classic Mario World 2 The Great Alliance</description>
		<year>2019</year>
		<developer>bandicoot</developer>
		<genre>Standard Hard</genre>
		<players>1</players>
	</game>
	<game name="Classic Mario World 3 The Finale">
		<description>Classic Mario World 3 The Finale</description>
		<year>2020</year>
		<developer>bandicoot</developer>
		<genre>Standard Hard</genre>
		<players>1</players>
	</game>
	<game name="El Dorado">
		<description>El Dorado</description>
		<year>2021</year>
		<developer>mmBeefStew</developer>
		<genre>Kaizo Intermediate</genre>
		<players>1</players>
	</game>
	<game name="Exodius 1.1">
		<description>Exodius</description>
		<year>2019</year>
		<developer>Nint</developer>
		<genre>Kaizo Intermediate</genre>
		<players>1</players>
	</game>
	<game name="Fire and Ice">
		<description>Fire and Ice</description>
		<year>2021</year>
		<developer>quietmason</developer>
		<genre>Kaizo Expert</genre>
		<players>1</players>
	</game>
	<game name="HYPERION">
		<description>HYPERION</description>
		<year>2020</year>
		<developer>AmperSam</developer>
		<genre>Kaizo Intermediate</genre>
		<players>1</players>
	</game>
	<game name="Invictus">
		<description>Invictus</description>
		<year>2018</year>
		<developer>juzcook</developer>
		<genre>Kaizo Intermediate</genre>
		<players>1</players>
	</game>
	<game name="JUMPhalf">
		<description>Jump Half</description>
		<year>2019</year>
		<developer>JUMP Team, Lazy, Sixcorby, lolyoshi</developer>
		<genre>Standard Hard</genre>
		<players>1</players>
	</game>
	<game name="JUMP">
		<description>Jump</description>
		<year>2016</year>
		<developer>JUMP Team, worldpeace</developer>
		<genre>Standard Very Hard</genre>
		<players>1</players>
	</game>
	<game name="Learn 2 Kaizo">
		<description>Learn 2 Kaizo</description>
		<year>2017</year>
		<developer>NeXuS15</developer>
		<genre>Kaizo Beginner</genre>
		<players>1</players>
	</game>
	<game name="Luminescent">
		<description>Luminescent</description>
		<year>2021</year>
		<developer>TheBourgyman</developer>
		<genre>Kaizo Intermediate</genre>
		<players>1</players>
	</game>
	<game name="Mario is Missing">
		<description>Mario is Missing!</description>
		<year>2017</year>
		<developer>Gamma V</developer>
		<genre>Standard</genre>
		<players>1</players>
	</game>
	<game name="MOON">
		<description>MOON</description>
		<year>2021</year>
		<developer>cur</developer>
		<genre>Kaizo Intermediate</genre>
		<players>1</players>
	</game>
	<game name="New Super Mario World 1 The 12 Magic Orbs 1.4">
		<description>New Super Mario World 1: The Twelve Magic Orbs</description>
		<year>2016</year>
		<developer>Pink Gold Peach</developer>
		<genre>Standard Hard</genre>
		<players>1</players>
	</game>
	<game name="New Super Mario World 2 Around The World">
		<description>New Super Mario World 2: Around The World</description>
		<year>2019</year>
		<developer>Pink Gold Peach</developer>
		<genre>Standard Very Hard</genre>
		<players>1</players>
	</game>
	<game name="Panga's Kaizo Kindergarten">
		<description>Panga's Kaizo Kindergarden</description>
		<year>2019</year>
		<developer>PangaeaPanga</developer>
		<genre>Kaizo Intermediate</genre>
		<players>1</players>
	</game>
	<game name="Quickie World">
		<description>Quickie World</description>
		<year>2018</year>
		<developer>Valdio</developer>
		<genre>Kaizo Beginner</genre>
		<players>1</players>
	</game>
	<game name="Quickie World 2">
		<description>Quickie World 2</description>
		<year>2019</year>
		<developer>Valdio</developer>
		<genre>Kaizo Beginner</genre>
		<players>1</players>
	</game>
	<game name="Quickie World With a Vengeance">
		<description>Quickie World With a Vengeance</description>
		<year>2022</year>
		<developer>Valdio</developer>
		<genre>Kaizo Beginner</genre>
		<players>1</players>
	</game>
	<game name="R-ACK_10.0.0">
		<description>R-ACK</description>
		<year>2021</year>
		<developer>Daizo Dee Von, Team JANK</developer>
		<genre>Standard Very Hard</genre>
		<players>1</players>
	</game>
	<game name="Scary Bosses and Nice Sprites">
		<description>Scary Bosses and Nice Sprites</description>
		<year>2022</year>
		<developer>Darolac</developer>
		<genre>Kaizo Beginner</genre>
		<players>1</players>
	</game>
	<game name="GAIDEN v1.13">
		<description>SMW: Gaiden</description>
		<year>2021</year>
		<developer>Adam, Truxton, lolyoshi, rextep</developer>
		<genre>Standard Very Hard</genre>
		<players>1</players>
	</game>
	<game name="SMW Quest For Gaming (English Version)">
		<description>SMW Quest for Gaming</description>
		<year>2022</year>
		<developer>bandicoot</developer>
		<genre>Standard Hard</genre>
		<players>1</players>
	</game>
	<game name="SuperCindyWorld">
		<description>Super Cindy World</description>
		<year>2021</year>
		<developer>The_Uber_Camper</developer>
		<genre>Kaizo Beginner</genre>
		<players>1</players>
	</game>
	<game name="SuperCindyWorld2">
		<description>Super Cindy World 2</description>
		<year>2021</year>
		<developer>The_Uber_Camper</developer>
		<genre>Kaizo Beginner</genre>
		<players>1</players>
	</game>
	<game name="SuperCindyWorld3">
		<description>Super Cindy World 3</description>
		<year>2022</year>
		<developer>The_Uber_Camper</developer>
		<genre>Kaizo Beginner</genre>
		<players>1</players>
	</game>
	<game name="Super Mario Infinity">
		<description>Super Mario Infinity Mystery of the Magic Wand</description>
		<year>2019</year>
		<developer>Reading</developer>
		<genre>Standard Very Hard</genre>
		<players>1</players>
	</game>
	<game name="Super Mario Infinity 2">
		<description>Super Mario Infinity 2 The Cursed Gem</description>
		<year>2019</year>
		<developer>Reading</developer>
		<genre>Standard Very Hard</genre>
		<players>1</players>
	</game>
	<game name="SuperMarioUniverseDELUXE">
		<description>Super Mario Universe Deluxe</description>
		<year>2022</year>
		<developer>hendog30_</developer>
		<genre>Standard</genre>
		<players>1</players>
	</game>
	<game name="Super Ryu World">
		<description>Super Ryu World</description>
		<year>2018</year>
		<developer>Aguni_</developer>
		<genre>Kaizo Intermediate</genre>
		<players>1</players>
	</game>
	<game name="Super Ryu World 2">
		<description>Super Ryu World 2</description>
		<year>2019</year>
		<developer>Aguni_</developer>
		<genre>Kaizo Intermediate</genre>
		<players>1</players>
	</game>
	<game name="The Unknown">
		<description>The Unknown</description>
		<year>2022</year>
		<developer>Jordan</developer>
		<genre>Kaizo Beginner</genre>
		<players>1</players>
	</game>
	<game name="TIAGHTPIYJSPKW_V1.1.1">
		<description>This is a Good Hack to Play if You Just Started Playing Kaizo... World</description>
		<year>2021</year>
		<developer>BabaYegha, LouisDoucet, Magmatic, StayAtHomeStegosaurus, Sweetdude, gui</developer>
		<genre>Kaizo Beginner</genre>
		<players>1</players>
	</game>
	<game name="The New Comfort Zone">
		<description>The New Comfort Zone</description>
		<year>2021</year>
		<developer>orka-bin</developer>
		<genre>Kaizo Intermediate</genre>
		<players>1</players>
	</game>
	<game name="This Hack Needs a Name">
		<description>This Hack Needs a Name</description>
		<year>2015</year>
		<developer>yeahman</developer>
		<genre>Standard</genre>
		<players>1</players>
	</game>
	<game name="ukraine detroit">
		<description>Ukraine Detroit</description>
		<year>2022</year>
		<developer>tamano</developer>
		<genre>Kaizo Beginner</genre>
		<players>1</players>
	</game>
	<game name="VLDC7">
		<description>The 7th Annual Vanilla Level Design Contest: Collaboration Hack</description>
		<year>2014</year>
		<developer>SMWCentral</developer>
		<genre>Standard</genre>
		<players>1</players>
	</game>
	<game name="VLDC8">
		<description>The 8th Annual Vanilla Level Design Contest: Collaboration Hack</description>
		<year>2015</year>
		<developer>SMWCentral</developer>
		<genre>Standard</genre>
		<players>1</players>
	</game>
	<game name="VLDC9">
		<description>The 9th Annual Vanilla Level Design Contest: Collaboration Hack</description>
		<year>2016</year>
		<developer>SMWCentral</developer>
		<genre>Standard</genre>
		<players>1</players>
	</game>
	<game name="weekend-at-luigis-v111">
		<description>Weekend at Luigi's</description>
		<year>2021</year>
		<developer>AmazingChest, PinkDad</developer>
		<genre>Kaizo Intermediate</genre>
		<players>1</players>
	</game>
	<game name="YUMP">
		<description>YUMP</description>
		<year>2017</year>
		<developer>JUMP Team, Lazy, idol</developer>
		<genre>Standard Very Hard</genre>
		<players>1</players>
	</game>
	<game name="YUMP2">
		<description>YUMP2</description>
		<year>2020</year>
		<developer>JUMP Team, Lazy</developer>
		<genre>Kaizo Expert</genre>
		<players>1</players>
	</game>
</menu>