<?xml version="1.0"?>
<menu>
	<header>
		<listname>Sega 32X</listname>
		<lastlistupdate>25/09/2022</lastlistupdate>
		<listversion>0.2</listversion>
		<exporterversion>Created by STAiNLESS for CORE Type R</exporterversion>
	</header>
	<game name="After Burner Complete ~ After Burner (Japan, USA)">
		<description>After Burner Complete ~ After Burner (Japan, USA)</description>
		<year>1995</year>
		<manufacturer>Rutubo Games</manufacturer>
		<publisher>Sega</publisher>
		<score>3.7</score>
		<genre>Shooter</genre>
		<players>1</players>
		<story>Strap into your lethal F14 Tomcat, kick-in the afterburner and set the skies alight! You fly through
			multiple day and night missions over land and sea, picking off enemy targets as you lock and launch your
			deadly Sidewinder missiles.</story>
	</game>
	<game name="Amazing Spider-Man, The - Web of Fire (USA)">
		<description>Amazing Spider-Man, The - Web of Fire (USA)</description>
		<year>1996</year>
		<manufacturer>BlueSky Software</manufacturer>
		<publisher>Sega</publisher>
		<score>3.1</score>
		<genre>Action;Platform</genre>
		<players>1</players>
		<story>The game features side-scrolling action in which Spider-Man has to take on various enemy types which want
			to kill him. Besides the usual range of melee kicks and punches, he also sticks to walls and uses special
			attacks based on his web fluid. Creating spider web "vines" are used to swing from building to building;
			either required to cross gaps or simply to progress faster in the levels. Every use of his fluid decreases a
			web bar which, just like health, is refilled by picking up items floating in the game world. The first goal
			of the game is to rescue the superhero Daredevil, who then continues to help Spider-Man out: after
			activating the associated special attack, Daredevil covers the screen with his attacks.</story>
	</game>
	<game name="BC Racers (USA)">
		<description>BC Racers (USA)</description>
		<year>1995</year>
		<manufacturer>Core Design</manufacturer>
		<publisher>Front Street Publishing</publisher>
		<score>2.4</score>
		<genre>Racing</genre>
		<players>2</players>
		<story>It’s pre-hysterical! Millionaire playboy caveman Millstone Rockafella arranges a wild n’ wacky BC bike
			race, the winner of which receives the ultimate boulderdash bike. Cool n’ crazy Cliff Ace has had his
			sunglasses set on a boulderdash bike since he was knee-high, so he signs up for the race - taking his
			cave-babe Roxy along for the ride! The 32X pushes graphics to the limit with 256 colors for in-game graphics
			and full 24-bit for static display. The stone-age never looked better!</story>
	</game>
	<game name="Blackthorne (USA)">
		<description>Blackthorne (USA)</description>
		<year>1995</year>
		<manufacturer>Paradox Development</manufacturer>
		<publisher>Sega</publisher>
		<score>3.6</score>
		<genre>Action;Platform</genre>
		<players>1</players>
		<story>Through the dark vastness of space, exiled prince Kyle Blackthorne returns to Tuul to avenge his murdered
			father and restore the shattered Lightstone. The conqueror Sarlac opposes his vicious troops against the
			enraged prince. But the evil lord will soon find out… an army is not enough against a single fierce fighter
			with a vengeance!</story>
	</game>
	<game name="Brutal - Above the Claw (USA)">
		<description>Brutal - Above the Claw (USA)</description>
		<year>1995</year>
		<manufacturer>Alternative Reality Technologies</manufacturer>
		<publisher>GameTek</publisher>
		<score>2.2</score>
		<genre>Fighting</genre>
		<players>2</players>
		<story>Under the watchful eye of the great master Dali Llama, the worlds greatest martial artists would return
			to a place they knew well… Brutal Island. Each will use their own unique mental and physical martial arts
			style and training, in a tournament to prove the worlds one true champion.

			Brutal: Above the Claw, is a brilliantly rendered game of humorous cartoon style combat, combined with
			depth, philosophy, and an attention to detail not found in any other fighting game.

			Go ahead and Unleash the Animal, it’s time to get Brutal.</story>
	</game>
	<game name="Chaotix ~ Knuckles' Chaotix (Japan, USA)">
		<description>Chaotix ~ Knuckles' Chaotix (Japan, USA)</description>
		<year>1995</year>
		<manufacturer>Sonic Team</manufacturer>
		<publisher>Sega</publisher>
		<score>3.6</score>
		<genre>Platform</genre>
		<players>2</players>
		<story>A mysterious island rose from the sea shortly after the events of Sonic &amp; Knuckles. Dr. Robotnik
			discovered the island, and found a mysterious ring inscribed with descriptions of the Chaos Rings, ancient
			Rings infused with Chaos Emerald energy. In order to find these Rings, Robotnik built his base, the
			Newtrogic High Zone, on the island. Mighty the Armadillo, Espio the Chameleon, Vector the Crocodile, and
			Charmy Bee also arrived at the island, and ended up being captured by Robotnik and Metal Sonic, and placed
			in Robotnik's Combi Catcher machine. Knuckles, curious about the strange island, goes there as well, and
			manages to rescue Espio. The two then go on to stop Robotnik from getting the Chaos Rings.</story>
	</game>
	<game name="Cyber Brawl ~ Cosmic Carnage (Japan, USA)">
		<description>Cyber Brawl ~ Cosmic Carnage (Japan, USA)</description>
		<year>1994</year>
		<manufacturer>Almanic</manufacturer>
		<publisher>Sega</publisher>
		<score>2.5</score>
		<genre>Fighting</genre>
		<players>2</players>
		<story>Cosmic Carnage is a one-on-one fighting game set in outer space. The story begins as a prison barge is
			hijacked by it's cargo in an escape attempt. The resulting chaos caused the barge to crash into a military
			cruiser. The impact caused extensive damage to both ships. There were only 8 survivors, 4 from each ship.
			What's worse, there's only one escape pod. You control one of the 8 survivors, and have to finish off all
			the others to escape with your life.</story>
	</game>
	<game name="Darxide (Europe) (En,Fr,De,Es)">
		<description>Darxide (Europe) (En,Fr,De,Es)</description>
		<year>1996</year>
		<manufacturer>Frontier Developments</manufacturer>
		<publisher>Sega</publisher>
		<score>2.8</score>
		<genre>Shooter</genre>
		<players>1</players>
		<story>One of the last 32X games released (and exclusively in Europe), DarXide is a 3-D space shooter, inspired
			in part by the arcade gameplay of Asteroids. It is one of the few 32X games to used texture-mapped polygons.

			Players control a lone starship rushing to destroy oncoming asteroids and alien vessels before they
			annihilate defenseless human miners and colonies. Asteroids break apart into smaller rocks, which much also
			be hunted down and destroyed. Aliens likewise arrive in larger, more dangerous vessels.</story>
	</game>
	<game name="Doom (Japan, USA)">
		<description>Doom (Japan, USA)</description>
		<year>1994</year>
		<manufacturer>Sega of America</manufacturer>
		<publisher>Sega</publisher>
		<score>3.5</score>
		<genre>Shooter</genre>
		<players>1</players>
		<story>All Hell has run amok! Monstrous demons from another dimension use their gruesome talents to turn your
			space station into a blood-splattered slaughterhouse.

			They got black magic. You got firepower. Fireballs and lost souls face shotguns, chainsaws, and rocket
			launchers!

			Butcher the hordes of Hell. Or get butchered, if you don’t have the skill and pure guts to save your skin!
		</story>
	</game>
	<game name="FIFA Soccer 96 (Europe) (En,Fr,De,Es,It,Sv)">
		<description>FIFA Soccer 96 (Europe) (En,Fr,De,Es,It,Sv)</description>
		<year>1995</year>
		<manufacturer>Probe Entertainment</manufacturer>
		<publisher>Electronic Arts</publisher>
		<score>2.9</score>
		<genre>Sports</genre>
		<players>4</players>
		<story>The most successful football game of all time has been improved and updated for the 32X. FIFA Soccer 96
			is dedicated to bring you all the action from around the globe, featuring over 3500 players from 200 teams
			and 12 leagues. Combined with stunning graphics, 7 camera views, 4-player mode and the usual host of
			options, FIFA Soccer 96 delivers the total footballing experience.

			This version of FIFA 96 was only released in Europe, and stands as one of two PAL-exclusive 32X titles (the
			other being Darxide).</story>
	</game>
	<game name="Golf Magazine Presents - 36 Great Holes Starring Fred Couples (Japan, USA)">
		<description>Golf Magazine Presents - 36 Great Holes Starring Fred Couples (Japan, USA)</description>
		<year>1995</year>
		<manufacturer>Flashpoint Productions</manufacturer>
		<publisher>Sega</publisher>
		<score>2.4</score>
		<genre>Sports</genre>
		<players>8</players>
		<story>As the title implies, in 36 Great Holes the player takes control of 24 different digitized golfers – 12
			males and 12 females – playing in 27 historic courses in the U.S. including Disney's Eagle Pines and
			Tidewater Golf Club, playing 36 authentic holes.

			There are seven different modes (Stroke Play, Tournament, Skins, Shoot-out, Scramble, Practice and Match
			Play) and three different types of golf club heads including wood, metal and graphite. There is a battery
			back-up to keep track of 16 different categories of stats and does feature the voice of Fred Couples.
		</story>
	</game>
	<game name="Kolibri (USA, Europe)">
		<description>Kolibri (USA, Europe)</description>
		<year>1995</year>
		<manufacturer>Novotrade International</manufacturer>
		<publisher>Sega</publisher>
		<score>3.5</score>
		<genre>Shooter</genre>
		<players>2</players>
		<story>Deep in the Earth, a powerful ancient crystal hums, fueling the balance of nature. But when its toxic
			twin plummets to Earth, nature totters on the edge of extinction! Only one hope survives - Kolibri. Though
			small and alone, the hummingbird must battle the invasive mutation in all its malignant form to restore
			Earth. But at what cost?

			* Feel the rush as Kolibri zips, dives and dodges in intoxicating aerial acrobatics!
			* Soar through the splendors of nature! Kolibri's world has perfect realism, depth and a panoramic menagerie
			of colors!
			* Combat bizarre, vicious creatures created by the alien crystal to hunt Kolibri!
			* See nature at its most helpless... and most powerful as Kolibri gains strength. Help Kolibri conquer the
			cosmic threat in a classic battle of good and evil!
			* Abundant weapons and pick-ups, including lasers, rings of fire and smart bombs, pack this game with punch!
		</story>
	</game>
	<game name="Metal Head (Japan, USA) (En,Ja)">
		<description>Metal Head (Japan, USA) (En,Ja)</description>
		<year>1995</year>
		<manufacturer>Sega</manufacturer>
		<publisher>Sega</publisher>
		<score>3.0</score>
		<genre>Action</genre>
		<players>1</players>
		<story>It has been five years after the formation of the Worldwide Federation. Although war has been averted,
			terrorist cells around the world threaten the stability of the federation. To combat this menace, the
			Federation has created a bi-pedal armored tank known as the Metal Head. You are a Metal Head pilot, and you
			have to use all the weapons at your disposal to take out the terrorists.

			Metal Head is a bit of a variation on the usual giant robot combat game. The game's mission areas bear more
			resemblance to a first-person shooter than a simulation. The graphics are all rendered in texture mapped
			polygons, which is unusual for a 32X game.</story>
	</game>
	<game name="Mortal Kombat II (Japan, USA)">
		<description>Mortal Kombat II (Japan, USA)</description>
		<year>1994</year>
		<manufacturer>Probe Entertainment</manufacturer>
		<publisher>Acclaim</publisher>
		<score>3.8</score>
		<genre>Fighting</genre>
		<players>2</players>
		<story>Following his failure to defeat Liu Kang in the first Mortal Kombat game, the evil sorcerer Shang Tsung
			begs his master, Shao Kahn, to spare his life. He tells Shao Kahn that the invitation for Mortal Kombat
			cannot be turned down, and if they hold it in Outworld, the Earthrealm warriors must attend. Kahn agrees to
			this plan, and even restores Tsung's youth. He then extends the invitation to Raiden, who gathers his
			warriors and takes them into Outworld. The new tournament is much more dangerous, as Shao Kahn has the home
			field advantage, and an Outworld victory will allow him to subdue Earthrealm.</story>
	</game>
	<game name="Motherbase (Europe)">
		<description>Motherbase (Europe)</description>
		<year>1995</year>
		<manufacturer>CRI</manufacturer>
		<publisher>Sega</publisher>
		<score>2.5</score>
		<genre>Shooter</genre>
		<players>2</players>
		<story>This 32X-exclusive sci-fi shooter is similar gameplay-wise to Sega's arcade game Zaxxon. The graphics
			consist of a diagonally scrolling playfield which creates a pseudo 3D environment. The backgrounds are drawn
			using 2D scrolling planes, but the enemy and ship objects are drawn using 3D flat-shaded polygons.

			Although the basic goal of each of the 9 levels is to shoot everything without getting shot, the game has a
			strategic element. Your basic spacecraft has very little firepower, and can only sustain one hit. To make
			matters worse, there are very few power-ups. In order to survive, you have to jump on top of enemies and
			take control of their weapons systems. This system allows for a large variety of player-controllable ships.
		</story>
	</game>
	<game name="Motocross Championship (USA)">
		<description>Motocross Championship (USA)</description>
		<year>1995</year>
		<manufacturer>Artech</manufacturer>
		<publisher>Sega</publisher>
		<score>2.2</score>
		<genre>Racing</genre>
		<players>2</players>
		<story>Motocross Championship is the only dirtbike racing game for the 32X. The action takes place from a
			behind-the-bike perspective, and makes use of the 32X's hardware bitmap scaling to present a 3D graphical
			effect.

			Like the title suggests, the main game mode is a points based championship. You can compete in one of 3
			motorcycle classes over 12 indoor and outdoor tracks. There's also two player split screen mode so you can
			share off-road fun with a friend.</story>
	</game>
	<game name="NBA Jam - Tournament Edition (World)">
		<description>NBA Jam - Tournament Edition (World)</description>
		<year>1995</year>
		<manufacturer>Iguana Entertainment</manufacturer>
		<publisher>Acclaim</publisher>
		<score>4.0</score>
		<genre>Sports</genre>
		<players>4</players>
		<story>BOOMSHAKALAKA!
			Jam home the #1 arcade phenomenon! From outrageous Tomahawk jams to wild full-court shots, you control the
			super moves, amazing blocks and awesome slam dunks of the NBA's hottest stars! Ultra-realistic digitized
			graphics and play-by-play. 4-player adaptable for true arcade competition. NBA JAM puts you on the court and
			above the rim!</story>
	</game>
	<game name="NFL Quarterback Club (World)">
		<description>NFL Quarterback Club (World)</description>
		<year>1995</year>
		<manufacturer>Iguana Entertainment</manufacturer>
		<publisher>Acclaim</publisher>
		<score>2.9</score>
		<genre>Sports</genre>
		<players>5</players>
		<story>It's a 32X blitz... NFL Quarterback Club upgrades the action with the most authentic gridiron game play
			and '94 QB and team attributes! All-new advanced passing gives you 80 yards of viewable field to hit the
			open man, multi-view perspectives heat up the running game with in-your-face action and the exclusive
			Smooth-Cam delivers the most advanced instant replay from virtually any angle. NFL Quarterback Club on
			32X...</story>
	</game>
	<game name="Parasquad ~ Zaxxon's Motherbase 2000 (Japan, USA)">
		<description>Parasquad ~ Zaxxon's Motherbase 2000 (Japan, USA)</description>
		<year>1995</year>
		<manufacturer>CRI</manufacturer>
		<publisher>Sega</publisher>
		<score>2.5</score>
		<genre>Shooter</genre>
		<players>2</players>
		<story>This 32X-exclusive sci-fi shooter is similar gameplay-wise to Sega's arcade game Zaxxon. The graphics
			consist of a diagonally scrolling playfield which creates a pseudo 3D environment. The backgrounds are drawn
			using 2D scrolling planes, but the enemy and ship objects are drawn using 3D flat-shaded polygons.

			Although the basic goal of each of the 9 levels is to shoot everything without getting shot, the game has a
			strategic element. Your basic spacecraft has very little firepower, and can only sustain one hit. To make
			matters worse, there are very few power-ups. In order to survive, you have to jump on top of enemies and
			take control of their weapons systems. This system allows for a large variety of player-controllable ships.
		</story>
	</game>
	<game name="Pitfall - The Mayan Adventure (USA)">
		<description>Pitfall - The Mayan Adventure (USA)</description>
		<year>1995</year>
		<manufacturer>Zombie</manufacturer>
		<publisher>Activision</publisher>
		<score>3.0</score>
		<genre>Platform</genre>
		<players>1</players>
		<story>Harry Jr. I've been taken captive by the spirit of an evil Mayan warrior. Need help right away! Continue
			journey as planned - through the rain forests and mines, past the waterfalls and ruins. But be careful...the
			Mayan empire is filled with deadly traps and enemies. Think fast and move even faster. Hurry! Time is
			running out... - Pitfall Harry</story>
	</game>
	<game name="Primal Rage (USA, Europe)">
		<description>Primal Rage (USA, Europe)</description>
		<year>1995</year>
		<manufacturer>Probe Entertainment</manufacturer>
		<publisher>Sega</publisher>
		<score>2.8</score>
		<genre>Fighting</genre>
		<players>2</players>
		<story>A meteor slams to Earth and human authority is shattered in seconds. The planet cracks open and the new
			world order comes crawling to the surface. Huge dinosaurs now begin their furious battle for domination, as
			humankind stands on the brink of extinction! Welcome to Urth.

			Primal Rage is a one-on-one fighting game featuring dinosaurs and giant apes as the fighters. The graphics
			are done with digitized stop-motion animation. Gameplay is similar to Mortal Kombat in that it is viewed
			from a side perspective, and features deadly finishing moves at the end of the match.</story>
	</game>
	<game name="RBI Baseball '95 (USA)">
		<description>RBI Baseball '95 (USA)</description>
		<year>1995</year>
		<manufacturer>Time Warner Interactive</manufacturer>
		<publisher>Time Warner Interactive</publisher>
		<score>2.7</score>
		<genre>Sports</genre>
		<players>2</players>
		<story>Step up to the plate and drive one into the cheap seats! Crisp color graphics and realistic gameplay make
			RBI Baseball '95 the latest, greatest installment in the best-selling RBI Baseball videogame series.
			Improved artificial intelligence enhances computer opponent strategies like base stealing, bunting and
			runner pick-off attempts. Experience an incredible view of those fastballs, curveballs, and sliders with the
			large, realistic batter/catcher playing view. State-of-the-art digital video, displayed in 256 colors,
			provides a fantastic look and feel at the plate. Jumping and diving catches...stolen bases...powerful home
			runs...you'll find it all and more in RBI Baseball '95.</story>
	</game>
	<game name="Sangokushi IV (Japan)">
		<description>Sangokushi IV (Japan)</description>
		<year>1995</year>
		<manufacturer>Sega</manufacturer>
		<publisher>Koei</publisher>
		<score>1</score>
		<genre>Strategy</genre>
		<players>8</players>
		<story>It's the era of the Second Han Dynasty, and China is being overrun by powerful warlords. A struggle for
			power among the court families has spawned a time known as the Three Kingdoms, and it's up to you (as the
			current ruler) to restore peace to your troubled country. Rebuild the land by creating a strong military or
			try to outwit your opponents using negotiation.

			Sangokushi IV (Romance of the Three Kingdoms IV: Wall of Fire outside Japan for PS1 and Saturn) is the
			fourth game in Koei's Romance of the Three Kingdoms series. Sangokushi IV was the first game for the
			PlayStation &amp; Saturn consoles and the last in the series to be released on PC in the U.S. until Romance
			of the Three Kingdoms XI.</story>
	</game>
	<game name="Shadow Squadron ~ Stellar Assault (USA, Europe)">
		<description>Shadow Squadron ~ Stellar Assault (USA, Europe)</description>
		<year>1995</year>
		<manufacturer>Sega</manufacturer>
		<publisher>Sega</publisher>
		<score>2.5</score>
		<genre>Shooter</genre>
		<players>2</players>
		<story>Chaos has broken out on the edge of the Galaxy. A diabolical power has begun construction of a powerful
			sun laser. You are the Shadow Squadron's newest fighter jock and the fate and hope of the federation rests
			in your hands. Destroy the Sun Laser or face the FIRE!!!

			Enter the cockpit of your laser-equipped fighter and prepare to be thrust into the 3D world of deep-space
			battle. Pilot your craft across galaxies, destroying all enemy fleets in your path, or enter 2-player mode
			as pilot and gunner in pursuit of your ultimate mission.</story>
	</game>
	<game name="Space Harrier (Japan, USA)">
		<description>Space Harrier (Japan, USA)</description>
		<year>1994</year>
		<manufacturer>Rutubo Games</manufacturer>
		<publisher>Sega</publisher>
		<score>4.0</score>
		<genre>Shooter</genre>
		<players>1</players>
		<story>Space Harrier is set in the "Fantasy Zone", a surreal world composed of bright colors and a
			checkerboard-styled ground. The enemies are also unique, featuring prehistoric animals, Chinese dragons, and
			alien pods. The player is forced along the levels, running or flying around enemy fire, while shooting back
			with fireballs via the character's under-arm cannon (which doubles as a rocket-esque device allowing the
			character to fly).</story>
	</game>
	<game name="Star Trek - Starfleet Academy - Starship Bridge Simulator (USA)">
		<description>Star Trek - Starfleet Academy - Starship Bridge Simulator (USA)</description>
		<year>1995</year>
		<manufacturer>High Voltage Software</manufacturer>
		<publisher>Interplay</publisher>
		<score>3.3</score>
		<genre>Flight Simulator;Shooter</genre>
		<players>2</players>
		<story>Command the Starfleet's finest vessels and pilot your way through the dozens of stunning scenarios. Sneak
			through the Klingon gauntlet to rescue thousands of colonists... or lose your whole crew in a warp core
			breach. Can you master the legendary Kobayashi Maru scenario?

			- Command five different Federation vessels! Warp through space abroad the bridge of a star cruiser.
			- Serve your initiation as a cadet and work to the ultimate honor of command!
			- Experience the beauty of the final frontier in high-speed 3D polygon graphics.</story>
	</game>
	<game name="Star Wars Arcade (USA)">
		<description>Star Wars Arcade (USA)</description>
		<year>1994</year>
		<manufacturer>Sega Interactive</manufacturer>
		<publisher>Sega</publisher>
		<score>3.5</score>
		<genre>Shooter</genre>
		<players>2</players>
		<story>Star Wars Arcade is a 3D shoot 'em-up set in Episodes 4, 5, and 6 of the Star Wars saga. You take control
			of either an X-Wing or Y-Wing, and are put right in the middle of the space combat. In some levels, you have
			to shoot down a specific number of TIE fighters before time runs out. In other levels, your goal is to
			simply to make it to the end without getting blasted out of the sky.</story>
	</game>
	<game name="T-MEK (USA, Europe)">
		<description>T-MEK (USA, Europe)</description>
		<year>1996</year>
		<manufacturer>Bits Corporation</manufacturer>
		<publisher>Sega</publisher>
		<score>3.2</score>
		<genre>Shooter</genre>
		<players>2</players>
		<story>T-MEK is essentially an updated Battlezone. You are a warrior battling in the T-Mek competition, a hugely
			popular event in the future. You control a hovercraft and try to blow up everyone else.

			The action is viewed from your perspective as you travel around the arena. You also have an overall view of
			where your opponents are. Terrain surfaces and characteristics vary in each battle. In most levels you need
			to reach a certain score to progress, however there are out-and-out one-off Deathmatch duels to deal with
			periodically.</story>
	</game>
	<game name="Tempo (Japan, USA)">
		<description>Tempo (Japan, USA)</description>
		<year>1995</year>
		<manufacturer>Red Company</manufacturer>
		<publisher>Sega</publisher>
		<score>3.4</score>
		<genre>Action;Platform</genre>
		<players>1</players>
		<story>Tempo is a grasshopper who lives on Planet Rythmia, the world of music. Unfortunately, the malevolent
			King Dirge is trying to steal all the rhythm from the planet. It's unclear as to how a creature with no
			appreciation for music became King, but it's up to Tempo to stop him!

			Tempo's game is a side scrolling platformer with 7 levels. It's a single player game, although you can
			collect "dance" power-ups that allow you to call your friend, a butterfly, to help you defeat your enemies
			using killer dance moves.</story>
	</game>
	<game name="Toughman Contest (USA, Europe)">
		<description>Toughman Contest (USA, Europe)</description>
		<year>1995</year>
		<manufacturer>High Score</manufacturer>
		<publisher>Electronic Arts</publisher>
		<score>2.3</score>
		<genre>Sports</genre>
		<players>2</players>
		<story>Toughman Contest is a game based on the world famous boxing competition of the same name. You pick one of
			24 fighters, compete in one of 5 locations from around the world, and re-create the Toughman tournament as
			seen on TV.

			The boxing action is viewed from behind the back of fighter you control. Your fighter is rendered as an
			outline, so you can see what your opponent is up to and react accordingly. Toughman matches consist of three
			one minute rounds. Your goal is to KO your opponent by causing their stamina meter to decrease to the point
			where they fall down, or beating on them enough that you are scored the winner at end of the third round.
		</story>
	</game>
	<game name="Virtua Fighter (Japan, USA)">
		<description>Virtua Fighter (Japan, USA)</description>
		<year>1995</year>
		<manufacturer>Sega CS R&amp;D</manufacturer>
		<publisher>Sega</publisher>
		<score>3.7</score>
		<genre>Fighting</genre>
		<players>2</players>
		<story>Virtua Fighter was the first of it's kind: A one-on-one fighting game featuring fully 3D environments and
			characters. The fighters and arenas are rendered in flat-shaded polygons. Unlike many fighting games, Virtua
			Fighter focuses on deep gameplay based on actual fighting styles, rather than outrageous special moves and
			story lines.

			There are 8 fighters to choose from in Virtua Fighter, and an equal number of fighting backdrops in which to
			compete. Each fighter has a distinctive fighting style, and their own set of signature moves.</story>
	</game>
	<game name="Virtua Racing Deluxe (USA)">
		<description>Virtua Racing Deluxe (USA)</description>
		<year>1994</year>
		<manufacturer>Sega CS R&amp;D</manufacturer>
		<publisher>Sega</publisher>
		<score>3.9</score>
		<genre>Racing</genre>
		<players>2</players>
		<story>Virtua Racing Deluxe is an enhanced arcade-to-console conversion of Sega's 3D racing game. This game is
			primarily an arcade-style affair; Players compete in a 5 lap race with timed checkpoints. It's also possible
			to play with 2 players in a split-screen mode.

			The 32X version of Virtua Racing adds a couple of new features. There are now 3 different types of cars to
			drive, including a stock car and a prototype racer. Furthermore, there are two all-new tracks.</story>
	</game>
	<game name="World Series Baseball Starring Deion Sanders (USA)">
		<description>World Series Baseball Starring Deion Sanders (USA)</description>
		<year>1996</year>
		<manufacturer>BlueSky Software</manufacturer>
		<publisher>Sega</publisher>
		<score>2.7</score>
		<genre>Sports</genre>
		<players>2</players>
		<story>World Series Baseball Starring Deion Sanders is an entry in the World Series Baseball video game
			franchise featuring a full MLBPA license, which allows it to have all 28 teams and 700 real-life players.

			There are three main game modes: Exhibition, Full season, and Playoff. Exhibition is useful for a quick game
			between any two teams of the player's choice. Full season allows the player to lead a team through an entire
			Major League Baseball season. Finally, the Playoff mode focuses on the games leading up to the World Series.
			Also included are two different home run derby modes, and a full draft and trade for creating a custom team.
		</story>
	</game>
	<game name="WWF Raw (World)">
		<description>WWF Raw (World)</description>
		<year>1995</year>
		<manufacturer>Sculptured Software</manufacturer>
		<publisher>Acclaim</publisher>
		<score>3.3</score>
		<genre>Fighting;Sports</genre>
		<players>4</players>
		<story>Get RAW like never before! It's the ultimate 32X ringside slugfest: next-generation graphics, upgraded
			sound f/x, the hottest WWF superstars, mat-pounding new moves like the high impact powerslam, all new pins
			like the in-you-face "showboat" and more out-of-the ring, anything goes mayhem than any other game! Now more
			than ever...RAW IS WAR!</story>
	</game>
	<game name="WWF WrestleMania - The Arcade Game (USA)">
		<description>WWF WrestleMania - The Arcade Game (USA)</description>
		<year>1995</year>
		<manufacturer>Sculptured Software</manufacturer>
		<publisher>Acclaim</publisher>
		<score>3.6</score>
		<genre>Sports</genre>
		<players>2</players>
		<story>WWF WrestleMania: The Arcade Game merges the personalities and action of the WWF TV show characters with
			a Mortal Kombat-style fighting game. This title features digitized graphics of 8 WWF superstars: Doink,
			Razor Ramon, Bret "Hit Man" Hart, Shawn Michaels, The Undertaker, Yokozuna, Bam Bam Bigelow, and Lex Luger.

			Although presented as a wrestling title, this game is structured like a one-on-one fighter, features
			over-the-top special moves characteristic of WWF. Each match is divided into a series of rounds, much like a
			fighting game. Instead of each round ending in a KO, it simply ends when the player forces the other
			wrestler(s) to fall by reducing their energy meter. Game modes include single player arcade mode, tournament
			mode, and versus mode for one-on-one multiplayer.</story>
	</game>
</menu>