<?xml version="1.0"?>
<menu>
	<header>
		<listname>Starpath Supercharger</listname>
		<lastlistupdate>10/01/2023</lastlistupdate>
		<listversion>0.1</listversion>
		<exporterversion>Created by STAiNLESS for CORE Type R</exporterversion>
	</header>
    <game name="Communist Mutants from Space (USA)">
        <description>Communist Mutants from Space</description>
        <year>1982</year>
        <manufacturer>Stephen H. Landrum</manufacturer>
        <publisher>Arcadia Corporation</publisher>
        <score>4.2</score>
        <genre>Shooter</genre>
        <players>2</players>
        <story>Communist Mutants from Space is an arcade action game with gameplay similar to Space Invaders. Your goal
            is to defend your home planet from the various mutant warriors which are attacking. You control an
            anti-mutant cannon on the bottom of the screen, and need to shoot as many of the mutants at the top as you
            can. At the very top of the screen a Mother Creature will be creating mutant eggs that fall into the
            formation. The eggs will slowly hatch into various creatures which fly down and try to bomb or crash into
            your cannon. If you destroy the Mother Creature as well as all of the mutants on the screen, you will move
            on to the next, more difficult level. Several game options are included which allow you to enable or disable
            a shield, guided fire, a time warp to temporarily slow down the game, and penetrating fire allowing you to
            take out several mutants with one shot.</story>
    </game>
    <game name="Dragonstomper (USA)">
        <description>Dragonstomper</description>
        <year>1982</year>
        <manufacturer>Starpath Corporation</manufacturer>
        <publisher>Starpath Corporation</publisher>
        <score>4</score>
        <genre>Role-Playing</genre>
        <players>1</players>
        <story>Battle your way along the trail of enchantment to the lair of the evil dragon! Detailed fantasy
            gamescapes. Three separate Multi Load game chapters. Inventories of your strength, gold, dexterity, and
            articles of magic. Full-screen interiors of shops, caves, and hospitals.</story>
    </game>
    <game name="Escape from the Mindmaster (USA)">
        <description>Escape from the Mindmaster</description>
        <year>1982</year>
        <manufacturer>Dennis Caswell</manufacturer>
        <publisher>Starpath Corporation</publisher>
        <score>3.9</score>
        <genre>Action; Puzzle</genre>
        <players>1</players>
        <story>You've been abducted! Kidnapped! Shanghaied! You find yourself in a huge maze being watched by the
            Mindmaster. He is testing your intelligence, reflexes, agility, etc. The honor of you and the entire human
            race depends on how fast you can solve the Mindmaster's puzzles and six mazes.

            You begin in maze one. You must go through the maze and find colored, shaped pegs then find the correct
            shaped hole to put it in. As if that wasn't bad enough, there is an Alien Stalker wandering the maze and if
            he touches you, you lose one chance. You can tell how close he is by the beeping sound. The faster and
            higher it is, the closer he is. He cannot pass through walls or doors. Also, starting with maze two, there
            are force fields in the maze that if you touch them, you lose one chance. There are also one-way doors
            starting with maze four. If you go through one and turn around, there is no way back. You can never go
            through a door when backing up.

            There are also skill tests in mazes one through five that you can complete for points. They are as follows:
            Maze 1: Agility - Move your cursor from side to side to avoid the falling bricks. The four collisions and
            the test is done.
            Maze 2: Reflexes - Press your joystick in the direction of the arrow.
            Maze 3: Recall - Watch the sequence of flashing arrows then move your joystick in the same sequence.
            Maze 4: Dexterity - The same as the agility test except the test is over if you get hit once.
            Maze 5: Coordination - Land a lander onto a platform without using much fuel. You get up to five attempts.

            You start each maze with sixty points and every few seconds a point is deducted. The total score for each
            maze is the score you got on the skill test plus whatever is left of the beginning sixty when you exit the
            maze. If you lose all your chances or finish maze six, you will get your final score and the Mindmaster's
            impression of you and the human race.

            Atari 2600 Difficulty Switches
            The difficulty switch on the left controls the number of chances you get.
            A=5 chances
            B=9 chances
            The difficulty switch on the right controls the Alien Stalker's speed.
            A=Fast
            B=Slow</story>
    </game>
    <game name="Fireball (USA)">
        <description>Fireball</description>
        <year>1982</year>
        <manufacturer>Arcadia Corporation</manufacturer>
        <publisher>Arcadia Corporation</publisher>
        <score>3.9</score>
        <genre>Action</genre>
        <players>4</players>
        <story>Fireball is an arcade action game similar to Breakout. The player controls a juggler who needs to keep
            multiple fireballs within the play field. The juggler can hold on to two fireballs at a time, so be careful
            because if he tries to catch a third it will fall off the screen. The goal is to destroy the bricks at the
            top of the screen by hitting them with the fireballs. When all the bricks are destroyed, the player moves on
            to the next round and is given one additional fireball to keep in play. Five different game variations are
            included:

            Firetrap: Two additional fireballs are trapped within brick walls. Once a hole forms in the walls, the
            player will also need to keep these additional fireballs in play.

            Marching Blocks: In this game, each time the player catches a fireball, the rows of blocks will drop down
            one level. From time to time, a mystery fireball may also appear.

            Knock-A-Block: This is the most basic game variation. There is a solid wall of blocks at the top of the
            screen that the player needs to destroy.

            Migrating Blocks: In this game, the rows of blocks move. Every few seconds each row of blocks will rotate
            either to the left or to the right.

            Cascade: There are five additional fireballs trapped within the block formation. When the player destroys
            enough blocks to release an extra fireball, it too will need to be kept in play.</story>
    </game>
    <game name="Killer Satellites (USA)">
        <description>Killer Satellites</description>
        <year>1983</year>
        <manufacturer>Starpath Corporation</manufacturer>
        <publisher>Starpath Corporation</publisher>
        <score>4</score>
        <genre>Action</genre>
        <players>1</players>
        <story>For decades, the weapons satellites have orbited Earth harmlessly. Now, for unknown reasons, they have
            dropped from the sky to obliterate mankind. You are a test pilot with an experimental craft that can stop
            the satellites. It is up to you to protect your home town.

            You fly above your town's forcefield. Satellites will drop from the sky and show on the radar area at the
            screen top. You must fly to them and shoot them before they reach the town as they have the ability to
            penetrate the town's shields. Be aware of your fuel because if you run out of fuel, you lose a life. Also,
            be aware of the laser heat indicator just below the fuel gauge. If the laser gets too hot, it will not fire
            until it cools. The town's forcefield may not be able to stop the satellites, however, it will stop your
            craft so flying into it is detrimental to your health. In later levels, you must contend with meteors as
            well as satellites. You cannot shoot the meteors but they cannot penetrate the town's shields. You will be
            destroyed and lose a life, however, if you ram into one.</story>
    </game>
    <game name="Official Frogger, The (USA)">
        <description>The Official Frogger</description>
        <year>1983</year>
        <manufacturer>Starpath Corporation</manufacturer>
        <publisher>Starpath Corporation</publisher>
        <score>4.4</score>
        <genre>Action</genre>
        <players>2</players>
        <story>The player guides a frog which starts at the bottom of the screen, to his home in one of 5 slots at the
            top of the screen. The lower half of the screen contains a road with motor vehicles, which in various
            versions include cars, trucks, buses, dune buggies, bulldozers, vans, taxis, bicyclists, and/or motorcycles,
            speeding along it horizontally.

            This version of Frogger is different than the Parker Brothers cartridge-based release in 1982. The 1983
            Starpath version of Frogger utilized the Starpath Supercharger expansion peripheral created by Starpath for
            playing cassette-based proprietary games on the Atari 2600. Although Parker Brothers owned exclusive rights
            to cartridges of Frogger, they did not own the magnetic media rights, opening the door for Starpath to
            create their own version.

            The game is one of a few cassette based games ever released for the Starpath Supercharger. Unlike the first
            two games Landrum designed for Starpath, this one does not contain a secret way to see the designer’s
            initials.</story>
    </game>
    <game name="Party Mix - Bop a Buggy, Tug of War, Wizard's Keep, Down on the Line, Handcar (USA)">
        <description>Party Mix</description>
        <year>1983</year>
        <manufacturer>Starpath Corporation</manufacturer>
        <publisher>Starpath Corporation</publisher>
        <score>2.1</score>
        <genre>Action; Racing</genre>
        <players>4</players>
        <story>This tape contains five two or four player games in one package. They are:

            Bop a Buggy: Drive your buggy through the course fastest to the finish line. Watch out for the buggy
            boppers, as they will throw bricks at you, slowing you up. In a two player game, each player controls a
            buggy and the computer controls the buggy boppers. In a four player game, two players control a buggy apiece
            and the other two control a buggy bopper apiece.

            Tug of War: Simply pull the other team over the center line. In a two player game, each player control an
            entire team, each. In a four player game, each player controls one of the four players.

            Wizard's Keep: Use the power of magic to destroy more targets for points than the opposing team. In a two
            player game, each player controls a pair of wizards. In a four player game, each player controls one wizard
            apiece. Note: Even though the screen in split, all wizards are shooting at the same targets so when a target
            is shot in one window, it will disappear in both.

            Down on the Line: You must get a package from the left conveyor belt and pass it to the second worker who
            will then move it to the belt on the right that matches the package color. The game clock starts at 8:00 and
            the game ends when the clock reaches 5:00. In a two player game, each player controls a pair of workers. The
            package will pass from one worker to the other automatically. In a four player game, each player controls
            one worker apiece and must use the fire button to pass the package as well place it on the conveyor belt.

            Handcar: A race to the finish line using railway handcars. In a two player game, each player controls one of
            the men on a handcar, the other works with him automatically. In a four player game, each player controls
            one of the men on both handcars.</story>
    </game>
    <game name="Phaser Patrol (USA)">
        <description>Phaser Patrol</description>
        <year>1982</year>
        <manufacturer>Starpath Corporation</manufacturer>
        <publisher>Starpath Corporation</publisher>
        <score>4.0</score>
        <genre>Shooter</genre>
        <players>1</players>
        <story>In Phaser Patrol you are the pilot of an interstellar spaceship on a mission to defend the Human
            Federation from the deadly Dracon armada. Gameplay is similar to Star Raiders. You begin with a view of the
            sector map, and need to warp to a sector where the Dracon are located. Once you've reached your destination,
            the game switches to a first person point of view where you need to destroy all enemy fighters located in
            the sector. Once the sector is cleared, you can return to the sector map and warp to a new location. The
            mission is successful when all sectors containing enemy fighters have been cleared. Your ship has a limited
            amount of energy; energy is depleted by warping to new sectors, or by taking damage from enemy fighters. If
            your energy runs out the game is over, however you can recharge your ship by visiting one of the friendly
            starbases that are located throughout the galaxy (visiting a starbase will also repair any equipment that
            has been damaged, such as the photon torpedoes or sector scanner). The game is timed, and the faster you can
            complete your mission the better your ranking at the end will be!</story>
    </game>
    <game name="Rabbit Transit (USA)">
        <description>Rabbit Transit</description>
        <year>1983</year>
        <manufacturer>Starpath Corporation</manufacturer>
        <publisher>Starpath Corporation</publisher>
        <score>3.2</score>
        <genre>Action</genre>
        <players>1</players>
        <story>You are a rabbit who is just trying to get to where you can get a mate and make like a mathematician by
            multiplying. First you must get through the meadow and across the ledges without losing life and limb.

            You start in a screen called The Mysterious Meadow. You must hop from the top to the river, landing on the
            turtle while avoiding snakes and choppers that will lose you a life and butterflies that will send you back
            to start. Do not dally as you are timed and if time runs out, you lose a life. Once you get to the turtle,
            he will take you to The Land of Ledges. Here you must hop from ledge to ledge and change their color, ala
            Q*Bert. Beware of the man at the top of the screen, as he will drop stones that will lose you a life. In
            later levels, he will change some ledges back to their original color, forcing you to retrace your steps.
            You are still timed so don't delay. After you finish The Land of Ledges, it is off to The Bunny Bushes. This
            is just a cinematic of you finding a mate and family. You can skip this if you press fire. Then the game
            starts back at the beginning, but more difficult this time!</story>
    </game>
    <game name="Suicide Mission (USA)">
        <description>Suicide Mission</description>
        <year>1982</year>
        <manufacturer>Arcadia Corporation</manufacturer>
        <publisher>Arcadia Corporation</publisher>
        <score>2.2</score>
        <genre>Action</genre>
        <players>2</players>
        <story>Suicide Mission is an arcade action game similar to Asteroids. You control a microscopic submarine
            navigating the bloodstream of someone who has been infected by a virus. Your goal is to destroy the virus!
            Each time you shoot a cell infected with the virus, it will split up into smaller pieces. Eventually the
            pieces will be small enough that they can be destroyed. When everything has been destroyed, you can move on
            to the next, more difficult level. The game features three levels of difficulty, and you can choose one of
            two shooting styles for your submarine (single torpedoes, or rapid fire).</story>
    </game>
    <game name="Survival Island (USA)">
        <description>Survival Island</description>
        <year>1983</year>
        <manufacturer>Starpath Corporation</manufacturer>
        <publisher>Starpath Corporation</publisher>
        <score>3.5</score>
        <genre>Action</genre>
        <players>1</players>
        <story>You are headed to a mysterious island to study a temple when your ship is sunk. Now you must get to the
            island while collecting supplies , get through the dangerous jungle then explore the temple. All in a days
            work.

            This game is in three sections. They are called Shipwrecked, The Wilderness Island and The Secret Temple.

            Shipwrecked: You begin on a raft in the water. You must make your way to the island at the top while
            avoiding sharks and other sea creatures. Along the way, you must collect food and water so you can survive
            the island. If a shark or other sea creature hits you, you will lose the raft and all supplies. If you are
            hit when not on a raft, you will lose your life. You can press fire to swim faster but this will cost you
            life points, which can get you killed.

            The Wilderness Island: You make your way on the island while avoiding snakes, traps and other dangers. You
            must look for the temple, the key to the temple door and any other items you will need to get through the
            temple. Watch your food meter that it doesn't run out. Use the menu to eat food/drink water as needed. You
            can also switch to search mode, which allows you to place your walking stick on an item to learn what it is
            without getting hurt.

            The Secret Temple: You make your way through the temple in first person perspective, trying to learn its
            secret. Sometimes you will need to find certain items to pass through magical barriers. Watch out for
            one-way walls and invisible transporters.</story>
    </game>
    <game name="Sweat! The Decathalon Game (USA)">
        <description>Sweat! The Decathalon Game</description>
        <year>1983</year>
        <manufacturer>Scott Nelson</manufacturer>
        <publisher>Starpath Corporation</publisher>
        <score>0.5</score>
        <genre>Sports</genre>
        <players>2</players>
        <story>Sweat! is an unreleased game that was to be Starpath's version of Activision's Decathlon for the
            Supercharger cassette-based peripheral add-on. Given the fact that the Supercharger allowed for more memory
            and larger games, Sweat! probably would have been an amazing game had it been completed. Of course this
            never happened as the video game market was crumbling rapidly and people weren't spending money on regular
            video games, much less games that required special hardware. It was around this time that the financially
            troubled Starpath merged with Epyx. Most of Starpath's programmers transferred over to Epyx and used
            Sweat!'s game concept to create Summer Games.</story>
    </game>
    <game name="Sword of Saros (USA)">
        <description>Sword of Saros</description>
        <year>1983</year>
        <manufacturer>Starpath Corporation</manufacturer>
        <publisher>Starpath Corporation</publisher>
        <score>2.5</score>
        <genre>Adventure</genre>
        <players>1</players>
        <story>Work your way through the evil wizard's maze-like dungeon to find the pieces of the Sword of Saros. When
            you've found all of the pieces, you can exit the dungeon, ending the game. However, the wizard has sent a
            bat to hunt you down. When the bat finds you, the wizard will teleport to your spot and send waves of
            skeletons after you. You must avoid the skeletons to reach the wizard and send him off looking for you
            again. Magical items you find along the way will help you in your quest.</story>
    </game>
</menu>