<?xml version="1.0"?>
<menu>
	<header>
		<listname>Sega Model 1</listname>
	</header>
	<game name="swa">
		<description>Star Wars Arcade</description>
		<cloneof></cloneof>
		<crc></crc>
		<manufacturer>Sega</manufacturer>
		<score>0.85</score>
		<year>1993</year>
		<genre>Shooter</genre>
		<players>1</players>
	</game>
	<game name="vf">
		<description>Virtua Fighter</description>
		<cloneof></cloneof>
		<crc></crc>
		<manufacturer>Sega</manufacturer>
		<score>3.7</score>
		<year>1993</year>
		<genre>Fighting</genre>
		<players>2</players>
	</game>
	<game name="vr">
		<description>Virtua Racing</description>
		<cloneof></cloneof>
		<crc></crc>
		<manufacturer>Sega</manufacturer>
		<score>0.75</score>
		<year>1992</year>
		<genre>Driving</genre>
		<players>1</players>
	</game>
	<game name="wingwar">
		<description>Wing War</description>
		<cloneof></cloneof>
		<crc></crc>
		<manufacturer>Sega</manufacturer>
		<score>0.75</score>
		<year>1994</year>
		<genre>Shooter/Flying</genre>
		<players>1</players>
	</game>
</menu>