<?xml version="1.0"?>
<menu>
	<header>
		<listname>Sega Mark III</listname>
		<lastlistupdate>10/10/2022</lastlistupdate>
		<listversion>0.1</listversion>
		<exporterversion>Created by STAiNLESS for CORE Type R</exporterversion>
	</header>
	<game name="Action Fighter (Japan, Europe)">
		<description>Action Fighter</description>
		<year>1986</year>
		<manufacturer>Sega</manufacturer>
		<publisher>Sega</publisher>
		<score>3.4</score>
		<genre>Racing; Shooter</genre>
		<players>2</players>
		<story>Get ready to play a starring role in the incredible world of international espionage. You receive five
			different assignments. All action-packed. And all extremely dangerous. Your secret weapon? A vehicle that
			transforms into a dozen different deadly devices. Your high-speed motorcycle can turn into a customized car
			and then into a sound-barrier breaking jet plane. All in a matter of seconds. The real test? To know when to
			use which weapon. Because the wrong machine, at the wrong time, can prove fatal.</story>
	</game>
	<game name="Akai Koudan Zillion ~ Zillion (Japan, Europe) (En,Ja)">
		<description>Akai Koudan Zillion</description>
		<year>1987</year>
		<manufacturer>Sega</manufacturer>
		<publisher>Sega</publisher>
		<score>3.7</score>
		<genre>Platform</genre>
		<players>1</players>
		<story>Are you ready for the ultimate danger? You're alone, outnumbered and there's no guarantee you'll make it
			alive.

			You're J.J. Your objective: secretly infiltrate the underground labyrinth of The Norsa Empire and steal
			their plans for domination.

			Armed with the ultra speed and power of the Zillion Laser, your mission is complex. And sheer strength will
			not win this one alone.

			You'll need more brains than brawn in this sophisticated operation. So, how will you think your way to
			victory?

			With cunning strategy and memory to guide you successfully through the maze which awaits. Where once inside,
			you'll find the information needed to destroy the Norsas and restore peace forever.</story>
	</game>
	<game name="Aleste (Japan)">
		<description>Aleste</description>
		<year>1988</year>
		<manufacturer>Compile</manufacturer>
		<publisher>Sega</publisher>
		<score>3.5</score>
		<genre>Shooter</genre>
		<players>1</players>
		<story>Your planet has been overrun by the meanest mutant vegetation ever created in a genetics laboratory. It's
			taken over buildings, labs, fighter craft... even people! And it's getting bigger... and meaner... with each
			passing second. But it hasn't taken over you. Now, you're going in on a mission to deliver a POWER STRIKE!
			You have a special attack ship with the ability to use weapons you free from the ground. The action is hot
			and heavy. The enemy is coming faster than you could ever believe! So fight hard and fast. If you don't turn
			the mutated vegetation into a giant tossed salad, they'll turn you into toast!</story>
	</game>
	<game name="Alex Kidd no Miracle World (Japan)">
		<description>Alex Kidd no Miracle World</description>
		<year>1986</year>
		<manufacturer>Sega</manufacturer>
		<publisher>Sega</publisher>
		<score>4.1</score>
		<genre>Platform</genre>
		<players>1</players>
		<story>Your name is Alex Kidd. You have courage. A karate chop that shatters rocks. And a big job to do. You
			learn that the mysterious city Radactian is in great danger. All your skills and talents are desperately
			needed to help. But there's a catch: how do you get there? Your only clues are a puzzling map and a
			medallion made of Sunstone. Will that be enough to solve the riddle of the pathway? You face the obstacles.
			Solve the mysteries. learn the secrets as you go along. but there's high adventure around every corner. it
			takes a Kidd like you handle a challenge like this.</story>
	</game>
	<game name="Alien Syndrome (Japan)">
		<description>Alien Syndrome</description>
		<year>1987</year>
		<manufacturer>Sanritsu</manufacturer>
		<publisher>Sega</publisher>
		<score>3.2</score>
		<genre>Shooter</genre>
		<players>2</players>
		<story>Sega's super arcade hit comes to life, on your Sega System!

			A mysterious alien space fleet has invaded human occupied space. Called the Alien Syndrome, they are the
			deadliest creatures mankind has ever encountered. The Alien Syndrome shoots first, and asks no questions!

			A battalion of your friends attacks the alien fleet. But they are captured and held hostage. Earth Command
			sends one soldier to get them back. You!

			You're RICKY, Earth Command Trooper. When it comes to deep space combat, you are the best. Armed only with a
			combat rifle, you must infiltrate each alien ship, rescue the hostages and escape...before a time bomb
			vaporizes the ship into cosmic debris.

			The odds...and the clock...are against you. The aliens can appear anywhere...at any time. So shoot fast and
			straight. The hostages are depending on you!</story>
	</game>
	<game name="Anmitsu Hime (Japan)">
		<description>Anmitsu Hime</description>
		<year>1987</year>
		<manufacturer>Sega</manufacturer>
		<publisher>Sega</publisher>
		<score>2.6</score>
		<genre>Action; Adventure</genre>
		<players>1</players>
		<story>Anmitsu Hime is an action/adventure game developed and published by Sega for the Sega Master System. It
			is based upon the 1986 Anmitsu Hime anime series. The game was reworked and released as Alex Kidd: High-Tech
			World outside Japan, with the characters and setting replaced with those of Alex Kidd.</story>
	</game>
	<game name="Argos no Juujiken (Japan)">
		<description>Argos no Juujiken</description>
		<year>1988</year>
		<manufacturer>Tecmo</manufacturer>
		<publisher>Salio</publisher>
		<score>2.4</score>
		<genre>Action</genre>
		<players>2</players>
		<story>An evil being known as Ligar is about to conquer the land of Argool. Such is his power that no living
			creature dares to cross paths with him. But the legendary warrior Rygar rises from his grave to restore
			peace and justice. Armed with his famed weapon Diskarmor, Rygar begins to traverse the vast lands that lead
			to the lair of the demon, as his minions are trying in vain to stop him...

			Originally released on the arcades, Rygar is a side-scrolling action game. The player controls the titular
			hero, advancing through stages populated by hostile creatures. Beside the Diskarmor, a weapon that looks
			like a shield with a chain attached to it, the hero can use a variety of other weapons, including
			projectiles that can be fired in four directions. Various "powers" are scattered through the levels and can
			be collected. The effects of these powers include increasing the fire power of the equipped weapon, adding
			time to the clock, temporary invisibility, extra points, etc.

			Japan-only release.</story>
	</game>
	<game name="Ashura (Japan)">
		<description>Ashura</description>
		<year>1986</year>
		<manufacturer>Sega</manufacturer>
		<publisher>Sega</publisher>
		<score>3.7</score>
		<genre>Shooter</genre>
		<players>2</players>
		<story>You are Rambo, the super hero of the movies. And you come to life on your own screen.

			You must go deep into enemy territory to rescue your comrades from concentration camps. Blow those camps.
			And escape with your skin.

			It's no picnic. You're menaced by infantry. Artillery. Flame throwers and rocket launchers. Everything the
			enemy can throw at you.

			So you must use every tactic at your command. You weapons? Your M 60. A supply of arrow bombs. Your savage
			strength. And steel nerves.

			Play the game by yourself. Or with your partner. Alone or together, you find yourself in the middle of
			enough color and action for a battalion to take on.

			And remember. You take no prisoners.</story>
	</game>
	<game name="Astro Flash (Japan)">
		<description>Astro Flash</description>
		<year>1985</year>
		<manufacturer>Sega</manufacturer>
		<publisher>Sega</publisher>
		<score>3.8</score>
		<genre>Shooter</genre>
		<players>2</players>
		<story>Thwart an underground invasion with your transforming weaponry. The ground is scarred by craters, a
			reminder of the recent Dalaus invasion. And continuous acid rains give the sky an eerie irridescence. You
			are the only Transbot pilot left from the now defunct regime. So you must battle wave after wave of orbiting
			debris. To try to get to the notorious Dalaus artificial intelligence computer. Fortunately, your
			astro-plane can go through 6 different transformations. Turn into a robot warrior and more. By the time you
			transform, you should be able to penetrate the fortress of Dalaus. And rid the galaxy of her evil influence
			forever!</story>
	</game>
	<game name="Astro Warrior (Japan, USA, Brazil)">
		<description>Astro Warrior</description>
		<year>1986</year>
		<manufacturer>Sega</manufacturer>
		<publisher>Sega</publisher>
		<score>3.5</score>
		<genre>Shooter</genre>
		<players>2</players>
		<story>Basic Sega shoot-em-up in which you must guide your ship through three zones while avoiding hazards. Your
			only weapon are bullets as your only defense, but if you shoot the flashing red pieces on the terrain,
			chances are that a green ship will approach you, and if you collect this ship, your weapons will be upgraded
			so that you shoot a laser beam instead. Keep collecting ships and you can shoot up to three laser beams at
			once.

			At the end of each zone, you will come across a boss that takes multiple hits to kill. If you manage to
			conquer all three zones, you are back to where you started. The whole point of this game is to earn as many
			points you can without losing all of your lives.</story>
	</game>
	<game name="BMX Trial - Alex Kidd (Japan)">
		<description>Alex Kidd: BMX Trial</description>
		<year>1987</year>
		<manufacturer>Sega</manufacturer>
		<publisher>Sega</publisher>
		<score>2.6</score>
		<genre>Racing</genre>
		<players>1</players>
		<story>As young Alex, your job is to go through an obstacle course and get to the main exit without other
			competitors trying to push you off your bike. You start out in Blackwood Forest, but depending on which
			scene you're in, you can travel to Cactus Desert, South Seas, Pyramid River, or Alex's home, Radaxian. More
			often than not, you must jump over water, and along the way, you can get power-ups such as more energy, more
			time, and jets that lets you fly through the scene, but only if you perform a wheelie can you get these
			power-ups. The game ends when you have no energy left.</story>
	</game>
	<game name="Captain Silver (Japan, Europe, Brazil)">
		<description>Captain Silver</description>
		<year>1988</year>
		<manufacturer>Sega</manufacturer>
		<publisher>Sega</publisher>
		<score>2.9</score>
		<genre>Action; Platform</genre>
		<players>1</players>
		<story>You're Jack Avery, a lad with a taste for treasure and high adventure! In this hot Sega adventure you are
			fast on the trail of the most feared sea pirate's treasure, Captain Silver. It doesn't matter that he's
			dead. His ghost goes on haunting the treasure... and all who try to find it... with a bloodthirsty vengeance
			that has chased strong men to their graves!

			But you have no fear... or do you? With a tattered old treasure map in hand, you must track down the sea
			dog's golden board, battling creatures both from this world and from beyond the grave! You'll start the game
			with your trusty cutlass and your wits. Fight well and you'll be able to increase the power of your sword,
			or purchase special powers to slow down the hands of time and make yourself temporarily invisible.

			Wield your cutlass well and you'll face the ghost of the Captain himself... with a chance to own all his
			buried treasure. But fail in your quest, and who knows what spirits will haunt you?</story>
	</game>
	<game name="Chouon Senshi Borgman (Japan)">
		<description>Chouon Senshi Borgman</description>
		<year>1988</year>
		<manufacturer>Sega</manufacturer>
		<publisher>Activision</publisher>
		<score>2.3</score>
		<genre>Action</genre>
		<players>1</players>
		<story>The Year: 2242. You're the toughest bounty hunter in the galaxy. You've amassed a fortune by defeating
			the most vicious creatures known to man. And now, deep inside the enemy Cyborg Fortress, you can almost
			taste your next paycheck. But there's a little work to be done before you cash in. Like blasting swarms of
			deadly Cyborgs with your powerful psycho gun. And a battle-to-the-death showdown with Vipron, the vile
			Cyborg leader. Prepare yourself for one explosive payday!</story>
	</game>
	<game name="Circuit, The (Japan)">
		<description>Circuit, The</description>
		<year>1986</year>
		<manufacturer>Sega</manufacturer>
		<publisher>Sega</publisher>
		<score>3.0</score>
		<genre>Racing</genre>
		<players>1</players>
		<story>Design some of the hottest Grand Prix race tracks in the world. And hit them fast in the hottest wheels
			ever to fly across the home video screen. Your speed and daring will determine the race. If you're one of
			the top five finishers you can use your money to purchase even more supercharged parts for your car. You win
			again. You get more parts. Making your car hotter. And hotter. So nothing can stop you from nabbing the
			world championship. Except maybe the car that just pulled up beside you.</story>
	</game>
	<game name="Comical Machine Gun Joe (Japan)">
		<description>Comical Machine Gun Joe</description>
		<year>1986</year>
		<manufacturer>Sega</manufacturer>
		<publisher>Sega</publisher>
		<score>2.2</score>
		<genre>Shooter</genre>
		<players>2</players>
		<story>Comical Machine Gun Joe is a simple arcade type shoot'em up. You control a gunslinger called Joe on a
			single static screen and need to shoot baddies until a boss appears. Once the boss is shot, the game will
			switch to another screen.

			Apart from shooting, Joe can also jump very high, which is often need to reach enemies in higher places.
			Once in a while a spider will appear, which reflects both your and your foes' shots for some reason. There
			also pigs appearing frequently, which give away items like a smart bomb when shot. Another odd feature is
			that hit enemies will shrink and walk off to the lower end of the screen. If they come in contact with Joe,
			they will cling on to him. This slows him down and constrains his ability to jump, but the enemies will also
			serve as a bullet shield.

			Like many early arcade games, the game has no ending. After several screens, the game starts over at the
			first location.</story>
	</game>
	<game name="Doki Doki Penguin Land - Uchuu Daibouken (Japan)">
		<description>Doki Doki Penguin Land: Uchuu Daibouken</description>
		<year>1987</year>
		<manufacturer>Sega</manufacturer>
		<publisher>Sega</publisher>
		<score>3.5</score>
		<genre>Platform; Puzzle</genre>
		<players>1</players>
		<story>Welcome to Penguin Land, where you're going underground to plan more than your next move. Because now
			with the help of a super advanced battery, you can actually design each game maze as you play and save your
			maze for more fun later.

			Here's the setting. You're aboard a cosmic expedition that's full of action and adventure. And guess who's
			in command?

			That's right, you're Overbite, commander of a special Penguin Task Force.Your mission: bring fragile eggs
			back safely to home from a foreign land.Your journey will take you deep into mysterious caverns where
			dangerous animals await to attack and destroy your eggs.

			But remember, your space ship and crew need you too. So be careful not to "crack-up" because you, can't be a
			hero with "egg on your face."</story>
	</game>
	<game name="Double Target - Cynthia no Nemuri (Japan)">
		<description>Double Target: Cynthia no Nemuri</description>
		<year>1987</year>
		<manufacturer>Sega</manufacturer>
		<publisher>Sega</publisher>
		<score>3.7</score>
		<genre>Platform</genre>
		<players>2</players>
		<story>If you hate aliens, you'll love Quartet! You see, space colony Number Nine is being threatened by an
			invasion of the most dangerous kind. Alien attack. And the place is crawling with them. These vicious, vile
			parasites have even managed to confiscate the casket of the late great Queen Cynthia. It's your job to
			exterminate these treacherous creatures. To return the casket to its hallowed tomb. And save the colony from
			certain collapse. You'll have special equipment to help you along the way. Like a supersonic jet engine, a
			special bomb, missiles and a magic key. But time is running out. So don't just stand there thinking about
			it. Get on it. And get rid of this gruesome group. For good!</story>
	</game>
	<game name="Enduro Racer (Japan)">
		<description>Enduro Racer</description>
		<year>1987</year>
		<manufacturer>Sega</manufacturer>
		<publisher>Sega</publisher>
		<score>3.6</score>
		<genre>Racing</genre>
		<players>1</players>
		<story>Countdown to adventure. Three, rev your engine. Two, get ready. One, you're off. And this is the wildest
			race on the toughest course any Pro has ever had to cross. Luckily you're prepared with the all-terrain
			handling and speed of the Enduro Racer.

			Everything from super-sized jumps, competing machines, natural and man-made obstacles will make your journey
			a perilous one. But you've got one direction: the Finish Line.

			So drive your fastest, you're racing against the clock. And be careful. Once you're down, it's hard to get
			up and you've got only one bike to burn through this demanding track.

			Now, grip those gears, spin those wheels and take the lead to victory.</story>
	</game>
	<game name="F-16 Fighting Falcon (Japan)">
		<description>F-16 Fighting Falcon</description>
		<year>1985</year>
		<manufacturer>Sega</manufacturer>
		<publisher>Sega</publisher>
		<score>2.1</score>
		<genre>Flight Simulator</genre>
		<players>2</players>
		<story>It's dog-eat-dog in the wild blue yonder. This is the most perilous dogfight ever to explode on the video
			screen. It's between an F-16 (you!) and a MIG-25 plane. Your F-16 is a multipurpose fighter. But the MIG-25
			was built for speed. So it's going to take everything you've got to catch up with her. But then, "everything
			you've got" is quite a lot. Your F-16 can fly as high as 50,000 feet. It has a top speed of 1,450 mph. And
			missiles and cannons are just part of its standard armament. Its fully advanced electronic control pad
			supplies you with a wealth of valuable flight information. It even includes an automatic homing device as
			well as ECMs (electronic countermeasures). This is simulated flight at its most realistic. And simulated
			battle at its most deadly.</story>
	</game>
	<game name="Family Games (Japan)">
		<description>Family Games</description>
		<year>1987</year>
		<manufacturer>Compile</manufacturer>
		<publisher>Sega</publisher>
		<score>3.2</score>
		<genre>Sports</genre>
		<players>4</players>
		<story>Choose from the exciting challenges and action of Billiards, Darts or World Bingo! In Billiards, choose
			nine-ball or rotation. Play the Dart games 301 or 501. Or test your luck in a high-stakes game of World
			Bingo.</story>
	</game>
	<game name="Fantasy Zone (Japan)">
		<description>Fantasy Zone</description>
		<year>1986</year>
		<manufacturer>Sega</manufacturer>
		<publisher>Sega</publisher>
		<score>3.7</score>
		<genre>Shooter</genre>
		<players>2</players>
		<story>In the space year 6216 , the Fantasy Zone was cast in panic at the collapse of the interplanetary
			monetary system. The Space Guild brings to light the plans of the planet Menon, whose forces are stealing
			the other planets' currencies to fund a huge fortress in the Fantasy Zone.
			Opa-Opa is sent to stop the invading army and discover who is behind it. In the end, it turns out that the
			leader was none other than Opa-Opa's long lost father, a revelation that leaves Opa-Opa with mixed emotions.
		</story>
	</game>
	<game name="Fantasy Zone II - Opa-Opa no Namida (Japan)">
		<description>Fantasy Zone II: Opa-Opa no Namida</description>
		<year>1987</year>
		<manufacturer>Sega</manufacturer>
		<publisher>Sega</publisher>
		<score>4.0</score>
		<genre>Shooter</genre>
		<players>1</players>
		<story>Opa-Opa is at it again in this zany return to his original homeland some ten years later. Welcome to
			Fantasy Zone II where perils are great and rewards even greater. During your visit you'll discover that
			peace is at stake once again and those who threaten it are more cunning and wicked than before. So beware,
			the evil Blackhearts are near and they're not alone. Scores of unusual and seemingly innocent creatures will
			enthusiastically approach you. But don't be fooled. They're not here to help. They're henchmen for the dark
			powers of the Blackhearts. And they'll sabotage every chance you've got to protect the warp gates from total
			ruin. So fight valiantly, because just when you think you've made it, the Blackhearts will be waiting.
		</story>
	</game>
	<game name="Final Bubble Bobble (Japan)">
		<description>Final Bubble Bobble</description>
		<year>1988</year>
		<manufacturer>Sega</manufacturer>
		<publisher>Sega</publisher>
		<score>3.9</score>
		<genre>Platform</genre>
		<players>2</players>
		<story>Welcome to the world of Bubble Bobble! Those funny critters, Bubblen and Bobblen are finally making an
			appearance in the Sega Master system. Play this game and see the wild adventures of Bubblen and Bobblen.
		</story>
	</game>
	<game name="Fushigi no Oshiro Pit Pot (Japan)">
		<description>Fushigi no Oshiro Pit Pot</description>
		<year>1985</year>
		<manufacturer>Sega</manufacturer>
		<publisher>Sega</publisher>
		<score>3.5</score>
		<genre>Action</genre>
		<players>2</players>
		<story>The princess has been kidnapped and held captive inside the castle, and your job is to navigate each room
			by collecting all the goodies, and killing monsters using the hammer that a witch gave you. Once you have
			done that, you must get through one of the open doorways. To navigate the room, you can walk either on the
			gray tiles, or the yellow ones that surround them. Monsters also can walk on these gray tiles, but you can
			make them fall down if you smash a tile that they're on. The monsters will regenerate in the room after five
			seconds.

			Be careful of dragons that will throw fireballs at you. If you get hit by a dragon, its fireball, or one of
			the monsters, you will lose a life. You can collect keys that will open locked doorways, so that you can
			exit through them. Some power-ups can also be collected. Collecting hearts, for example, will freeze all
			monsters on screen for a limited amount of time, giving you the opportunity of killing them.</story>
	</game>
	<game name="Galactic Protector (Japan)">
		<description>Galactic Protector</description>
		<year>1988</year>
		<manufacturer>Sega</manufacturer>
		<publisher>Sega</publisher>
		<score>3.2</score>
		<genre>Shooter</genre>
		<players>2</players>
		<story>Galactic Protector is a Sega Master System shoot-'em-up game developed and published by Sega. It stars
			Opa Opa of Fantasy Zone and Zillion fame, who must save various planets from enemies and debris hurtling
			towards them.

			The game is built specifically for the Paddle Control, and therefore cannot be played on a standard Master
			System Control Pad. This also makes emulating the game tricky.

			Like the Paddle Control itself, Galactic Protector was not released outside of Japan. It was released as
			part of the Fantasy Zone Complete Collection for the PlayStation 2, also Japan only.</story>
	</game>
	<game name="Ghost House (Japan)">
		<description>ゴーストハウス</description>
		<year>1986</year>
		<manufacturer>Sega</manufacturer>
		<publisher>Sega</publisher>
		<score>3.5</score>
		<genre>Platform</genre>
		<players>2</players>
		<story>A spooky romp through Count Dracula's incredible haunted house.

			You're Mick. And the good news is that your grandfather just told you that you're to inherit the family
			jewels. A flashy collection of diamonds, rubies, sapphires, even opals. All yours. The bad news is that
			they're hidden inside Count Dracula's mansion. They have been for years.

			First, you have to wipe out the bats, Draculas, and eventually their annoying henchmen. Then, you have to
			find the hidden keys and passageways that should lead you to your family's long lost treasure.

			Ghoul luck — you'll need it.</story>
	</game>
	<game name="Gokuaku Doumei Dump Matsumoto (Japan)">
		<description>Gokuaku Doumei Dump Matsumoto</description>
		<year>1986</year>
		<manufacturer>Sega</manufacturer>
		<publisher>Sega</publisher>
		<score>2.3</score>
		<genre>Sports</genre>
		<players>2</players>
		<story>It's the video match of the year. A no-holds-barred battle between you and a friend, or some of the
			biggest bruisers this side of Madison Square Garden.

			Just try to pin The Iron Soldier. Or wiggle away from The Giant Bull. Or just survive the cruel Crusher
			Brothers.

			Body slam. Drop kick. Pile drive. You'll even have the notorious German Suplex Hold. All at your command.

			Go for the title. Mexican League, Pacific League or World League. Whatever you do, play rough. Play to win.
		</story>
	</game>
	<game name="Great Baseball (Japan)">
		<description>Great Baseball</description>
		<year>1987</year>
		<manufacturer>Sega</manufacturer>
		<publisher>Sega</publisher>
		<score>2</score>
		<genre>Sports</genre>
		<players>2</players>
		<story>You're the manager. And you can field a total of 26 ball teams to battle for league leadership. Pick the
			team of your choice. Designate the starting pitcher. Then, play ball! And get ready for some of the most
			exciting baseball since the game was invented. Will it be a slugging match? A pitching duel? Need a pinch
			hitter or relief pitcher? You decide. It just takes the right strategy. A cool head. And sure ball control.
			And if you want batting practice, call up The Home Run Contest. A great feature of Great Baseball that lets
			you swing at 20 perfect pitches. It's going... It's going... It's gone!</story>
	</game>
	<game name="Great Golf (Japan)">
		<description>Masters Golf</description>
		<year>1987</year>
		<manufacturer>Sega</manufacturer>
		<publisher>Sega</publisher>
		<score>2.4</score>
		<genre>Sports</genre>
		<players>4</players>
		<story>Keep your head down. Eyes on the ball. Grip the club firmly... and swing. Welcome to the Sega Master's
			Tournament where you need to play better than "par" if you want to win. So tee-up for some real fun. And
			remember to play with caution. This championship course has been groomed for a truly competitive challenge.
			Eighteen holes full of roughs, bunkers and water hazards will put your nerves to a real test. But not to
			worry. You've got some clever moves to meet the challenge of a "dog leg" fairway or a tricky green. So go
			for a sneaky slice or hard hook to outplay the rest. Winner takes all! FORE!</story>
	</game>
	<game name="Great Ice Hockey (Japan, USA)">
		<description>Great Ice Hockey</description>
		<year>1987</year>
		<manufacturer>Sega</manufacturer>
		<publisher>Sega</publisher>
		<score>1.1</score>
		<genre>Sports</genre>
		<players>2</players>
		<story>Welcome to the Big Leagues. Here's a rough and tumble hockey game that takes a steady hand and quick
			reflexes. Because your mean opponents mean business. Teams line up in full defense. Tackle one another.
			Scramble for the puck. Drive relentlessly for a goal. Victory for your team depends on you. So you need
			sharp techniques. Quickness. Power. And smooth stick-shifting ability. Show you have the right touch, hit
			the puck straight into the goal. But just relax your guard, and see why they call the game of hockey
			"wrestling on ice."</story>
	</game>
	<game name="Great Soccer (Japan)">
		<description>Great Soccer</description>
		<year>1985</year>
		<manufacturer>Sega</manufacturer>
		<publisher>Sega</publisher>
		<score>3.1</score>
		<genre>Sports</genre>
		<players>2</players>
		<story>This version of Great Soccer is on the SEGA card. The other version of Great Soccer is on the SEGA
			cartridge and an entirely different game.

			This top-down perspective soccer game is just like a regular soccer match. Offsides, corner kicks and many
			other rulings make the game authentic. Whether on offense or defense, the player must gain control of the
			ball and score as often as possible. The team that ends up with the most goals at the end of regulation time
			wins.</story>
	</game>
	<game name="Great Tennis (Japan)">
		<description>Great Tennis</description>
		<year>1985</year>
		<manufacturer>Sega</manufacturer>
		<publisher>Sega</publisher>
		<score>3.4</score>
		<genre>Sports</genre>
		<players>2</players>
		<story>You are all over the courts in this test of your tennis and computer game skills. Every game is a
			challenge. Every match is a hard-fought battle of wits and technique. Use smashes and volleys. Go to the net
			for an intense rally. Exploit your opponents weakness and force the play with your own strengths. Pick the
			surface you want to play on. Choose the game you want to play. Play singles and challenge yourself to the
			limit. Play doubles and you combine your abilities with solid teamwork. You took the match? Well played.
			Next stop, Wimbledon!</story>
	</game>
	<game name="Great Volleyball (Japan)">
		<description>Great Volleyball</description>
		<year>1987</year>
		<manufacturer>Sega</manufacturer>
		<publisher>Sega</publisher>
		<score>3.6</score>
		<genre>Sports</genre>
		<players>2</players>
		<story>Once inside this gymnasium, the international competition is heavy. It's the Sega Volleyball Championship
			Tournament, where eight nations are competing to be the winning team.

			And what makes you a winner depends first, on which team you choose to represent your playing skills and
			then, what you choose to be their expert playing features.

			You're up against a crafty Cuban center with a taste for sideline spikes. How do you receive? With a quick
			set and a slow and evasive return, you just may watch their point lead disappear. It's your serve. You aim
			for their weak point, the corner court, but they've beat you to it. Next time, put some spin on the ball,
			and watch that serve win a point in your favor,

			But this was just a Goodwill Match. Now, you've been called against China for serious Tournament Play.
			First, hit the Practice Game to warm up and then it's on to the true test of your skills.

			Triple men blocks and delayed attacks are more sharp moves you can make to close in on your opposition.
			Because the more sophisticated your playing, the faster the game and the sooner the victory.</story>
	</game>
	<game name="Haja no Fuuin (Japan)">
		<description>Haja no Fuuin</description>
		<year>1987</year>
		<manufacturer>Sega</manufacturer>
		<publisher>Sega</publisher>
		<score>3.0</score>
		<genre>Role-Playing</genre>
		<players>1</players>
		<story>Fate calls thee to bar evil's way! The Dark Lord Terarin has removed the Golden Seal from the Pandora
			Passage to let monstrous creatures roam the Five Lands. An ancient prophecy foretells of four brave warriors
			destined to battle Terarin and return the Seal to its rightful place. Art thou the one fated to lead the
			Miracle Warriors? Dost noble blood flow in thy veins?

			Join now in a fantasy role-playing quest across time to a world of swords and sorcery. Three companions
			await you... if you can wake them from slumber.

			Miracle Warriors has a battery back-up memory so up to five can play and save their games! It's video gaming
			like you've never | played before... only from Sega®!</story>
	</game>
	<game name="Hang On (Japan)">
		<description>Hang On</description>
		<year>1985</year>
		<manufacturer>Sega</manufacturer>
		<publisher>Sega</publisher>
		<score>3.4</score>
		<genre>Racing</genre>
		<players>1</players>
		<story>Neck-breaking speeds, tight curves and world-class competition make Sega's Hang On the most exciting
			motorcycle racing game around. Hop aboard your supercycle and test your racing skill against the top riders
			on earth! Think you can beat them all to the finish? Prove it!</story>
	</game>
	<game name="High School! Kimengumi (Japan)">
		<description>High School! Kimengumi</description>
		<year>1986</year>
		<manufacturer>Sega</manufacturer>
		<publisher>Sega</publisher>
		<score>3.2</score>
		<genre>Adventure</genre>
		<players>1</players>
		<story>High School! Kimengumi (ハイスクール！ 奇面組) is a Sega Master System game based upon the 1985 anime adaptation of
			High School! Kimengumi.</story>
	</game>
	<game name="Hokuto no Ken (Japan)">
		<description>Hokuto No Ken</description>
		<year>1986</year>
		<manufacturer>Sega</manufacturer>
		<publisher>Sega</publisher>
		<score>3.5</score>
		<genre>Beat 'em Up</genre>
		<players>2</players>
		<story>In this game, you play Riki. Kyoko, your beautiful Japanese girlfriend, has been kidnapped, and in order
			to rescue her, you must get through a tireless army of enemies. These enemies come equipped with weapons
			that include whips, knives, swords, and flamethrowers, but Riki has to make do with his well-trained martial
			arts body.

			Black Belt is a side-scrolling game that is split into seven chapters. During these chapters, you are
			fighting Chinese Kung Fu men, wrestlers, jujitsu men, eagles, ninjas, and black women. When you get halfway
			through the chapter, you will fight a different enemy than one that you encounter before. At the end of each
			chapter, you have to defeat several bosses before continuing on to the next round. Each type of these has
			their own personal strengths and weaknesses.

			Once you touch an enemy or boss, you will lose energy. once you lose all energy, you lose a life, but more
			life can be restored by getting the cake when it comes across the screen in mid-air, or by defeating an
			enemy that will come at you halfway and you receive a bonus for doing so.

			Black Belt is a modified version of the Japanese-exclusive Hokuto no Ken, with the licence removed and new
			level designs.</story>
	</game>
	<game name="Hoshi wo Sagashite... (Japan)">
		<description>Hoshi wo Sagashite...</description>
		<year>1988</year>
		<manufacturer>Sega</manufacturer>
		<publisher>Sega</publisher>
		<score>3.1</score>
		<genre>Adventure</genre>
		<players>1</players>
		<story>The story of Mio begins as you, finally having gone on holidays, arrive on the planet Ilm to see your
			sweetheart Laila again. Before going to her house, you decide to buy a present for her. You visit a shady
			foreign man's shop and buy an egg that he promises will hatch a cute pet. When Laila sees the egg, she
			recognizes it as a Mio egg, Mios being a rare animal that is thought to be extinct. Since you gave her the
			egg, it is your responsibility to find out how you keep a Mio. Still, the fact that you have a Mio egg
			should not be known to everyone, since scientists will be very keen to take the animal from you for purposes
			of their studies.</story>
	</game>
	<game name="Kenseiden (Japan)">
		<description>Kujaku Ou</description>
		<year>1988</year>
		<manufacturer>Sega</manufacturer>
		<publisher>Sega</publisher>
		<score>3.5</score>
		<genre>Action; Platform</genre>
		<players>1</players>
		<story>It was a land of peace and plenty... until the evil Warlocks returned in a storm of ruin and destruction!
			Now, they have struck the final blow by stealing your heritage... the Sword of the Dragon King and the Five
			Secret Scrolls.

			You are Hayato. The blood of the Dragon King runs in your veins. Armed only with a samurai sword, you must
			travel through the sixteen provinces of ancient Japan, battling the warlocks and their monstrous armies in
			nightmare caves and castles! If you defeat the warlocks, you will learn the sword magic of the Scrolls
			and...maybe...regain the Sword of the Dragon King.

			Fail, and your country is doomed to a thousand centuries of terror! It is a battle only you can win!</story>
	</game>
	<game name="Kujaku Ou (Japan)">
		<description>Kujaku Ou</description>
		<year>1988</year>
		<manufacturer>Sega</manufacturer>
		<publisher>Sega</publisher>
		<score>3.5</score>
		<genre>Action; Platform</genre>
		<players>1</players>
		<story>It was a land of peace and plenty... until the evil Warlocks returned in a storm of ruin and destruction!
			Now, they have struck the final blow by stealing your heritage... the Sword of the Dragon King and the Five
			Secret Scrolls.

			You are Hayato. The blood of the Dragon King runs in your veins. Armed only with a samurai sword, you must
			travel through the sixteen provinces of ancient Japan, battling the warlocks and their monstrous armies in
			nightmare caves and castles! If you defeat the warlocks, you will learn the sword magic of the Scrolls
			and...maybe...regain the Sword of the Dragon King.

			Fail, and your country is doomed to a thousand centuries of terror! It is a battle only you can win!</story>
	</game>
	<game name="Lord of Sword (Japan)">
		<description>Lord of Sword</description>
		<year>1988</year>
		<manufacturer>Sega</manufacturer>
		<publisher>Sega</publisher>
		<score>3.3</score>
		<genre>Action; Role-Playing</genre>
		<players>1</players>
		<story>Art thou the man who will be King or just another rogue with a sword? Your name is Landau. Here's your
			chance to prove thy worthiness to the council of Elders.

			The followers of the evil Ra Goan have toppled the king from the throne. None are brave enough to take his
			place. The Elders have decreed that any man who can pass three tests will become King of Baljinya. Find the
			Tree of Merill. Defeat the Goblin of Balala Valley. Destroy the Statue of Evil. It sounds easy But the
			followers of Ra Goan are waiting to stop you!

			It's an adventure that will take you across rivers and oceans, through swamps and over mountains. You have a
			sword and a bow. But magical weapons may become yours... for a price.

			Pass the tests and you shall be king. But remember: There's more to being a Lord of The Sword than hacking
			apart thine enemies!</story>
	</game>
	<game name="Loretta no Shouzou - Sherlock Holmes (Japan)">
		<description>Loretta no Shouzou</description>
		<year>1987</year>
		<manufacturer>Sega</manufacturer>
		<publisher>Sega</publisher>
		<score>3.5</score>
		<genre>Adventure</genre>
		<players>1</players>
		<story>Loretta no Shouzou or Loretta's Portrait is an adventure game. In this title you play as Sherlock Holmes
			at the end of the 19th century who has agreed to find the portrait stolen from the art gallery. Basic
			gameplay is based around choosing appropriate commands such as Look, Take, Talk, Examine and so on, a
			separate menu also summons up the verbs related to movement such as Move or Enter. Despite those commands
			being in English, the majority of game text is in Japanese only, as the game was not released anywhere else.
		</story>
	</game>
	<game name="Mahjong Sengoku Jidai (Japan, Hong Kong)">
		<description>Mahjong Sengoku Jidai</description>
		<year>1987</year>
		<manufacturer>Sanritsu</manufacturer>
		<publisher>Sega</publisher>
		<score>2.3</score>
		<genre>Board Game</genre>
		<players>1</players>
		<story>Mahjong Sengoku Jidai ("Sengoku Period Mahjong") is a fairly straightforward Mahjong game from Sanritsu.
		</story>
	</game>
	<game name="Makai Retsuden (Japan)">
		<description>Makai Retsuden</description>
		<year>1987</year>
		<manufacturer>Sega</manufacturer>
		<publisher>Sega</publisher>
		<score>3.2</score>
		<genre>Beat 'em Up</genre>
		<players>2</players>
		<story>Get ready to perform the martial arts with the precision of a master. Now is the time to accept your fate
			as the most courageous man alive. You're the invincible Wang. The most skilled Kung Fu artist in the history
			of ancient China. Armed with the mysterious and traditional Talisman, your talents are the only defense
			against the wicked Madanda, the most dreaded creature to ever live. He's just awakened from a sleep of
			several thousand years and his desire is to terrorize your village and devour its people. The battle will be
			furious. And nobody knows the outcome for sure. So fight with pride and power to send this unnatural force
			to a final resting place.</story>
	</game>
	<game name="Maou Golvellius (Japan)">
		<description>Maou Golvellius</description>
		<year>1988</year>
		<manufacturer>Sega</manufacturer>
		<publisher>Sega</publisher>
		<score>3.7</score>
		<genre>Action; Role-Playing</genre>
		<players>1</players>
		<story>Enter the world of Golvellius. Where demons rule the valley of water...and control the creatures of land,
			sea and air. Where almost everyone stands against you. There is only one way in...and no way out except
			victory or death!

			It's an adventure that will take you across deserts and mountains, oceans and forests...through eerie
			graveyards and caves filled with danger and surprise.

			Golvellius has a PASSWORD SAVE feature that lets you keep all your possessions. So you never have to start
			an adventure empty handed!</story>
	</game>
	<game name="Maze Walker (Japan)">
		<description>Maze Walker</description>
		<year>1987</year>
		<manufacturer>Sega</manufacturer>
		<publisher>Sega</publisher>
		<score>3.3</score>
		<genre>Action</genre>
		<players>1</players>
		<story>TRAPPED! Above you is the star-filled void of space. Below... a mysterious, twisting maze filled with
			unknown dangers! To survive this maze you'll have to fight your way to the bottom. Put on your SegaScope 3D
			glasses. The maze comes to life with 3D graphics that will blow you away! The walls are so high they'll make
			you dizzy! Five areas and twenty levels... and countless dead ends. And, of course, the evil maze creatures!
			If you're fast enough you can try to jump over them. But find the maze weapons and you can hunt them down!
			If you make it to the bottom, you'll earn the title of maze hunter... and become a legend!</story>
	</game>
	<game name="Megumi Rescue (Japan)">
		<description>Megumi Rescue</description>
		<year>1988</year>
		<manufacturer>Sega</manufacturer>
		<publisher>Sega</publisher>
		<score>3</score>
		<genre>Action</genre>
		<players>1</players>
		<story>Megumi Rescue lets you control a rescue party of three to save people from a burning building. The group
			consists of two people holding a jumping sheet, and a third fire fighter bouncing on the sheet to reach the
			building's inhabitants at the windows.

			The sheet can be moved left and right, and the jumper can enter a square with an open/smashed window for a
			few seconds. If there is a fire behind the window, it will be put out. If the room is empty, it will be
			searched, and to certain chance, an item will be dropped. If there are inhabitants in the room, the jumper
			will take one person with him, which will be rescued on reaching the sheet.</story>
	</game>
	<game name="Nekkyuu Koushien (Japan)">
		<description>Nekkyuu Koushien</description>
		<year>1988</year>
		<manufacturer>Sega</manufacturer>
		<publisher>Sega</publisher>
		<score>3</score>
		<genre>Sports</genre>
		<players>2</players>
		<story>Nekkyuu Koushien is a high school baseball game for the Sega Master System. It was only released in
			Japan.</story>
	</game>
	<game name="Ninja (Japan)">
		<description>The Ninja</description>
		<year>1986</year>
		<manufacturer>Sega</manufacturer>
		<publisher>Sega</publisher>
		<score>3.7</score>
		<genre>Action</genre>
		<players>2</players>
		<story>The time is Japan's colorful past. But right now you have your hands full of trouble and Ninja darts. The
			darts are your secret weapons. The trouble is caused by the arch-tyrant Gyokuro, a merciless warlord who
			holds a princess prisoner in the subterranean vaults of his Ohkami Castle. Can you save the princess? Defeat
			the cruel Gyokuro and his henchmen and bring peace to the Castle Country? You have your hands full. But you
			also have your darts, your Ninja combat skills, and your feeling that a Ninja is invincible. Remember, too,
			you are fighting for a beautiful princess!</story>
	</game>
	<game name="Opa Opa (Japan)">
		<description>Opa Opa</description>
		<year>1987</year>
		<manufacturer>Sega</manufacturer>
		<publisher>Sega</publisher>
		<score>3.1</score>
		<genre>Action</genre>
		<players>2</players>
		<story>Join Opa-Opa™ in Sega's third Fantasy Zone adventure! It's all the action and adventure that made Fantasy
			Zone famous...in a new gaming format!

			The evil Menons have returned... in multi-level bases which are hidden in seven different planets! The brave
			Opa-Opa has been called to battle their evil threat. And joining him in the fight is his younger brother,
			Upa-Upa™.

			Your Mission: Guide this brave team of brothers through level after level of treacherous mazes. Get the
			golden coins stolen by the Menon hoard and use them to purchase powerful weapons.

			The fantasy zone is counting on you! Don't let them down.</story>
	</game>
	<game name="Phantasy Star (Japan)">
		<description>Phantasy Star</description>
		<year>1987</year>
		<manufacturer>Sega</manufacturer>
		<publisher>Sega</publisher>
		<score>4.4</score>
		<genre>Role-Playing</genre>
		<players>1</players>
		<story>The time: Space Century 3240. The place: The Algol Star System. It began when King Lassic turned evil and
			let hordes of hideous, magical creatures run amok on the three planets. When her brother was killed, Alis
			vowed to avenge his death and put an end to Lassic forever.

			Join her in a journey across time and space to worlds where creatures speak...where magic and science
			combine to take you on the ultimate video quest.

			Phantasy Star is total adventure role playing with towns full of people and shops...16 level dungeons full
			of traps and treasure...three companions who will help you if you find them and some of the most awesome
			graphics ever put in a video game.</story>
	</game>
	<game name="Pro Yakyuu, The - Pennant Race (Japan)">
		<description>The Pro Yakyuu: Pennant Race</description>
		<year>1987</year>
		<manufacturer>Sega</manufacturer>
		<publisher>Sega</publisher>
		<score>2.3</score>
		<genre>Sports</genre>
		<players>2</players>
		<story>The Pro Yakyuu: Pennant Race is a baseball game for the Sega Master System. Released only in Japan, it
			was an upgrade of Great Baseball, a title not released in Japan. Apart from localisation of players and
			teams for the Japanese market the game was significantly altered, including amongst other things a
			bird's-eye view of play as opposed to Great Baseball's isometric view.</story>
	</game>
	<game name="Satellite 7 (Japan)">
		<description>Satellite 7</description>
		<year>1985</year>
		<manufacturer>Sega</manufacturer>
		<publisher>Sega</publisher>
		<score>3.6</score>
		<genre>Shooter</genre>
		<players>2</players>
		<story>Satellite 7 (サテライト7) is a shoot-'em-up game developed and published by Sega. It was released for the Sega
			Master System exclusively in Japan on Sega Card in 1985.

			The game is a fairly standard shooter and is very similar to Namco's Xevious. Button 1 launches bombs at
			ground targets, and 2 shoots forward at airborne targets.</story>
	</game>
	<game name="SDI (Japan)">
		<description>SDI</description>
		<year>1987</year>
		<manufacturer>Sega</manufacturer>
		<publisher>Sega</publisher>
		<score>3.6</score>
		<genre>Shooter</genre>
		<players>1</players>
		<story>Earth is under attack! From secret bases hidden in the farthest reaches of the galaxy, deadly missiles
			have been sent to destroy your home planet. Earth needs a Champion, someone with courage...the skill to
			operate a Global Defense satellite...someone who is brave enough to fight a space battle with almost
			impossible odds. Earth needs you to take on the enemy in one of the meanest, toughest space battles ever!

			You've got the Global Defense Satellite and a supercharged laser cannon. Through ten waves of nonstop
			action, seek out and destroy the enemy missiles and satellites...zapping anything that gets in your way.

			Each wave is tougher. The risks, greater. Nobody said it would be easy. Are you ready for Global Defense™?
		</story>
	</game>
	<game name="Seishun Scandal (Japan)">
		<description>Seishun Scandal</description>
		<year>1986</year>
		<manufacturer>Sega</manufacturer>
		<publisher>Sega</publisher>
		<score>3.2</score>
		<genre>Beat 'em Up</genre>
		<players>2</players>
		<story>A bunch of seedy punks - complete with mohawks - try to steal your girl. It's a new variation on the old
			"Boy loses Girl" theme. Only it's more like "Boy loses life, if he doesn't get Girl back." Battle knife
			throwers, ferocious bulldogs, flying bottles, even the gang leader - whose name happens to be Mohikan. If it
			all seems hopelessly overwhelming, take heart. You're a high-ranking kung fu master. So you do have
			incredible martial arts skills in your favor. But then again, you don't have your girl. The punks do.
		</story>
	</game>
	<game name="Shinobi (Japan, Brazil)">
		<description>Shinobi</description>
		<year>1988</year>
		<manufacturer>Sega</manufacturer>
		<publisher>Sega</publisher>
		<score>4.2</score>
		<genre>Action</genre>
		<players>1</players>
		<story>A NEW Sega arcade hit comes to life on the Sega System!

			You're Jo-Mushashi, a mild-mannered martial arts instructor. But you have another job as well. When duty
			calls, you're a Master Ninja! YOUR MISSION: An evil terrorist network, the Ring of Fire, has kidnapped the
			children of the world's leaders! You must get the hostages back...and defeat the Ring of Fire!

			They're waiting for you with gunmen, thugs, mongos and green ninjas. But you alone have the power of Ninja
			Magic!

			It's arcade-like action...only from Sega!</story>
	</game>
	<game name="Solomon no Kagi - Oujo Rihita no Namida (Japan)">
		<description>Solomon no Kagi: Oujo Rihita no Namida</description>
		<year>1988</year>
		<manufacturer>Aisystem Tokyo</manufacturer>
		<publisher>Salio</publisher>
		<score>3.0</score>
		<genre>Platform; Puzzle</genre>
		<players>1</players>
		<story>Solomon no Kagi: Oujo Rihita no Namida is a platform-puzzle arcade game developed by Tecmo, which was
			subsequently brought to the Sega Master System by Salio in 1988. The game was brought to the west via other
			platforms as Solomon's Key, though the Master System version remained exclusive to Japan.

			The object of the game is get a key and then make your way to the exit. To achieve this, Solomon can create
			and destroy blocks, which can be used to trap enemies or as platforms.

			You and Dana, the wizard of Lyrac, must unlock Solomon's scroll of secrets to restore peace in the
			constellations. With Dana's magic, fire, and mystical powers, you will help release the imprisoned Princess
			of the Fairies and harness the evil forces within the constellations. But first, you need the key! Solomon's
			Key!</story>
	</game>
	<game name="Space Harrier (Japan, USA)">
		<description>Space Harrier</description>
		<year>1986</year>
		<manufacturer>AM R&amp;D Dept. #2</manufacturer>
		<publisher>Sega</publisher>
		<score>3.3</score>
		<genre>Shooter</genre>
		<players>1</players>
		<story>You are Harrier, the resourceful extra-terrestrial warrior. And space is your battlefield.

			Your mission is to save the Land of the Dragons from vicious creatures led by the vile and crafty One-eyed
			Mammoth.

			Aided by your only friends, the Dragons, you find yourself attacked again and again. You fight off one
			heavily-armed alien after another.

			You must use every trick in the book. Every skill at your command. The clashes are thrilling and demanding.
			The combat scenes are powerful.

			Can you survive the intense fighting? For your sake. For the sake of the Land of the Dragons. You must!
		</story>
	</game>
	<game name="Space Harrier 3D (Japan)">
		<description>Space Harrier 3D</description>
		<year>1988</year>
		<manufacturer>Sega</manufacturer>
		<publisher>Sega</publisher>
		<score>3.4</score>
		<genre>Shooter</genre>
		<players>1</players>
		<story>The intergalactic warrior Space Harrier returns... in an all-new 3D adventure! The peaceful Land of the
			Dragons is again under attack. Evil creatures fill the land and sky. Euria, the magnificent white dragon, is
			being held prisoner in a diabolical trap. Only you, the Space Harrier, can set him free. But this time, the
			challenge is greater than ever before! Put on your SegaScope 3D Glasses. The screen will come alive with new
			3D graphics, enemies and wild new battle scenes! Only you stand between the peaceful dragons and defeat. Get
			ready for the battle of a lifetime!</story>
	</game>
	<game name="Sports Pad Soccer (Japan) (Rev 1)">
		<description>Sports Pad Soccer</description>
		<year>1987</year>
		<manufacturer>Sega</manufacturer>
		<publisher>Sega</publisher>
		<score>3.6</score>
		<genre>Sports</genre>
		<players>2</players>
		<story>World Soccer, known as Great Soccer in the US (though not the same as Great Soccer released in Europe and
			Japan), and Super Futebol in Brazil, is a sports game developed and published by Sega for the Sega Master
			System. The game was rereleased in Japan a year later under the name Sports Pad Soccer, which was bundled
			with the Sega Sports Pad.</story>
	</game>
	<game name="Spy vs Spy (Japan)">
		<description>Spy vs Spy</description>
		<year>1986</year>
		<manufacturer>Sega</manufacturer>
		<publisher>Sega</publisher>
		<score>3.3</score>
		<genre>Action</genre>
		<players>2</players>
		<story>It's Heckel and Jackel, those MAD, zany, black and white spies from everyone's favorite magazine! This
			time, they're on missions that will provide you and a friend with hours of fun.

			Five important items have been hidden in a series of rooms. One spy must get the items and escape to the
			airport...before the timer runs out! Catch the other spy and knock him silly with powerful punches and
			kicks! Or use the spy traps to booby trap doors, pictures and bookcases. If the other spy hits the
			trap...Kaboom!

			It's espionage, intrigue and madcap fun...only from Sega!</story>
	</game>
	<game name="Sukeban Deka II - Shoujo Tekkamen Densetsu (Japan)">
		<description>Sukeban Deka II: Shoujo Tekkamen Densetsu</description>
		<year>1987</year>
		<manufacturer>Sega</manufacturer>
		<publisher>Sega</publisher>
		<score>2.6</score>
		<genre>Action; Adventure</genre>
		<players>1</players>
		<story>Sukeban Deka II: Shoujo Tekkamen Densetsu ("Delinquent Girl Cop: Legend of the Maiden's Iron Mask") is a
			game based on the Sukeban Deka license, specifically that of the TV show remake in the 80s which was named
			Sukeban Deka II (which is why this game has no predecessor despite being a "II"). The series follows a
			Japanese schoolgirl who has chosen to fight crime after flaunting the law herself one too many times. Her
			only notable characteristic, as far as this game is concerned, is the use of a weaponized metal yo-yo to
			pummel her foes.

			The game is one part brawler, pitting the main character Suki against either a wave of criminals which she
			must defeat en masse or a single boss with a considerable amount of strength and health. The rest of the
			game is presented as a first-person adventure game, like Portopia and other text and point and click
			adventures available for Japanese home computers at the time. The player's actions in one mode generally
			leads them to the other, as enemies are met in the adventure's story and are then summarily dealt with in
			the brawler mode.</story>
	</game>
	<game name="Super Racing (Japan)">
		<description>Super Racing</description>
		<year>1988</year>
		<manufacturer>Sega</manufacturer>
		<publisher>Sega</publisher>
		<score>3.2</score>
		<genre>Racing</genre>
		<players>1</players>
		<story>Super Racing is a Formula 1 racing game. There are two main game modes: Real mode (with the engine sounds
			only) and BMG mode (with background music during the races).

			The game is played from a top-down perspective. The car moves only in the vertical direction (from bottom to
			top), with turns being up to 45° to the right or to the left (with 90° turns when the car leaves a 45° turn
			to enter another in the opposite direction). One button is used to accelerate, the other to change gears
			(low or high). Cars can take damage and the fuel supply is limited. Pit stops are required to fix car damage
			and to refuel.</story>
	</game>
	<game name="Super Wonder Boy - Monster World (Japan)">
		<description>Super Wonder Boy: Monster World</description>
		<year>1988</year>
		<manufacturer>Sega</manufacturer>
		<publisher>Sega</publisher>
		<score>4.2</score>
		<genre>Action; Platform; Role-Playing</genre>
		<players>1</players>
		<story>Wonder Land was quiet and peaceful...until the terrible Meka Dragon took over with his army of evil
			monsters! Now it's called Monster Land and its people are suffering.

			Only one person is brave enough to face the evil dragon. That's you, the one they call Wonder Boy! You'll
			start with nothing more than bare feet and a short sword. Some people will help you...if you knock on the
			right doors. Fight hard and you'll win gold to buy armor, weapons and magic!

			To defeat the Meka Dragon you must travel through twelve rounds, fighting in the air, at sea, on the ground
			and underground. If you make it to the dragon's lair, you'll discover the greatest secret of all! That is,
			if you survive....</story>
	</game>
	<game name="Super Wonder Boy ~ Wonder Boy (Japan, Europe)">
		<description>Super Wonder Boy</description>
		<year>1987</year>
		<manufacturer>Westone</manufacturer>
		<publisher>Sega</publisher>
		<score>3.9</score>
		<genre>Platform</genre>
		<players>2</players>
		<story>Have you ever wondered what it would be like to set out all alone through the deepest of deep dark
			forests?

			To live off the fruit of the land? And fend for yourself against nature's nasty woodland creatures?

			Have you ever wondered how you'd cope in the middle of a burning desert? With nothing but a skateboard and a
			glass of milk to see you through?

			Well now you have to. Because Tanya, the love of your life, has been kidnapped and taken to the other side
			of the planet. You've got to get her back. As soon as possible.

			Besides, she'd never forgive you if you didn't risk your life for her.</story>
	</game>
	<game name="Teddy Boy Blues (Japan)">
		<description>Teddy Boy Blues</description>
		<year>1985</year>
		<manufacturer>Sega</manufacturer>
		<publisher>Sega</publisher>
		<score>3.7</score>
		<genre>Platform</genre>
		<players>1</players>
		<story>Teddy Boy stars a young boy who is armed with a gun. Each level is an infinitely repeating maze with
			several dice. Each die is filled with monsters which hatch out and the player must shoot to shrink, then
			collect them. If the player does not collect each shrunken monster quickly, it turns into a time-eating bug
			which flies to the time limit bar and consumes a chunk of it. If you touch one monster or run out of time
			then you lose a life. The game ends if all lives are lost.</story>
	</game>
	<game name="Tensai Bakabon (Japan)">
		<description>Tensai Bakabon</description>
		<year>1988</year>
		<manufacturer>Sega</manufacturer>
		<publisher>Sega</publisher>
		<score>1.8</score>
		<genre>Action; Adventure</genre>
		<players>1</players>
		<story>Tensai Bakabon ("Genius Bakabon") is based on the manga and anime of the same name, a comedic
			slice-of-life comic strip that has long since shifted its focus from the original main character, a
			dull-witted young boy, to the more appealing character of his rather crazy and stubborn Papa.

			The game has sparse sequences where Papa can jump, shoot enemies and fight with random NPCs, but the game is
			largely about exploration and talking to NPCs, like in any text/graphic adventure game.</story>
	</game>
	<game name="Thunder Blade (Japan)">
		<description>Thunder Blade</description>
		<year>1988</year>
		<manufacturer>Sega</manufacturer>
		<publisher>Sega</publisher>
		<score>3.3</score>
		<genre>Shooter</genre>
		<players>1</players>
		<story>Get ready to take part in the greatest helicopter battle of the century with THUNDER BLADE, the SEGA
			arcade hit!

			You're the Gunship Gladiator. You fly the Thunder Blade chopper. Some say you're unstoppable. This mission
			will put you to the test!

			The enemy has invaded your country. That makes you mad. So you're going to stop them...all by yourself! In
			cities...over deserts and oceans...in caves and through refineries...you're cutting loose with your cannons
			and dropping air-to-surface missiles from your skids.

			They've got tanks, airpower and incredible super fortresses. But you've got guts, a taste for glory...and
			the meanest fightin' copter in the sky!</story>
	</game>
	<game name="Woody Pop - Shinjinrui no Block Kuzushi (Japan)">
		<description>Woody Pop: Shinjinrui no Block Kuzushi</description>
		<year>1987</year>
		<manufacturer>Sega</manufacturer>
		<publisher>Sega</publisher>
		<score>3.3</score>
		<genre>Action</genre>
		<players>1</players>
		<story>With a wooden paddle, which in fact is Woody the tree spirit, you bounce your ball against bricks laid
			out in a big house filled with toys. The toys will come out to disturb you. When you hit "mystery bricks",
			wind-up toy soldiers or robots come out, obstructing your ball. On some levels, a toy train will cross your
			path as well. Speaking of wells, the bottom of the screen is not a big black hole as in most other games of
			this kind – instead the whole covers only a part of the wall, so that even if you miss the ball, it might
			bounce back in the corners.

			Once a room is cleared, you can choose freely between up to three adjacent rooms to progress to, making this
			game less linear than usual.</story>
	</game>
	<game name="Ys (Japan)">
		<description>Ys</description>
		<year>1988</year>
		<manufacturer>Sega</manufacturer>
		<publisher>Sega</publisher>
		<score>3.7</score>
		<genre>Action; Role-Playing</genre>
		<players>1</players>
		<story>Once long ago, the Kingdom of Y's fell under a reign of evil. But the Goddesses of Y's saved the Kingdom
			from ruin. Their feats were written in six magical books and hidden until the time the Goddesses would be
			needed again.

			A thousand years later, that time has come. You are Aron, a wanderer. An evil sorcerer named Dark Dekt is
			planning diabolical magic. And the Seer Sara is desperately looking for a swordsman to help her find the
			vanished six books of Y's.

			Now arm yourself and prepare for an adventure into the unknown. Where caverns and towers are filled with
			creatures and hoards of treasure. Where the strangest people have clues to tell you. Where your skill in
			combat depends on your reflexes.

			If you succeed, you'll have the power to call down the Goddesses. Fail, and Dark Dekt will rule the Kingdom
			under a reign of terror forever!</story>
	</game>
</menu>