<?xml version="1.0"?>
<menu>
    <game name="Another Super Mario Bros. Wii">
        <description>Another Super Mario Bros. Wii</description>
        <year>2010</year>
        <developer>Skawo</developer>
        <manufacturer>Skawo</manufacturer>
        <score>0.85</score>
        <genre>Platform</genre>
        <players>4</players>
        <story>Another Super Mario Bros. Wii is a simple mod created by Skawo and released in December 2010 which includes a full set of new levels with the same themes as the original game.
    </game>
	<game name="Cannon Super Mario Bros Wii">
        <description>Cannon Super Mario Bros Wii</description>
        <year>2012</year>
        <developer>Leplap and Weland</developer>
        <manufacturer>Leplap and Weland</manufacturer>
        <score>0.85</score>
        <genre>Platform</genre>
        <players>4</players>
        <story>Released by Leplap and Weland, Cannon Super Mario Bros. Wii is a hack of the famous Nintendo game New Super Mario Bros. Wii.
            This mod features 14 full new levels divided over 3 worlds, over 50 new goodies and retextured objects, many custom music composed over almost all levels, and of course some custom tilesets.
    </game>
    <game name="Epic Super Bowser World">
        <description>Epic Super Bowser World</description>
        <year>2012</year>
        <developer>Lelap and Weland</developer>
        <manufacturer>Lelap and Weland</manufacturer>
        <score>0.85</score>
        <genre>Platform</genre>
        <players>4</players>
        <story>Released by Leplap and Weland, Epic Bowser World is a hack of the famous Nintendo game New Super Mario Bros. Wii.
            This mod has 11 full new levels divided over 3 worlds, over 25 new goodies and retextured objects, many custom music composed over almost all levels, and of course some custom tilesets.
    </game>	
    <game name="Ghostly Super Ghost Boos Wii">
        <description>Ghostly Super Ghost Boos Wii</description>
        <year>2015</year>
        <developer>LOrb Sheddy</developer>
        <manufacturer>LOrb Sheddy</manufacturer>
        <score>0.85</score>
        <genre>Platform</genre>
        <players>4</players>
        <story>Ghostly Super Ghost Boos Wii is a world 1 hack created by LOrb Sheddy.
		    Bowser has sent Boos over to the Mushroom Kingdom as a distraction to kidnap the princess! 
            It's up to you, as Mario, Luigi and the Toads, to dispel the haunters and chase down Bowser to get her back.
    </game>	
    <game name="Newer Apocalypse">
        <description>Newer Apocalypse</description>
        <year>2014</year>
        <developer>Python</developer>
        <manufacturer>Python</manufacturer>
        <score>0.85</score>
        <genre>Platform</genre>
        <players>4</players>
        <story>This is Python's second Hack that he has worked since RVLution Wii was finished. 
            Features -17 all new Stages spanned over two horrific Worlds -Lack of Checkflags for an extra Challenge (with two Exceptions) -New Music and unused Music from NewerSMBW -Plenty of scary Retextures
    </game>	
	    <game name="Newer Falling Leaf">
        <description>Newer Falling Leaf</description>
        <year>2014</year>
        <developer>Newer Team</developer>
        <manufacturer>Newer Team</manufacturer>
        <score>0.85</score>
        <genre>Platform</genre>
        <players>4</players>
        <story>This special autumn themed minihack is a result of cobbling together leftovers from a project Skawo decided to scrap earlier this year.
    </game>	
    <game name="Newer Summer Sun">
        <description>Newer Summer Sun</description>
        <year>2012</year>
        <developer>Newer Team</developer>
        <manufacturer>Newer Team</manufacturer>
        <score>0.85</score>
        <genre>Platform</genre>
        <players>4</players>
        <story>Ready for some fun in the sun? The Newer Team is proud to present the Newer Summer Sun special! 
		    So put on your sun hats and rub in the sunscreen, cause here we go!
    </game>	
    <game name="Newer Super Luigi Wii Dark Moon">
        <description>Newer Super Luigi Wii Dark Moon</description>
        <year>2017</year>
        <developer>New Luigi Team</developer>
        <manufacturer>New Luigi Team</manufacturer>
        <score>0.85</score>
        <genre>Platform</genre>
        <players>4</players>
        <story>Newer Super Luigi Wii: Dark Moon is a fan-made sequel to Newer Super Mario Bros. Wii. 
		    Freshened up from their last adventure, Mario and the gang decide to explore a small remote location called Evershade Isles. 
			However, in the midst of their expedition, Mario goes missing! Looks like it's up to Luigi to save the day!
    </game>
    <game name="Newer Super Mario Bros. Holiday Special">
        <description>Newer Super Mario Bros. Holiday Special</description>
        <year>2011</year>
        <developer>Newer Team</developer>
        <manufacturer>Newer Team</manufacturer>
        <score>0.85</score>
        <genre>Platform</genre>
        <players>4</players>
        <story>Newer: Holiday Special is a frosty adventure created to celebrate Christmas 2011. 
		    Explore 8 of the coldest levels you'll ever see, set to chilly music and new, icy textures!
    </game>
    <game name="Newer Super Mario Bros. Wii">
        <description>Newer Super Mario Bros. Wii</description>
        <year>2013</year>
        <developer>Newer Team</developer>
        <manufacturer>Newer Team</manufacturer>
        <score>0.85</score>
        <genre>Platform</genre>
        <players>4</players>
        <story>Newer is a full unofficial sequel to New Super Mario Bros. Wii, crafted over the span of 3 years by a team of devoted Nintendo fans. Playable legally on any homebrew-enabled Wii; no piracy or hardware mods needed. In Newer, you'll find...
            128 all-new levels on a gigantic world map
			Remixed and original graphics, themes and music
			The return of a classic Power-Up
			New and old bosses and enemies
			Fun with 1 to 4 players, just like the original game
    </game>	
    <game name="RVLution Wii">
        <description>RVLution Wii</description>
        <year>2014</year>
        <developer>Python</developer>
        <manufacturer>Python</manufacturer>
        <score>0.85</score>
        <genre>Platform</genre>
        <players>4</players>
        <story>Take control over Skawo on sixteen different stages to join his quest to defeat Smithytroll! 
		    And there are plenty of retextures for sprites, like Ameboids (SMRPG), Machine Koopas, and more!
    </game>		
    <game name="Super Luigi Land Wii">
        <description>Super Luigi Land Wii</description>
        <year>2020</year>
        <developer>New Luigi Team</developer>
        <manufacturer>New Luigi Team</manufacturer>
        <score>0.85</score>
        <genre>Platform</genre>
        <players>4</players>
        <story>Hello, and welcome to SUPER LUIGI LAND WII This game is a modification of New Super Mario Bros. Wii using assets from Newer Super Mario Bros. Wii. 
            Mario has gone missing yet again, and it's up to Luigi and co. to save him once more! 
			However, this time, they have Luigi's unique set of physics on their side!
    </game>		
    <game name="Super Mario Vacation">
        <description>Super Mario Vacation</description>
        <year>2014</year>
        <developer>Lelap and Weland</developer>
        <manufacturer>Lelap and Weland</manufacturer>
        <score>0.85</score>
        <genre>Platform</genre>
        <players>4</players>
        <story>Weland and Leplap have made a new hack called: Super Mario Vacation. The hack isn't as complex as Epic and Cannon but it is a nice little hack that they made in about 3 weeks.
            The mini hack contains:
            - 7 new levels and one old level from MSMBW - A couple of new backgrounds - Custom music - New tilesets - And a new layout menu
    </game>			
    <game name="Ultimate Super Luigi Wii">
        <description>Ultimate Super Luigi Wii</description>
        <year>2020</year>
        <developer>Ultimate Green Team</developer>
        <manufacturer>Ultimate Green Team</manufacturer>
        <score>0.85</score>
        <genre>Platform</genre>
        <players>4</players>
        <story>Ultimate Super Luigi Wii is a hack just like Newer Super Mario Bros. Wii by the Ultimate Green Team. 
		    This mod will act similarly to Newer using the same engine but featuring the forgotten Luigi once again with a more ultimate style of gameplay.
    </game>		
</menu>