<?xml version="1.0"?>
<menu>
  <header>
    <listname>Pinball Arcade v1.38.10</listname>
    <lastlistupdate>05/30/2015</lastlistupdate>
    <listversion>2.01</listversion>
    <exporterversion>marxkemp</exporterversion>
  </header>
	<game name="ACDC (Stern)" index="" image="">
		<description>ACDC (Stern)</description>
		<year>2012</year>
		<developer>FarSight Studios</developer>
		<manufacturer>Stern</manufacturer>
		<score>4.3</score>
		<genre>Pinball</genre>
		<players>4</players>
		</game>
	<game name="Addams Family, The (Bally)" index="" image="">
		<description>Addams Family, The (Bally)</description>
		<year>1992</year>
		<developer>Micronics</developer>
		<manufacturer>Bally</manufacturer>
		<score>4.7</score>
		<genre>Pinball</genre>
		<players>4</players>
		</game>
	<game name="Al&apos;s Garage Band goes on a World Tour (Alvin G)">
		<description>Al&apos;s Garage Band goes on a World Tour (Alvin G)</description>
		<score>3.4</score>
		<developer>FarSight Studios</developer>
		<manufacturer>Alvin G</manufacturer>
		<year>1992</year>
		<genre>Pinball</genre>
		<players>4</players>
		</game>
	<game name="Attack From Mars (Bally)">
		<description>Attack From Mars (Bally)</description>
		<score>4.2</score>
		<developer>FarSight Studios</developer>
		<manufacturer>Bally</manufacturer>
		<year>1995</year>
		<genre>Pinball</genre>
		<players>4</players>
		</game>
	<game name="Banzai Run (Williams)">
		<description>Banzai Run (Williams)</description>
		<score>3.2</score>
		<developer>FarSight Studios</developer>
		<manufacturer>Williams</manufacturer>
		<year>1988</year>
		<genre>Pinball</genre>
		<players>4</players>
		</game>
	<game name="Big Buck Hunter (Stern)">
		<description>Big Buck Hunter (Stern)</description>
		<score>3.8</score>
		<developer>FarSight Studios</developer>
		<manufacturer>Stern</manufacturer>
		<year>2010</year>
		<genre>Pinball</genre>
		<players>4</players>
		</game>
	<game name="Big Shot (Gottlieb)">
		<description>Big Shot (Gottlieb)</description>
		<score>4.2</score>
		<developer>FarSight Studios</developer>
		<manufacturer>Gottlieb</manufacturer>
		<year>1993</year>
		<genre>Pinball</genre>
		<players>4</players>
		</game>
	<game name="Black Hole (Gottlieb)">
		<description>Black Hole Gottlieb</description>
		<score>4.4</score>
		<developer>FarSight Studios</developer>
		<manufacturer>Gottlieb</manufacturer>
		<year>1981</year>
		<genre>Pinball</genre>
		<players>4</players>
		</game>
	<game name="Black Knight (Williams)">
		<description>Black Knight (Williams)</description>
		<score>4.3</score>
		<developer>FarSight Studios</developer>
		<manufacturer>Williams</manufacturer>
		<year>1980</year>
		<genre>Pinball</genre>
		<players>4</players>
		</game>
	<game name="Black Knight 2000 (Williams)">
		<description>Black Knight 2000 (Williams)</description>
		<score>4.4</score>
		<developer>FarSight Studios</developer>
		<manufacturer>Williams</manufacturer>
		<year>1989</year>
		<genre>Pinball</genre>
		<players>4</players>
		</game>
	<game name="Black Rose (Bally)">
		<description>Black Rose (Bally)</description>
		<score>4.1</score>
		<developer>FarSight Studios</developer>
		<manufacturer>Bally</manufacturer>
		<year>1992</year>
		<genre>Pinball</genre>
		<players>4</players>
			</game>
	<game name="Bone Busters Inc. (Gottlieb)">
		<description>Bone Busters Inc. (Gottlieb)</description>
		<score>3.6</score>
		<developer>FarSight Studios</developer>
		<manufacturer>Gottlieb</manufacturer>
		<year>1989</year>
		<genre>Pinball</genre>
		<players>4</players>
			</game>
	<game name="Bram Stoker&apos;s Dracula (Williams)">
		<description>Bram Stoker&apos;s Dracula (Williams)</description>
		<score>4.4</score>
		<developer>FarSight Studios</developer>
		<manufacturer>Williams</manufacturer>
		<year>1993</year>
		<genre>Pinball</genre>
		<players>4</players>
		</game>
	<game name="Bride of Pin-Bot (Williams)">
		<description>Bride of Pin-Bot (Williams)</description>
		<score>4.2</score>
		<developer>FarSight Studios</developer>
		<manufacturer>Williams</manufacturer>
		<year>1991</year>
		<genre>Pinball</genre>
		<players>4</players>
		</game>
	<game name="Cactus Canyon (Bally)">
		<description>Cactus Canyon (Bally)</description>
		<score>4.3</score>
		<developer>FarSight Studios</developer>
		<manufacturer>Bally</manufacturer>
		<year>1998</year>
		<genre>Pinball</genre>
		<players>4</players>
		</game>
	<game name="Cactus Jack's (Gottlieb)">
		<description>Cactus Jack's (Gottlieb)</description>
		<score>3.3</score>
		<developer>FarSight Studios</developer>
		<manufacturer>Gottlieb</manufacturer>
		<year>1991</year>
		<genre>Pinball</genre>
		<players>4</players>
		</game>
	<game name="Centaur (Bally)">
		<description>Centaur (Bally)</description>
		<score>4.4</score>
		<developer>FarSight Studios</developer>
		<manufacturer>Bally</manufacturer>
		<year>1981</year>
		<genre>Pinball</genre>
		<players>4</players>
		</game>
	<game name="Centigrade 37 (Gottlieb)">
		<description>Centigrade 37 (Gottlieb)</description>
		<score>4.2</score>
		<developer>FarSight Studios</developer>
		<manufacturer>Gottlieb</manufacturer>
		<year>1977</year>
		<genre>Pinball</genre>
		<players>4</players>
		</game>
	<game name="Central Park (Gottlieb)">
		<description>Central Park (Gottlieb)</description>
		<score>4.3</score>
		<developer>FarSight Studios</developer>
		<manufacturer>Gottlieb</manufacturer>
		<year>1966</year>
		<genre>Pinball</genre>
		<players>4</players>
		</game>
	<game name="Champion Pub, The (Bally)">
		<description>Champion Pub, The (Bally)</description>
		<score>4.4</score>
		<developer>FarSight Studios</developer>
		<manufacturer>Bally</manufacturer>
		<year>1998</year>
		<genre>Pinball</genre>
		<players>4</players>
		</game>
	<game name="Cirqus Voltaire (Bally)">
		<description>Cirqus Voltaire (Bally)</description>
		<score>4.2</score>
		<developer>FarSight Studios</developer>
		<manufacturer>Bally</manufacturer>
		<year>1997</year>
		<genre>Pinball</genre>
		<players>4</players>
		</game>
	<game name="Class of 1812 (Gottlieb)">
		<description>Class of 1812 (Gottlieb)</description>
		<score>4.3</score>
		<developer>FarSight Studios</developer>
		<manufacturer>Gottlieb</manufacturer>
		<year>1991</year>
		<genre>Pinball</genre>
		<players>4</players>
		</game>
	<game name="Creature from the Black Lagoon (Bally)">
		<description>Creature from the Black Lagoon (Bally)</description>
		<score>4.1</score>
		<developer>FarSight Studios</developer>
		<manufacturer>Bally</manufacturer>
		<year>1992</year>
		<genre>Pinball</genre>
		<players>4</players>
		</game>
	<game name="Cue Ball Wizard (Gottlieb)">
		<description>Cue Ball Wizard (Gottlieb)</description>
		<score>4.1</score>
		<developer>FarSight Studios</developer>
		<manufacturer>Gottlieb</manufacturer>
		<year>1992</year>
		<genre>Pinball</genre>
		<players>4</players>
		</game>
	<game name="Cyclone (Williams)">
		<description>Cyclone (Williams)</description>
		<score>3.6</score>
		<developer>FarSight Studios</developer>
		<manufacturer>Gottlieb</manufacturer>
		<year>1988</year>
		<genre>Pinball</genre>
		<players>4</players>
		</game>
	<game name="Diner (Williams)">
		<description>Diner (Williams)</description>
		<score>3.7</score>
		<developer>FarSight Studios</developer>
		<manufacturer>Williams</manufacturer>
		<year>1990</year>
		<genre>Pinball</genre>
		<players>4</players>
		</game>
	<game name="Doctor Who - Master of Time (FarSight)">
		<description>Doctor Who - Master of Time (FarSight)</description>
		<score>3.9</score>
		<developer>FarSight Studios</developer>
		<manufacturer>FarSight</manufacturer>
		<year>2016</year>
		<genre>Pinball</genre>
		<players>4</players>
		</game>
	<game name="Doctor Who (Midway)">
		<description>Doctor Who (Midway)</description>
		<score>3.8</score>
		<developer>FarSight Studios</developer>
		<manufacturer>Midway</manufacturer>
		<year>1992</year>
		<genre>Pinball</genre>
		<players>4</players>
		</game>
	<game name="Dr. Dude &amp; His Excellent Ray (Bally)">
		<description>Dr. Dude &amp; His Excellent Ray (Bally)</description>
		<score>4.2</score>
		<developer>FarSight Studios</developer>
		<manufacturer>Bally</manufacturer>
		<year>1990</year>
		<genre>Pinball</genre>
		<players>4</players>
		</game>
	<game name="Earthshaker (Williams)">
		<description>Earthshaker (Williams)</description>
		<score>3.7</score>
		<developer>FarSight Studios</developer>
		<manufacturer>Williams</manufacturer>
		<year>1989</year>
		<genre>Pinball</genre>
		<players>4</players>
		</game>
	<game name="Eight Ball Deluxe (Bally)">
		<description>Eight Ball Deluxe (Bally)</description>
		<score>3.1</score>
		<developer>FarSight Studios</developer>
		<manufacturer>Bally</manufacturer>
		<year>1980</year>
		<genre>Pinball</genre>
		<players>4</players>
		</game>
	<game name="El Dorado - City Of Gold (Gottlieb)">
		<description>El Dorado - City of Gold (Gottlieb)</description>
		<score>2.6</score>
		<developer>FarSight Studios</developer>
		<manufacturer>Gottlieb</manufacturer>
		<year>1984</year>
		<genre>Pinball</genre>
		<players>4</players>
		</game>
	<game name="El Dorado (Gottlieb)">
		<description>El Dorado (Gottlieb)</description>
		<score>3.1</score>
		<developer>FarSight Studios</developer>
		<manufacturer>Gottlieb</manufacturer>
		<year>1984</year>
		<genre>Pinball</genre>
		<players>4</players>
		</game>
	<game name="Elvira and the Party Monsters (Bally)">
		<description>Elvira and the Party Monsters (Bally)</description>
		<score>3.6</score>
		<developer>FarSight Studios</developer>
		<manufacturer>Bally</manufacturer>
		<year>1989</year>
		<genre>Pinball</genre>
		<players>4</players>
		</game>
	<game name="F-14 Tomcat (Williams)">
		<description>F-14 Tomcat (Williams)</description>
		<score>3.8</score>
		<developer>FarSight Studios</developer>
		<manufacturer>Williams</manufacturer>
		<year>1987</year>
		<genre>Pinball</genre>
		<players>4</players>
		</game>
	<game name="Fathom (Bally)">
		<description>Fathom (Bally)</description>
		<score>2.6</score>
		<developer>FarSight Studios</developer>
		<manufacturer>Bally</manufacturer>
		<year>1980</year>
		<genre>Pinball</genre>
		<players>4</players>
		</game>
	<game name="Fireball (Bally)">
		<description>Fireball (Bally)</description>
		<score>2.4</score>
		<developer>FarSight Studios</developer>
		<manufacturer>Bally</manufacturer>
		<year>1980</year>
		<genre>Pinball</genre>
		<players>4</players>
		</game>
	<game name="Firepower (Williams)">
		<description>Firepower (Williams)</description>
		<score>2.3</score>
		<developer>FarSight Studios</developer>
		<manufacturer>Williams</manufacturer>
		<year>1980</year>
		<genre>Pinball</genre>
		<players>4</players>
		</game>
	<game name="Firepower II (Williams)">
		<description>Firepower II (Williams)</description>
		<score>2.4</score>
		<developer>FarSight Studios</developer>
		<manufacturer>Williams</manufacturer>
		<year>1983</year>
		<genre>Pinball</genre>
		<players>4</players>
		</game>
	<game name="Fish Tales (Williams)">
		<description>Fish Tales (Williams)</description>
		<score>3.7</score>
		<developer>FarSight Studios</developer>
		<manufacturer>Williams</manufacturer>
		<year>1992</year>
		<genre>Pinball</genre>
		<players>4</players>
		</game>
	<game name="Flight 2000 (Stern)">
		<description>Flight 2000 (Stern)</description>
		<score>2.4</score>
		<developer>FarSight Studios</developer>
		<manufacturer>Stern</manufacturer>
		<year>1980</year>
		<genre>Pinball</genre>
		<players>4</players>
		</game>
	<game name="Frank Thomas&apos; Big Hurt (Gottlieb)">
		<description>Frank Thomas&apos; Big Hurt (Gottlieb)</description>
		<score>3.6</score>
		<developer>FarSight Studios</developer>
		<manufacturer>Gottlieb</manufacturer>
		<year>1995</year>
		<genre>Pinball</genre>
		<players>4</players>
		</game>
	<game name="FunHouse (Williams)">
		<description>FunHouse (Williams)</description>
		<score>4.3</score>
		<developer>FarSight Studios</developer>
		<manufacturer>Williams</manufacturer>
		<year>1990</year>
		<genre>Pinball</genre>
		<players>4</players>
		</game>
	<game name="Genie (Gottlieb)">
		<description>Genie (Gottlieb)</description>
		<score>3.8</score>
		<developer>FarSight Studios</developer>
		<manufacturer>Gottlieb</manufacturer>
		<year>1979</year>
		<genre>Pinball</genre>
		<players>4</players>
		</game>
	<game name="Getaway, The - High Speed II (Williams)">
		<description>Getaway, The - High Speed II (Williams)</description>
		<score>3.5</score>
		<developer>FarSight Studios</developer>
		<manufacturer>Williams</manufacturer>
		<year>1992</year>
		<genre>Pinball</genre>
		<players>4</players>
		</game>
	<game name="Ghostbusters (Stern)">
		<description>Ghostbusters (Stern)</description>
		<score>3.9</score>
		<developer>FarSight Studios</developer>
		<manufacturer>Stern</manufacturer>
		<year>2016</year>
		<genre>Pinball</genre>
		<players>4</players>
		</game>
	<game name="Gladiators (Gottlieb)">
		<description>Gladiators (Gottlieb)</description>
		<score>2.8</score>
		<developer>FarSight Studios</developer>
		<manufacturer>Gottlieb</manufacturer>
		<year>1993</year>
		<genre>Pinball</genre>
		<players>4</players>
		</game>
	<game name="Genie (Gottlieb)">
		<description>Genie (Gottlieb)</description>
		<score>4.2</score>
		<developer>FarSight Studios</developer>
		<manufacturer>Gottlieb</manufacturer>
		<year>1979</year>
		<genre>Pinball</genre>
		<players>4</players>
		</game>	
	<game name="Goin&apos; Nuts (Gottlieb)">
		<description>Goin&apos; Nuts (Gottlieb)</description>
		<score>2.6</score>
		<developer>FarSight Studios</developer>
		<manufacturer>Gottlieb</manufacturer>
		<year>1983</year>
		<genre>Pinball</genre>
		<players>4</players>
		</game>
	<game name="Gorgar (Williams)">
		<description>Gorgar (Williams)</description>
		<score>3.3</score>
		<developer>FarSight Studios</developer>
		<manufacturer>Williams</manufacturer>
		<year>1979</year>
		<genre>Pinball</genre>
		<players>4</players>
		</game>
	<game name="Harley-Davidson, 3rd Edition (Stern)">
		<description>Harley-Davidson, 3rd Edition (Stern)</description>
		<score>4.3</score>
		<developer>FarSight Studios</developer>
		<manufacturer>Stern</manufacturer>
		<year>1999</year>
		<genre>Pinball</genre>
		<players>4</players>
		</game>
	<game name="Haunted House (Gottlieb)">
		<description>Haunted House (Gottlieb)</description>
		<score>2.9</score>
		<developer>FarSight Studios</developer>
		<manufacturer>Gottlieb</manufacturer>
		<year>1982</year>
		<genre>Pinball</genre>
		<players>4</players>
		</game>
	<game name="High Roller Casino (Stern)">
		<description>High Roller Casino (Stern)</description>
		<score>3.9</score>
		<developer>FarSight Studios</developer>
		<manufacturer>Stern</manufacturer>
		<year>2001</year>
		<genre>Pinball</genre>
		<players>4</players>
		</game>
	<game name="High Speed (Williams)">
		<description>High Speed (Williams)</description>
		<score>3.7</score>
		<developer>FarSight Studios</developer>
		<manufacturer>Williams</manufacturer>
		<year>1986</year>
		<genre>Pinball</genre>
		<players>4</players>
		</game>
	<game name="Hurricane (Williams)">
		<description>Hurricane (Williams)</description>
		<score>3.2</score>
		<developer>FarSight Studios</developer>
		<manufacturer>Williams</manufacturer>
		<year>1991</year>
		<genre>Pinball</genre>
		<players>4</players>
		</game>
	<game name="Indianapolis 500 (Bally)">
		<description>Indianapolis 500 (Bally)</description>
		<score>3.7</score>
		<developer>FarSight Studios</developer>
		<manufacturer>Bally</manufacturer>
		<year>1995</year>
		<genre>Pinball</genre>
		<players>4</players>
		</game>
	<game name="Jack-Bot (Williams)">
		<description>Jack-Bot (Williams)</description>
		<score>3.5</score>
		<developer>FarSight Studios</developer>
		<manufacturer>Williams</manufacturer>
		<year>1995</year>
		<genre>Pinball</genre>
		<players>4</players>
		</game>
	<game name="Jacks Open (Gottlieb)">
		<description>Jacks Open (Gottlieb)</description>
		<score>2.7</score>
		<developer>FarSight Studios</developer>
		<manufacturer>Gottlieb</manufacturer>
		<year>1977</year>
		<genre>Pinball</genre>
		<players>4</players>
		</game>
	<game name="Judge Dredd (Bally)">
		<description>Judge Dredd (Bally)</description>
		<score>3.8</score>
		<developer>FarSight Studios</developer>
		<manufacturer>Bally</manufacturer>
		<year>1993</year>
		<genre>Pinball</genre>
		<players>4</players>
		</game>
	<game name="Junk Yard (Williams)">
		<description>Junk Yard (Williams)</description>
		<score>4.4</score>
		<developer>FarSight Studios</developer>
		<manufacturer>Williams</manufacturer>
		<year>1996</year>
		<genre>Pinball</genre>
		<players>4</players>
		</game>
	<game name="Last Action Hero (Data East)">
		<description>Last Action Hero (Data East)</description>
		<score>4.5</score>
		<developer>FarSight Studios</developer>
		<manufacturer>Data East</manufacturer>
		<year>1993</year>
		<genre>Pinball</genre>
		<players>4</players>
		</game>
	<game name="Lights... Camera... Action! (Gottlieb)">
		<description>Lights... Camera... Action! (Gottlieb)</description>
		<score>4.5</score>
		<developer>FarSight Studios</developer>
		<manufacturer>Gottlieb</manufacturer>
		<year>1989</year>
		<genre>Pinball</genre>
		<players>4</players>
		</game>
	<game name="Mary Shelley&apos;s Frankenstein (Sega)">
		<description>Mary Shelley&apos;s Frankenstein (Sega)</description>
		<score>3.7</score>
		<developer>FarSight Studios</developer>
		<manufacturer>Sega</manufacturer>
		<year>1995</year>
		<genre>Pinball</genre>
		<players>4</players>
		</game>
	<game name="Medieval Madness (Williams)">
		<description>Medieval Madness (Williams)</description>
		<score>4.3</score>
		<developer>FarSight Studios</developer>
		<manufacturer>Williams</manufacturer>
		<year>1997</year>
		<genre>Pinball</genre>
		<players>4</players>
		</game>
	<game name="Medieval Madness (Williams)">
		<description>Medieval Madness (Williams)</description>
		<score>4.2</score>
		<developer>FarSight Studios</developer>
		<manufacturer>Williams</manufacturer>
		<year>1997</year>
		<genre>Pinball</genre>
		<players>4</players>
		</game>
	<game name="Monster Bash (Williams)">
		<description>Monster Bash (Williams)</description>
		<score>4.4</score>
		<developer>FarSight Studios</developer>
		<manufacturer>Williams</manufacturer>
		<year>1998</year>
		<genre>Pinball</genre>
		<players>4</players>
		</game>
	<game name="Mustang (Stern)">
		<description>Mustang (Stern)</description>
		<score>4.3</score>
		<developer>FarSight Studios</developer>
		<manufacturer>Stern</manufacturer>
		<year>2014</year>
		<genre>Pinball</genre>
		<players>4</players>
		</game>
	<game name="No Fear - Dangerous Sports (Williams)">
		<description>No Fear - Dangerous Sports (Williams)</description>
		<score>3.9</score>
		<developer>FarSight Studios</developer>
		<manufacturer>Williams</manufacturer>
		<year>1995</year>
		<genre>Pinball</genre>
		<players>4</players>
		</game>
	<game name="No Good Gofers (Williams)">
		<description>No Good Gofers (Williams)</description>
		<score>4.3</score>
		<developer>FarSight Studios</developer>
		<manufacturer>Williams</manufacturer>
		<year>1997</year>
		<genre>Pinball</genre>
		<players>4</players>
		</game>
	<game name="Paragon (Bally)">
		<description>Paragon (Bally)</description>
		<score>3.7</score>
		<developer>FarSight Studios</developer>
		<manufacturer>Bally</manufacturer>
		<year>1975</year>
		<genre>Pinball</genre>
		<players>4</players>
		</game>
	<game name="Party Zone (Bally)">
		<description>Party Zone (Bally)</description>
		<score>4.4</score>
		<developer>FarSight Studios</developer>
		<manufacturer>Bally</manufacturer>
		<year>1991</year>
		<genre>Pinball</genre>
		<players>4</players>
		</game>
	<game name="Phantom of the Opera, The (Data East)">
		<description>Phantom of the Opera, The (Data East)</description>
		<score>4.3</score>
		<developer>FarSight Studios</developer>
		<manufacturer>Data East</manufacturer>
		<year>1993</year>
		<genre>Pinball</genre>
		<players>4</players>
		</game>
	<game name="Pin-Bot (Williams)">
		<description>Pin-Bot (Williams)</description>
		<score>4.2</score>
		<developer>FarSight Studios</developer>
		<manufacturer>Williams</manufacturer>
		<year>1986</year>
		<genre>Pinball</genre>
		<players>4</players>
		</game>
	<game name="Pistol Poker (Alvin G)">
		<description>Pistol Poker (Alvin G)</description>
		<score>3.8</score>
		<developer>FarSight Studios</developer>
		<manufacturer>Alvin G</manufacturer>
		<year>1993</year>
		<genre>Pinball</genre>
		<players>4</players>
		</game>
	<game name="Red & Ted&apos;s Roadshow (Williams)">
		<description>Red & Ted&apos;s Roadshow (Williams)</description>
		<score>4.3</score>
		<developer>FarSight Studios</developer>
		<manufacturer>Williams</manufacturer>
		<year>1994</year>
		<genre>Pinball</genre>
		<players>4</players>
		</game>
	<game name="Rescue 911 (Gottlieb)">
		<description>Rescue 911 (Gottlieb)</description>
		<score>3.7</score>
		<developer>FarSight Studios</developer>
		<manufacturer>Gottlieb</manufacturer>
		<year>1994</year>
		<genre>Pinball</genre>
		<players>4</players>
		</game>
	<game name="Ripley&apos;s Believe It or Not! (Stern)">
		<description>Ripley&apos;s Believe It or Not! (Stern)</description>
		<score>4.4</score>
		<developer>FarSight Studios</developer>
		<manufacturer>Stern</manufacturer>
		<year>2004</year>
		<genre>Pinball</genre>
		<players>4</players>
		</game>
	<game name="Safe Cracker (Bally)">
		<description>Safe Cracker (Bally)</description>
		<score>3.7</score>
		<developer>FarSight Studios</developer>
		<manufacturer>Bally</manufacturer>
		<year>1996</year>
		<genre>Pinball</genre>
		<players>4</players>
		</game>
	<game name="Scared Stiff (Bally)">
		<description>Scared Stiff (Bally)</description>
		<score>4.4</score>
		<developer>FarSight Studios</developer>
		<manufacturer>Bally</manufacturer>
		<year>1996</year>
		<genre>Pinball</genre>
		<players>4</players>
		</game>
	<game name="Sorcerer (Williams)">
		<description>Sorcerer (Williams)</description>
		<score>3.6</score>
		<developer>FarSight Studios</developer>
		<manufacturer>Williams</manufacturer>
		<year>1985</year>
		<genre>Pinball</genre>
		<players>4</players>
		</game>
	<game name="Space Shuttle (Williams)">
		<description>Space Shuttle (Williams)</description>
		<score>4.2</score>
		<developer>FarSight Studios</developer>
		<manufacturer>Williams</manufacturer>
		<year>1984</year>
		<genre>Pinball</genre>
		<players>4</players>
		</game>
	<game name="Spanish Eyes (Williams)">
		<description>Spanish Eyes (Williams)</description>
		<score>3.2</score>
		<developer>FarSight Studios</developer>
		<manufacturer>Williams</manufacturer>
		<year>1972</year>
		<genre>Pinball</genre>
		<players>4</players>
		</game>
	<game name="Star Trek - The Next Generation (Williams)">
		<description>Star Trek: The Next Generation (Williams)</description>
		<score>3.8</score>
		<developer>FarSight Studios</developer>
		<manufacturer>Williams</manufacturer>
		<year>1993</year>
		<genre>Pinball</genre>
		<players>4</players>
		</game>
	<game name="Star Trek (Stern)">
		<description>Star Trek (Stern)</description>
		<score>3.9</score>
		<developer>FarSight Studios</developer>
		<manufacturer>Stern</manufacturer>
		<year>2013</year>
		<genre>Pinball</genre>
		<players>4</players>
		</game>	
	<game name="Starship Troopers (Stern)">
		<description>Starship Troopers (Stern)</description>
		<score>4.3</score>
		<developer>FarSight Studios</developer>
		<manufacturer>Stern</manufacturer>
		<year>1997</year>
		<genre>Pinball</genre>
		<players>4</players>
		</game>
	<game name="Swords of Fury (Williams)">
		<description>Swords of Fury (Williams)</description>
		<score>4.2</score>
		<developer>FarSight Studios</developer>
		<manufacturer>Williams</manufacturer>
		<year>1988</year>
		<genre>Pinball</genre>
		<players>4</players>
		</game>
	<game name="Tales of the Arabian Nights (Williams)">
		<description>Tales of the Arabian Nights (Williams)</description>
		<score>4.3</score>
		<developer>FarSight Studios</developer>
		<manufacturer>Williams</manufacturer>
		<year>1996</year>
		<genre>Pinball</genre>
		<players>4</players>
		</game>
	<game name="Taxi (Williams)">
		<description>Taxi (Williams)</description>
		<score>4.4</score>
		<developer>FarSight Studios</developer>
		<manufacturer>Williams</manufacturer>
		<year>1988</year>
		<genre>Pinball</genre>
		<players>4</players>
		</game>
	<game name="Tee&apos;d Off (Gottlieb)">
		<description>Tee&apos;d Off (Gottlieb)</description>
		<score>4.2</score>
		<developer>FarSight Studios</developer>
		<manufacturer>Gottlieb</manufacturer>
		<year>1993</year>
		<genre>Pinball</genre>
		<players>4</players>
		</game>
	<game name="Terminator 2 - Judgment Day (Williams)">
		<description>Terminator 2: Judgment Day (Williams)</description>
		<score>4.2</score>
		<developer>FarSight Studios</developer>
		<manufacturer>Williams</manufacturer>
		<year>1991</year>
		<genre>Pinball</genre>
		<players>4</players>
		</game>
	<game name="Theatre of Magic (Bally)">
		<description>Theatre of Magic (Bally)</description>
		<score>4.1</score>
		<developer>FarSight Studios</developer>
		<manufacturer>Bally</manufacturer>
		<year>1995</year>
		<genre>Pinball</genre>
		<players>4</players>
		</game>
	<game name="Twilight Zone (Bally)">
		<description>Twilight Zone (Bally)</description>
		<score>4.4</score>
		<developer>FarSight Studios</developer>
		<manufacturer>Bally</manufacturer>
		<year>1993</year>
		<genre>Pinball</genre>
		<players>4</players>
		</game>
	<game name="TX-Sector (Gottlieb)">
		<description>TX-Sector (Gottlieb)</description>
		<score>4.2</score>
		<developer>FarSight Studios</developer>
		<manufacturer>Gottlieb</manufacturer>
		<year>1988</year>
		<genre>Pinball</genre>
		<players>4</players>
		</game>
	<game name="Victory (Gottlieb)">
		<description>Victory (Gottlieb)</description>
		<score>4.1</score>
		<developer>FarSight Studios</developer>
		<manufacturer>Gottlieb</manufacturer>
		<year>1987</year>
		<genre>Pinball</genre>
		<players>4</players>
		</game>
	<game name="Whirlwind (Williams)">
		<description>Whirlwind (Williams)</description>
		<score>4.5</score>
		<developer>FarSight Studios</developer>
		<manufacturer>Williams</manufacturer>
		<year>1990</year>
		<genre>Pinball</genre>
		<players>4</players>
		</game>
	<game name="White Water (Williams)">
		<description>White Water (Williams)</description>
		<score>4.8</score>
		<developer>FarSight Studios</developer>
		<manufacturer>Williams</manufacturer>
		<year>1993</year>
		<genre>Pinball</genre>
		<players>4</players>
		</game>
	<game name="WHO Dunnit (Bally)">
		<description>WHO Dunnit (Bally)</description>
		<score>4.3</score>
		<developer>FarSight Studios</developer>
		<manufacturer>Bally</manufacturer>
		<year>1995</year>
		<genre>Pinball</genre>
		<players>4</players>
		</game>
	<game name="Whoa Nellie (Stern)">
		<description>Whoa Nellie (Stern)</description>
		<score>4.2</score>
		<developer>FarSight Studios</developer>
		<manufacturer>Stern</manufacturer>
		<year>2015</year>
		<genre>Pinball</genre>
		<players>4</players>
		</game>
	<game name="Wild Card (Williams)">
		<description>Wild Card (Williams)</description>
		<score>4.2</score>
		<developer>FarSight Studios</developer>
		<manufacturer>Williams</manufacturer>
		<year>1977</year>
		<genre>Pinball</genre>
		<players>4</players>
		</game>
	<game name="Wipe Out (Bally)">
		<description>Wipe Out (Bally)</description>
		<score>4.4</score>
		<developer>FarSight Studios</developer>
		<manufacturer>Bally</manufacturer>
		<year>1993</year>
		<genre>Pinball</genre>
		<players>4</players>
		</game>
	<game name="World Cup Soccer (Bally)">
		<description>World Cup Soccer (Bally)</description>
		<score>4.3</score>
		<developer>FarSight Studios</developer>
		<manufacturer>Bally</manufacturer>
		<year>1994</year>
		<genre>Pinball</genre>
		<players>4</players>
		</game>
	<game name="Xenon (Bally)">
		<description>Xenon (Bally)</description>
		<score>3.8</score>
		<developer>FarSight Studios</developer>
		<manufacturer>Bally</manufacturer>
		<year>1979</year>
		<genre>Pinball</genre>
		<players>4</players>
		</game>
</menu>