<?xml version="1.0"?>
<menu>
	<header>
		<listname>Sega Triforce</listname>
		<lastlistupdate>27/09/2022</lastlistupdate>
		<listversion>1.0</listversion>
		<exporterversion>HyperList XML Exporter Version 1.3 Copywrite (c) 2009-2011 William Strong</exporterversion>
	</header>
	<game name="F-Zero AX" index="true" image="f">
		<description>F-Zero AX</description>
		<cloneof></cloneof>
		<crc></crc>
		<manufacturer>Amusement Vision</manufacturer>
		<year>2003</year>
		<genre>Racing</genre>
		<players>2</players>
		<score>4.3</score>
		<enabled>Yes</enabled>
	</game>
	<game name="Mario Kart Arcade GP" index="true" image="m">
		<description>Mario Kart Arcade GP</description>
		<cloneof></cloneof>
		<crc></crc>
		<manufacturer>Namco</manufacturer>
		<year>2005</year>
		<genre>Racing</genre>
		<players>4</players>
		<score>3.9</score>
		<enabled>Yes</enabled>
	</game>
	<game name="Mario Kart Arcade GP 2" index="" image="">
		<description>Mario Kart Arcade GP 2</description>
		<cloneof></cloneof>
		<crc></crc>
		<manufacturer>Namco</manufacturer>
		<year>2007</year>
		<genre>Racing</genre>
		<players>4</players>
		<score>4.1</score>
		<enabled>Yes</enabled>
	</game>
	<game name="Virtua Striker 3 Ver. 2002" index="true" image="">
		<description>Virtua Striker 3</description>
		<cloneof></cloneof>
		<crc></crc>
		<manufacturer>Amusement Vision</manufacturer>
		<year>2002</year>
		<genre>Sport</genre>
		<players>2</players>
		<score>3.8</score>
		<enabled>Yes</enabled>
	</game>
</menu>