<?xml version="1.0"?>
<menu>
	<header>
		<listname>Pinball FX2</listname>
		<lastlistupdate>07/10/2022</lastlistupdate>
		<listversion></listversion>
		<exporterversion></exporterversion>
	</header>
	<game name="Alien_Isolation" index="true" image="a">
		<description>Alien Isolation</description>
		<manufacturer>ZEN Studios</manufacturer>
        <publisher>Microsoft Game Studios</publisher>
		<year>2016</year>
		<genre>Pinball</genre>
		<score>5</score>
		<players>1</players>
	</game>
	<game name="Alien_vs_Predator">
		<description>Alien vs Predator</description>
		<manufacturer>ZEN Studios</manufacturer>
        <publisher>Microsoft Game Studios</publisher>
		<year>2016</year>
		<genre>Pinball</genre>
		<score>5</score>
		<players>1</players>
	</game>
	<game name="Aliens">
		<description>Aliens</description>
		<manufacturer>ZEN Studios</manufacturer>
        <publisher>Microsoft Game Studios</publisher>
		<year>2016</year>
		<genre>Pinball</genre>
		<score>5</score>
		<players>1</players>
	</game>
	<game name="AmericanDad">
		<description>American Dad!</description>
		<manufacturer>ZEN Studios</manufacturer>
        <publisher>Microsoft Game Studios</publisher>
		<year>2015</year>
		<genre>Pinball</genre>
		<score>5</score>
		<players>1</players>
	</game>
	<game name="Archer">
		<description>Archer</description>
		<manufacturer>ZEN Studios</manufacturer>
        <publisher>Microsoft Game Studios</publisher>
		<year>2015</year>
		<genre>Pinball</genre>
		<score>5</score>
		<players>1</players>
	</game>
	<game name="BioLab">
		<description>Biolab</description>
		<manufacturer>ZEN Studios</manufacturer>
        <publisher>Microsoft Game Studios</publisher>
		<year>2013</year>
		<genre>Pinball</genre>
		<score>5</score>
		<players>1</players>
	</game>
	<game name="BobsBurgers">
		<description>Bob&apos;s Burgers</description>
		<manufacturer>ZEN Studios</manufacturer>
        <publisher>Microsoft Game Studios</publisher>
		<year>2015</year>
		<genre>Pinball</genre>
		<score>5</score>
		<players>1</players>
	</game>
	<game name="CastleStorm">
		<description>CastleStorm</description>
		<manufacturer>ZEN Studios</manufacturer>
        <publisher>Microsoft Game Studios</publisher>
		<year>2015</year>
		<genre>Pinball</genre>
		<score>5</score>
		<players>1</players>
	</game>
	<game name="BETHESDA_Doom">
		<description>DOOM</description>
		<manufacturer>ZEN Studios</manufacturer>
        <publisher>Microsoft Game Studios</publisher>
		<year>2016</year>
		<genre>Pinball</genre>
		<score>5</score>
		<players>1</players>
	</game>
	<game name="EarthDefense">
		<description>Earth Defense</description>
		<manufacturer>ZEN Studios</manufacturer>
        <publisher>Microsoft Game Studios</publisher>
		<year>2013</year>
		<genre>Pinball</genre>
		<score>5</score>
		<players>1</players>
	</game>
	<game name="Eldorado">
		<description>El Dorado</description>
		<manufacturer>ZEN Studios</manufacturer>
        <publisher>Microsoft Game Studios</publisher>
		<year>2013</year>
		<genre>Pinball</genre>
		<score>5</score>
		<players>1</players>
	</game>
	<game name="Looter">
		<description>Epic Quest</description>
		<manufacturer>ZEN Studios</manufacturer>
        <publisher>Microsoft Game Studios</publisher>
		<year>2013</year>
		<genre>Pinball</genre>
		<score>5</score>
		<players>1</players>
	</game>
	<game name="Excalibur">
		<description>Excalibur</description>
		<manufacturer>ZEN Studios</manufacturer>
        <publisher>Microsoft Game Studios</publisher>
		<year>2013</year>
		<genre>Pinball</genre>
		<score>5</score>
		<players>1</players>
	</game>
	<game name="BETHESDA_Fallout">
		<description>Fallout</description>
		<manufacturer>ZEN Studios</manufacturer>
        <publisher>Microsoft Game Studios</publisher>
		<year>2016</year>
		<genre>Pinball</genre>
		<score>5</score>
		<players>1</players>
	</game>
	<game name="FamilyGuy">
		<description>Family Guy</description>
		<manufacturer>ZEN Studios</manufacturer>
        <publisher>Microsoft Game Studios</publisher>
		<year>2015</year>
		<genre>Pinball</genre>
		<score>5</score>
		<players>1</players>
	</game>
	<game name="Football_Milan">
		<description>Football Super League - A.C. Milan</description>
		<manufacturer>ZEN Studios</manufacturer>
        <publisher>Microsoft Game Studios</publisher>
		<year>2014</year>
		<genre>Pinball</genre>
		<score>5</score>
		<players>1</players>
	</game>
	<game name="Football_Roma">
		<description>Football Super League - A.S. Roma</description>
		<manufacturer>ZEN Studios</manufacturer>
        <publisher>Microsoft Game Studios</publisher>
		<year>2014</year>
		<genre>Pinball</genre>
		<score>5</score>
		<players>1</players>
	</game>
	<game name="Football_Arsenal">
		<description>Football Super League - Arsenal</description>
		<manufacturer>ZEN Studios</manufacturer>
        <publisher>Microsoft Game Studios</publisher>
		<year>2014</year>
		<genre>Pinball</genre>
		<score>5</score>
		<players>1</players>
	</game>
	<game name="Football_Barcelona">
		<description>Football Super League - FC Barcelona</description>
		<manufacturer>ZEN Studios</manufacturer>
        <publisher>Microsoft Game Studios</publisher>
		<year>2014</year>
		<genre>Pinball</genre>
		<score>5</score>
		<players>1</players>
	</game>
	<game name="Football_Juventus">
		<description>Football Super League - Juventus</description>
		<manufacturer>ZEN Studios</manufacturer>
        <publisher>Microsoft Game Studios</publisher>
		<year>2014</year>
		<genre>Pinball</genre>
		<score>5</score>
		<players>1</players>
	</game>
	<game name="Football_Liverpool">
		<description>Football Super League - Liverpool F.C.</description>
		<manufacturer>ZEN Studios</manufacturer>
        <publisher>Microsoft Game Studios</publisher>
		<year>2014</year>
		<genre>Pinball</genre>
		<score>5</score>
		<players>1</players>
	</game>
	<game name="Football_RealMadrid">
		<description>Football Super League - Real Madrid C.F.</description>
		<manufacturer>ZEN Studios</manufacturer>
        <publisher>Microsoft Game Studios</publisher>
		<year>2014</year>
		<genre>Pinball</genre>
		<score>5</score>
		<players>1</players>
	</game>
	<game name="Football">
		<description>Football Super League - Zen Studios F.C.</description>
		<manufacturer>ZEN Studios</manufacturer>
        <publisher>Microsoft Game Studios</publisher>
		<year>2014</year>
		<genre>Pinball</genre>
		<score>5</score>
		<players>1</players>
	</game>
	<game name="Mars">
		<description>Mars</description>
		<manufacturer>ZEN Studios</manufacturer>
        <publisher>Microsoft Game Studios</publisher>
		<year>2013</year>
		<genre>Pinball</genre>
		<score>5</score>
		<players>1</players>
	</game>
	<game name="MARVEL_MsMarvel">
		<description>Marvel - A-Force</description>
		<manufacturer>ZEN Studios</manufacturer>
        <publisher>Microsoft Game Studios</publisher>
		<year>2016</year>
		<genre>Pinball</genre>
		<score>5</score>
		<players>1</players>
	</game>
	<game name="MARVEL_Ant-Man">
		<description>Marvel - Ant-Man</description>
		<manufacturer>ZEN Studios</manufacturer>
        <publisher>Microsoft Game Studios</publisher>
		<year>2015</year>
		<genre>Pinball</genre>
		<score>5</score>
		<players>1</players>
	</game>
	<game name="MARVEL_Blade">
		<description>Marvel - Blade</description>
		<manufacturer>ZEN Studios</manufacturer>
        <publisher>Microsoft Game Studios</publisher>
		<year>2013</year>
		<genre>Pinball</genre>
		<score>5</score>
		<players>1</players>
	</game>
	<game name="MARVEL_CaptainAmerica">
		<description>Marvel - Captain America</description>
		<manufacturer>ZEN Studios</manufacturer>
        <publisher>Microsoft Game Studios</publisher>
		<year>2013</year>
		<genre>Pinball</genre>
		<score>5</score>
		<players>1</players>
	</game>
	<game name="MARVEL_WOP_TheNextGeneration">
		<description>Marvel - Champions</description>
		<manufacturer>ZEN Studios</manufacturer>
        <publisher>Microsoft Game Studios</publisher>
		<year>2016</year>
		<genre>Pinball</genre>
		<score>5</score>
		<players>1</players>
	</game>
	<game name="MARVEL_CivilWar">
		<description>Marvel - Civil War</description>
		<manufacturer>ZEN Studios</manufacturer>
        <publisher>Microsoft Game Studios</publisher>
		<year>2013</year>
		<genre>Pinball</genre>
		<score>5</score>
		<players>1</players>
	</game>
	<game name="MARVEL_Deadpool">
		<description>Marvel - Deadpool</description>
		<manufacturer>ZEN Studios</manufacturer>
        <publisher>Microsoft Game Studios</publisher>
		<year>2014</year>
		<genre>Pinball</genre>
		<score>5</score>
		<players>1</players>
	</game>
	<game name="MARVEL_DrStrange">
		<description>Marvel - Doctor Strange</description>
		<manufacturer>ZEN Studios</manufacturer>
        <publisher>Microsoft Game Studios</publisher>
		<year>2013</year>
		<genre>Pinball</genre>
		<score>5</score>
		<players>1</players>
	</game>
	<game name="MARVEL_FantasticFour">
		<description>Marvel - Fantastic Four</description>
		<manufacturer>ZEN Studios</manufacturer>
        <publisher>Microsoft Game Studios</publisher>
		<year>2013</year>
		<genre>Pinball</genre>
		<score>5</score>
		<players>1</players>
	</game>
	<game name="MARVEL_FearItSelf">
		<description>Marvel - Fear Itself</description>
		<manufacturer>ZEN Studios</manufacturer>
        <publisher>Microsoft Game Studios</publisher>
		<year>2013</year>
		<genre>Pinball</genre>
		<score>5</score>
		<players>1</players>
	</game>
	<game name="MARVEL_GhostRider">
		<description>Marvel - Ghost Rider</description>
		<manufacturer>ZEN Studios</manufacturer>
        <publisher>Microsoft Game Studios</publisher>
		<year>2013</year>
		<genre>Pinball</genre>
		<score>5</score>
		<players>1</players>
	</game>
	<game name="MARVEL_Guardians">
		<description>Marvel - Guardians of the Galaxy</description>
		<manufacturer>ZEN Studios</manufacturer>
        <publisher>Microsoft Game Studios</publisher>
		<year>2014</year>
		<genre>Pinball</genre>
		<score>5</score>
		<players>1</players>
	</game>
	<game name="MARVEL_IronMan">
		<description>Marvel - Iron Man</description>
		<manufacturer>ZEN Studios</manufacturer>
        <publisher>Microsoft Game Studios</publisher>
		<year>2013</year>
		<genre>Pinball</genre>
		<score>5</score>
		<players>1</players>
	</game>
	<game name="MARVEL_MoonKnight">
		<description>Marvel - Moon Knight</description>
		<manufacturer>ZEN Studios</manufacturer>
        <publisher>Microsoft Game Studios</publisher>
		<year>2013</year>
		<genre>Pinball</genre>
		<score>5</score>
		<players>1</players>
	</game>
	<game name="MARVEL_SpiderMan">
		<description>Marvel - Spider-Man</description>
		<manufacturer>ZEN Studios</manufacturer>
        <publisher>Microsoft Game Studios</publisher>
		<year>2013</year>
		<genre>Pinball</genre>
		<score>5</score>
		<players>1</players>
	</game>
	<game name="MARVEL_Avengers">
		<description>Marvel - The Avengers</description>
		<manufacturer>ZEN Studios</manufacturer>
        <publisher>Microsoft Game Studios</publisher>
		<year>2013</year>
		<genre>Pinball</genre>
		<score>5</score>
		<players>1</players>
	</game>
	<game name="MARVEL_Age_of_Ultron">
		<description>Marvel - The Avengers Age of Ultron</description>
		<manufacturer>ZEN Studios</manufacturer>
        <publisher>Microsoft Game Studios</publisher>
		<year>2015</year>
		<genre>Pinball</genre>
		<score>5</score>
		<players>1</players>
	</game>
	<game name="MARVEL_InfinityGauntlet">
		<description>Marvel - The Infinity Gauntlet</description>
		<manufacturer>ZEN Studios</manufacturer>
        <publisher>Microsoft Game Studios</publisher>
		<year>2013</year>
		<genre>Pinball</genre>
		<score>5</score>
		<players>1</players>
	</game>
	<game name="MARVEL_Thor">
		<description>Marvel - Thor</description>
		<manufacturer>ZEN Studios</manufacturer>
        <publisher>Microsoft Game Studios</publisher>
		<year>2013</year>
		<genre>Pinball</genre>
		<score>5</score>
		<players>1</players>
	</game>
	<game name="MARVEL_Venom">
		<description>Marvel - Venom</description>
		<manufacturer>ZEN Studios</manufacturer>
        <publisher>Microsoft Game Studios</publisher>
		<year>2014</year>
		<genre>Pinball</genre>
		<score>5</score>
		<players>1</players>
	</game>
	<game name="MARVEL_Wolverine">
		<description>Marvel - Wolverine</description>
		<manufacturer>ZEN Studios</manufacturer>
        <publisher>Microsoft Game Studios</publisher>
		<year>2013</year>
		<genre>Pinball</genre>
		<score>5</score>
		<players>1</players>
	</game>
	<game name="MARVEL_WWH">
		<description>Marvel - World War Hulk</description>
		<manufacturer>ZEN Studios</manufacturer>
        <publisher>Microsoft Game Studios</publisher>
		<year>2013</year>
		<genre>Pinball</genre>
		<score>5</score>
		<players>1</players>
	</game>
	<game name="MARVEL_XMen">
		<description>Marvel - X-Men</description>
		<manufacturer>ZEN Studios</manufacturer>
        <publisher>Microsoft Game Studios</publisher>
		<year>2013</year>
		<genre>Pinball</genre>
		<score>5</score>
		<players>1</players>
	</game>
	<game name="SplosionMan">
		<description>Ms. Splosion Man</description>
		<manufacturer>ZEN Studios</manufacturer>
        <publisher>Microsoft Game Studios</publisher>
		<year>2013</year>
		<genre>Pinball</genre>
		<score>5</score>
		<players>1</players>
	</game>
	<game name="Paranormal">
		<description>Paranormal</description>
		<manufacturer>ZEN Studios</manufacturer>
        <publisher>Microsoft Game Studios</publisher>
		<year>2013</year>
		<genre>Pinball</genre>
		<score>5</score>
		<players>1</players>
	</game>
	<game name="Pasha">
		<description>Pasha</description>
		<manufacturer>ZEN Studios</manufacturer>
        <publisher>Microsoft Game Studios</publisher>
		<year>2013</year>
		<genre>Pinball</genre>
		<score>5</score>
		<players>1</players>
	</game>
	<game name="PlantsVsZombies">
		<description>Plants vs. Zombies</description>
		<manufacturer>ZEN Studios</manufacturer>
        <publisher>Microsoft Game Studios</publisher>
		<year>2014</year>
		<genre>Pinball</genre>
		<score>5</score>
		<players>1</players>
	</game>
	<game name="Portal">
		<description>Portal</description>
		<manufacturer>ZEN Studios</manufacturer>
        <publisher>Microsoft Game Studios</publisher>
		<year>2015</year>
		<genre>Pinball</genre>
		<score>5</score>
		<players>1</players>
	</game>
	<game name="Rome">
		<description>Rome</description>
		<manufacturer>ZEN Studios</manufacturer>
        <publisher>Microsoft Game Studios</publisher>
		<year>2013</year>
		<genre>Pinball</genre>
		<score>5</score>
		<players>1</players>
	</game>
	<game name="Atlantis">
		<description>Secrets of the Deep</description>
		<manufacturer>ZEN Studios</manufacturer>
        <publisher>Microsoft Game Studios</publisher>
		<year>2013</year>
		<genre>Pinball</genre>
		<score>5</score>
		<players>1</players>
	</game>
	<game name="Shaman">
		<description>Shaman</description>
		<manufacturer>ZEN Studios</manufacturer>
        <publisher>Microsoft Game Studios</publisher>
		<year>2013</year>
		<genre>Pinball</genre>
		<score>5</score>
		<players>1</players>
	</game>
	<game name="BETHESDA_Skyrim">
		<description>Skyrim</description>
		<manufacturer>ZEN Studios</manufacturer>
        <publisher>Microsoft Game Studios</publisher>
		<year>2016</year>
		<genre>Pinball</genre>
		<score>5</score>
		<players>1</players>
	</game>
	<game name="Citadel">
		<description>Sorcerer&apos;s Lair</description>
		<manufacturer>ZEN Studios</manufacturer>
        <publisher>Microsoft Game Studios</publisher>
		<year>2013</year>
		<genre>Pinball</genre>
		<score>5</score>
		<players>1</players>
	</game>
	<game name="SouthPark2">
		<description>South Park - Butters&apos; Very Own Pinball Game</description>
		<manufacturer>ZEN Studios</manufacturer>
        <publisher>Microsoft Game Studios</publisher>
		<year>2014</year>
		<genre>Pinball</genre>
		<score>5</score>
		<players>1</players>
	</game>
	<game name="SouthPark1">
		<description>South Park - Super Sweet Pinball</description>
		<manufacturer>ZEN Studios</manufacturer>
        <publisher>Microsoft Game Studios</publisher>
		<year>2014</year>
		<genre>Pinball</genre>
		<score>5</score>
		<players>1</players>
	</game>
	<game name="STARWARS_Episode_4">
		<description>Star Wars - A New Hope</description>
		<manufacturer>ZEN Studios</manufacturer>
        <publisher>Microsoft Game Studios</publisher>
		<year>2014</year>
		<genre>Pinball</genre>
		<score>5</score>
		<players>1</players>
	</game>
	<game name="STARWARS_Boba_Fett">
		<description>Star Wars - Boba Fett</description>
		<manufacturer>ZEN Studios</manufacturer>
        <publisher>Microsoft Game Studios</publisher>
		<year>2013</year>
		<genre>Pinball</genre>
		<score>5</score>
		<players>1</players>
	</game>
	<game name="STARWARS_Darth_Vader">
		<description>Star Wars - Darth Vader</description>
		<manufacturer>ZEN Studios</manufacturer>
        <publisher>Microsoft Game Studios</publisher>
		<year>2013</year>
		<genre>Pinball</genre>
		<score>5</score>
		<players>1</players>
	</game>
	<game name="STARWARS_Droids">
		<description>Star Wars - Droids</description>
		<manufacturer>ZEN Studios</manufacturer>
        <publisher>Microsoft Game Studios</publisher>
		<year>2014</year>
		<genre>Pinball</genre>
		<score>5</score>
		<players>1</players>
	</game>
	<game name="STARWARS_Han_Solo">
		<description>Star Wars - Han Solo</description>
		<manufacturer>ZEN Studios</manufacturer>
        <publisher>Microsoft Game Studios</publisher>
		<year>2014</year>
		<genre>Pinball</genre>
		<score>5</score>
		<players>1</players>
	</game>
	<game name="STARWARS_Light_VS_Dark">
		<description>Star Wars - Masters of the Force</description>
		<manufacturer>ZEN Studios</manufacturer>
        <publisher>Microsoft Game Studios</publisher>
		<year>2014</year>
		<genre>Pinball</genre>
		<score>5</score>
		<players>1</players>
	</game>
	<game name="STARWARS_MFO">
		<description>Star Wars - Might of the First Order</description>
		<manufacturer>ZEN Studios</manufacturer>
        <publisher>Microsoft Game Studios</publisher>
		<year>2014</year>
		<genre>Pinball</genre>
		<score>5</score>
		<players>1</players>
	</game>
	<game name="STARWARS_Rebels">
		<description>Star Wars - Rebels</description>
		<manufacturer>ZEN Studios</manufacturer>
        <publisher>Microsoft Game Studios</publisher>
		<year>2015</year>
		<genre>Pinball</genre>
		<score>5</score>
		<players>1</players>
	</game>
	<game name="STARWARS_RogueOne" index="" image="">
		<description>Star Wars - Rogue One</description>
		<manufacturer>ZEN Studios</manufacturer>
        <publisher>Microsoft Game Studios</publisher>
		<year>2017</year>
		<genre>Pinball</genre>
		<score>5</score>
		<players>1</players>
	</game>
	<game name="STARWARS_Episode_6">
		<description>Star Wars - Return of the Jedi</description>
		<manufacturer>ZEN Studios</manufacturer>
        <publisher>Microsoft Game Studios</publisher>
		<year>2013</year>
		<genre>Pinball</genre>
		<score>5</score>
		<players>1</players>
	</game>
	<game name="STARWARS_SFA">
		<description>Star Wars - Starfighter Assault</description>
		<manufacturer>ZEN Studios</manufacturer>
        <publisher>Microsoft Game Studios</publisher>
		<year>2013</year>
		<genre>Pinball</genre>
		<score>5</score>
		<players>1</players>
	</game>
	<game name="STARWARS_CloneWars">
		<description>Star Wars - The Clone Wars</description>
		<manufacturer>ZEN Studios</manufacturer>
        <publisher>Microsoft Game Studios</publisher>
		<year>2013</year>
		<genre>Pinball</genre>
		<score>5</score>
		<players>1</players>
	</game>
	<game name="STARWARS_Episode_5">
		<description>Star Wars - The Empire Strikes Back</description>
		<manufacturer>ZEN Studios</manufacturer>
        <publisher>Microsoft Game Studios</publisher>
		<year>2013</year>
		<genre>Pinball</genre>
		<score>5</score>
		<players>1</players>
	</game>
	<game name="STARWARS_Episode_7">
		<description>Star Wars - The Force Awakens</description>
		<manufacturer>ZEN Studios</manufacturer>
        <publisher>Microsoft Game Studios</publisher>
		<year>2016</year>
		<genre>Pinball</genre>
		<score>5</score>
		<players>1</players>
	</game>
	<game name="Tesla">
		<description>Tesla</description>
		<manufacturer>ZEN Studios</manufacturer>
        <publisher>Microsoft Game Studios</publisher>
		<year>2013</year>
		<genre>Pinball</genre>
		<score>5</score>
		<players>1</players>
	</game>
	<game name="TheWalkingDead">
		<description>The Walking Dead</description>
		<manufacturer>ZEN Studios</manufacturer>
        <publisher>Microsoft Game Studios</publisher>
		<year>2014</year>
		<genre>Pinball</genre>
		<score>5</score>
		<players>1</players>
	</game>
	<game name="V12">
		<description>V12</description>
		<manufacturer>ZEN Studios</manufacturer>
        <publisher>Microsoft Game Studios</publisher>
		<year>2013</year>
		<genre>Pinball</genre>
		<score>5</score>
		<players>1</players>
	</game>
	<game name="Western">
		<description>Wild West Rampage</description>
		<manufacturer>ZEN Studios</manufacturer>
        <publisher>Microsoft Game Studios</publisher>
		<year>2015</year>
		<genre>Pinball</genre>
		<score>5</score>
		<players>1</players>
	</game>
</menu>