<?xml version="1.0"?>
<menu>
	<header>
		<listname>Capcom Play System</listname>
		<lastlistupdate>03/06/2016</lastlistupdate>
		<listversion>1.0 (MAME)</listversion>
		<exporterversion>HyperList XML Exporter Version 1.3 Copywrite (c) 2009-2011 William Strong</exporterversion>
	</header>
	<game name="1941" index="true" image="1">
		<description>1941: Counter Attack (World)</description>
		<cloneof></cloneof>
		<crc></crc>
		<manufacturer>Capcom</manufacturer>
		<year>1990</year>
		<genre>Shoot-'Em-Up</genre>
		<score>4.0</score>
		<players>2</players>
		<rating>Other - NR (Not Rated)</rating>
		<enabled>Yes</enabled>
	</game>
	<game name="1941u" index="true" image="1">
		<description>1941: Counter Attack (USA 900227)</description>
		<cloneof>1941</cloneof>
		<crc></crc>
		<manufacturer>Capcom</manufacturer>
		<year>1990</year>
		<genre>Shoot-'Em-Up</genre>
		<score>4.1</score>
		<players>2</players>
		<rating>Other - NR (Not Rated)</rating>
		<enabled>Yes</enabled>
	</game>	
	<game name="cworld2j" index="true" image="a">
		<description>Adventure Quiz Capcom World 2 (Japan 920611)</description>
		<cloneof></cloneof>
		<crc></crc>
		<manufacturer>Capcom</manufacturer>
		<year>1992</year>
		<genre>Quiz</genre>
		<score>3.6</score>
		<players>2</players>
		<rating>Other - NR (Not Rated)</rating>
		<enabled>Yes</enabled>
	</game>
	<game name="bbros" index="true" image="b">
		<description>Buster Bros. (USA)</description>
		<cloneof></cloneof>
		<crc></crc>
		<manufacturer>Mitchell (Capcom license)</manufacturer>
		<year>1989</year>
		<genre>Action</genre>
		<score>4.4</score>
		<players>2</players>		
		<rating>Other - NR (Not Rated)</rating>
		<enabled>Yes</enabled>
	</game>
	<game name="dino" index="true" image="c">
		<description>Cadillacs and Dinosaurs (World 930201)</description>
		<cloneof></cloneof>
		<crc></crc>
		<manufacturer>Capcom</manufacturer>
		<year>1993</year>
		<genre>Beat-'Em-Up</genre>
		<score>3.8</score>
		<players>2</players>			
		<rating>Other - NR (Not Rated)</rating>
		<enabled>Yes</enabled>
	</game>
	<game name="dinou" index="true" image="c">
		<description>Cadillacs and Dinosaurs (USA 930201)</description>
		<cloneof>dino</cloneof>
		<crc></crc>
		<manufacturer>Capcom</manufacturer>
		<year>1993</year>
		<genre>Beat-'Em-Up</genre>
		<score>3.9</score>
		<players>2</players>			
		<rating>Other - NR (Not Rated)</rating>
		<enabled>Yes</enabled>
	</game>	
	<game name="captcomm" index="" image="">
		<description>Captain Commando (World 911202)</description>
		<cloneof></cloneof>
		<crc></crc>
		<manufacturer>Capcom</manufacturer>
		<year>1991</year>
		<genre>Beat-'Em-Up</genre>
		<score>4.6</score>
		<players>2</players>			
		<rating>Other - NR (Not Rated)</rating>
		<enabled>Yes</enabled>
	</game>
	<game name="captcommu" index="" image="">
		<description>Captain Commando (USA 910928)</description>
		<cloneof></cloneof>
		<crc></crc>
		<manufacturer>Capcom</manufacturer>
		<year>1991</year>
		<genre>Beat-'Em-Up</genre>
		<score>4.6</score>
		<players>2</players>			
		<rating>Other - NR (Not Rated)</rating>
		<enabled>Yes</enabled>
	</game>	
	<game name="cawing" index="" image="">
		<description>Carrier Air Wing (World 901012)</description>
		<cloneof></cloneof>
		<crc></crc>
		<manufacturer>Capcom</manufacturer>
		<year>1990</year>
		<genre>Shoot-'Em-Up</genre>
		<score>4.3</score>
		<players>2</players>			
		<rating>Other - NR (Not Rated)</rating>
		<enabled>Yes</enabled>
	</game>
	<game name="dynwar" index="true" image="d">
		<description>Dynasty Wars (USA, B-Board 89624B-?)</description>
		<cloneof></cloneof>
		<crc></crc>
		<manufacturer>Capcom</manufacturer>
		<year>1989</year>
		<genre>Beat-'Em-Up</genre>
		<score>3.9</score>
		<players>2</players>
		<rating>Other - NR (Not Rated)</rating>
		<enabled>Yes</enabled>
	</game>
	<game name="ffight" index="true" image="f">
		<description>Final Fight (World)</description>
		<cloneof></cloneof>
		<crc></crc>
		<manufacturer>Capcom</manufacturer>
		<year>1989</year>
		<genre>Beat-'Em-Up</genre>
		<score>4.0</score>
		<players>2</players>
		<rating>Other - NR (Not Rated)</rating>
		<enabled>Yes</enabled>
	</game>
	<game name="ffightu" index="true" image="f">
		<description>Final Fight (USA, set 1)</description>
		<cloneof>ffight</cloneof>
		<crc></crc>
		<manufacturer>Capcom</manufacturer>
		<year>1989</year>
		<genre>Beat-'Em-Up</genre>
		<score>4.0</score>
		<players>2</players>
		<rating>Other - NR (Not Rated)</rating>
		<enabled>Yes</enabled>
	</game>	
	<game name="forgottn" index="" image="">
		<description>Forgotten Worlds (World)</description>
		<cloneof></cloneof>
		<crc></crc>
		<manufacturer>Capcom</manufacturer>
		<year>1988</year>
		<genre>Shoot-'Em-Up</genre>
		<score>3.8</score>
		<players>2</players>
		<rating>Other - NR (Not Rated)</rating>
		<enabled>Yes</enabled>
	</game>
	<game name="ganbare" index="" image="">
		<description>Ganbare! Marine Kun</description>
		<cloneof></cloneof>
		<crc></crc>
		<manufacturer>Capcom</manufacturer>
		<year>2000</year>
		<genre>Shooter</genre>
		<score>4.1</score>
		<players>2</players>
		<rating>Other - NR (Not Rated)</rating>
		<enabled>Yes</enabled>
	</game>			
	<game name="ghouls" index="true" image="g">
		<description>Ghouls&apos;n Ghosts (World)</description>
		<cloneof></cloneof>
		<crc></crc>
		<manufacturer>Capcom</manufacturer>
		<year>1988</year>
		<genre>Platformer</genre>
		<score>4.6</score>
		<players>2</players>
		<rating>Other - NR (Not Rated)</rating>
		<enabled>Yes</enabled>
	</game>
	<game name="ghoulsu" index="true" image="g">
		<description>Ghouls&apos;n Ghosts (USA)</description>
		<cloneof>ghouls</cloneof>
		<crc></crc>
		<manufacturer>Capcom</manufacturer>
		<year>1988</year>
		<genre>Platformer</genre>
		<score>4.6</score>
		<players>2</players>
		<rating>Other - NR (Not Rated)</rating>
		<enabled>Yes</enabled>
	</game>	
	<game name="knights" index="true" image="k">
		<description>Knights of the Round (World 911127)</description>
		<cloneof></cloneof>
		<crc></crc>
		<manufacturer>Capcom</manufacturer>
		<year>1991</year>
		<genre>Beat-'Em-Up</genre>
		<score>3.6</score>
		<players>3</players>
		<rating>Other - NR (Not Rated)</rating>
		<enabled>Yes</enabled>
	</game>
	<game name="knightsu" index="true" image="k">
		<description>Knights of the Round (USA 911127)</description>
		<cloneof>knights</cloneof>
		<crc></crc>
		<manufacturer>Capcom</manufacturer>
		<year>1991</year>
		<genre>Beat-'Em-Up</genre>
		<score>3.6</score>
		<players>3</players>
		<rating>Other - NR (Not Rated)</rating>
		<enabled>Yes</enabled>
	</game>	
	<game name="msword" index="true" image="m">
		<description>Magic Sword: Heroic Fantasy (World 900725)</description>
		<cloneof></cloneof>
		<crc></crc>
		<manufacturer>Capcom</manufacturer>
		<year>1990</year>
		<genre>Platformer</genre>
		<score>4.4</score>
		<players>2</players>
		<rating>Other - NR (Not Rated)</rating>
		<enabled>Yes</enabled>
	</game>
	<game name="megaman" index="" image="">
		<description>Mega Man: The Power Battle (CPS1, USA 951006)</description>
		<cloneof></cloneof>
		<crc></crc>
		<manufacturer>Capcom</manufacturer>
		<year>1995</year>
		<genre>Fighting</genre>
		<score>3.9</score>
		<players>2</players>
		<rating>Other - NR (Not Rated)</rating>
		<enabled>Yes</enabled>
	</game>
	<game name="mtwins" index="" image="">
		<description>Mega Twins (World 900619)</description>
		<cloneof></cloneof>
		<crc></crc>
		<manufacturer>Capcom</manufacturer>
		<year>1990</year>
		<genre>Platformer</genre>
		<score>4.1</score>
		<players>2</players>
		<rating>Other - NR (Not Rated)</rating>
		<enabled>Yes</enabled>
	</game>
	<game name="mercs" index="" image="">
		<description>Mercs (World 900302)</description>
		<cloneof></cloneof>
		<crc></crc>
		<manufacturer>Capcom</manufacturer>
		<year>1990</year>
		<genre>Shoot-'Em-Up</genre>
		<score>4.4</score>
		<players>3</players>
		<rating>Other - NR (Not Rated)</rating>
		<enabled>Yes</enabled>
	</game>
	<game name="mercsu" index="" image="">
		<description>Mercs (USA 900608)</description>
		<cloneof>mercs</cloneof>
		<crc></crc>
		<manufacturer>Capcom</manufacturer>
		<year>1990</year>
		<genre>Shoot-'Em-Up</genre>
		<score>4.4</score>
		<players>3</players>
		<rating>Other - NR (Not Rated)</rating>
		<enabled>Yes</enabled>
	</game>	
	<game name="mbombrd" index="" image="">
		<description>Muscle Bomber Duo: Ultimate Team Battle (World 931206)</description>
		<cloneof></cloneof>
		<crc></crc>
		<manufacturer>Capcom</manufacturer>
		<year>1993</year>
		<genre>Sports</genre>
		<score>4.0</score>
		<players>4</players>		
		<rating>Other - NR (Not Rated)</rating>
		<enabled>Yes</enabled>
	</game>
	<game name="nemo" index="true" image="n">
		<description>Nemo (World 901130)</description>
		<cloneof></cloneof>
		<crc></crc>
		<manufacturer>Capcom</manufacturer>
		<year>1990</year>
		<genre>Platformer</genre>
		<score>4.7</score>
		<players>2</players>
		<rating>Other - NR (Not Rated)</rating>
		<enabled>Yes</enabled>
	</game>
	<game name="pnickj" index="true" image="p">
		<description>Pnickies (Japan 940608)</description>
		<cloneof></cloneof>
		<crc></crc>
		<manufacturer>Capcom (Compile license)</manufacturer>
		<year>1994</year>
		<genre>Puzzle</genre>
		<score>4.6</score>
		<players>2</players>		
		<rating>Other - NR (Not Rated)</rating>
		<enabled>Yes</enabled>
	</game>
	<game name="qad" index="true" image="q">
		<description>Quiz &amp; Dragons: Capcom Quiz Game (USA 920701)</description>
		<cloneof></cloneof>
		<crc></crc>
		<manufacturer>Capcom</manufacturer>
		<year>1992</year>
		<genre>Quiz</genre>
		<score>3.6</score>
		<players>2</players>		
		<rating>Other - NR (Not Rated)</rating>
		<enabled>Yes</enabled>
	</game>
	<game name="qtono2j" index="" image="">
		<description>Quiz Tonosama no Yabou 2: Zenkoku-ban (Japan 950123)</description>
		<cloneof></cloneof>
		<crc></crc>
		<manufacturer>Capcom</manufacturer>
		<year>1995</year>
		<genre>Quiz</genre>
		<score>2.6</score>
		<players>2</players>		
		<rating>Other - NR (Not Rated)</rating>
		<enabled>Yes</enabled>
	</game>
	<game name="slammast" index="true" image="s">
		<description>Saturday Night Slam Masters (World 930713)</description>
		<cloneof></cloneof>
		<crc></crc>
		<manufacturer>Capcom</manufacturer>
		<year>1993</year>
		<genre>Sports</genre>
		<score>4.5</score>
		<players>4</players>	
		<rating>Other - NR (Not Rated)</rating>
		<enabled>Yes</enabled>
	</game>
	<game name="sf2ce" index="" image="">
		<description>Street Fighter II&apos;: Champion Edition (World 920513)</description>
		<cloneof></cloneof>
		<crc></crc>
		<manufacturer>Capcom</manufacturer>
		<year>1992</year>
		<genre>Fighting</genre>
		<score>4.6</score>
		<players>2</players>			
		<rating>Other - NR (Not Rated)</rating>
		<enabled>Yes</enabled>
	</game>
	<game name="sf2hf" index="" image="">
		<description>Street Fighter II&apos;: Hyper Fighting (World 921209)</description>
		<cloneof></cloneof>
		<crc></crc>
		<manufacturer>Capcom</manufacturer>
		<year>1992</year>
		<genre>Fighting</genre>
		<score>4.6</score>
		<players>2</players>	
		<rating>Other - NR (Not Rated)</rating>
		<enabled>Yes</enabled>
	</game>
	<game name="sf2hfu" index="" image="">
		<description>Street Fighter II&apos;: Hyper Fighting (USA 921209)</description>
		<cloneof>sf2hf</cloneof>
		<crc></crc>
		<manufacturer>Capcom</manufacturer>
		<year>1992</year>
		<genre>Fighting</genre>
		<score>4.6</score>
		<players>2</players>	
		<rating>Other - NR (Not Rated)</rating>
		<enabled>Yes</enabled>
	</game>	
	<game name="sf2" index="" image="">
		<description>Street Fighter II: The World Warrior (World 910522)</description>
		<cloneof></cloneof>
		<crc></crc>
		<manufacturer>Capcom</manufacturer>
		<year>1991</year>
		<genre>Fighting</genre>
		<score>4.6</score>
		<players>2</players>
		<rating>Other - NR (Not Rated)</rating>
		<enabled>Yes</enabled>
	</game>
	<game name="strider" index="" image="">
		<description>Strider (USA, B-Board 89624B-2)</description>
		<cloneof></cloneof>
		<crc></crc>
		<manufacturer>Capcom</manufacturer>
		<year>1989</year>
		<genre>Platformer</genre>
		<score>3.8</score>
		<players>1</players>		
		<rating>Other - NR (Not Rated)</rating>
		<enabled>Yes</enabled>
	</game>
	<game name="kod" index="true" image="t">
		<description>The King of Dragons (World 910805)</description>
		<cloneof></cloneof>
		<crc></crc>
		<manufacturer>Capcom</manufacturer>
		<year>1991</year>
		<genre>Beat-'Em-Up</genre>
		<score>3.1</score>
		<players>3</players>		
		<rating>Other - NR (Not Rated)</rating>
		<enabled>Yes</enabled>
	</game>
	<game name="kodu" index="true" image="t">
		<description>The King of Dragons (USA 910910)</description>
		<cloneof>kod</cloneof>
		<crc></crc>
		<manufacturer>Capcom</manufacturer>
		<year>1991</year>
		<genre>Beat-'Em-Up</genre>
		<score>3.1</score>
		<players>3</players>		
		<rating>Other - NR (Not Rated)</rating>
		<enabled>Yes</enabled>
	</game>	
	<game name="punisher" index="" image="">
		<description>The Punisher (World 930422)</description>
		<cloneof></cloneof>
		<crc></crc>
		<manufacturer>Capcom</manufacturer>
		<year>1993</year>
		<genre>Beat-'Em-Up</genre>
		<score>4.3</score>
		<players>2</players>
		<rating>Other - NR (Not Rated)</rating>
		<enabled>Yes</enabled>
	</game>
	<game name="punisheru" index="" image="">
		<description>The Punisher (USA 930422)</description>
		<cloneof>punisher</cloneof>
		<crc></crc>
		<manufacturer>Capcom</manufacturer>
		<year>1993</year>
		<genre>Beat-'Em-Up</genre>
		<score>4.3</score>
		<players>2</players>
		<rating>Other - NR (Not Rated)</rating>
		<enabled>Yes</enabled>
	</game>	
	<game name="3wonders" index="" image="">
		<description>Three Wonders (World 910520)</description>
		<cloneof></cloneof>
		<crc></crc>
		<manufacturer>Capcom</manufacturer>
		<year>1991</year>
		<genre>Platform</genre>
		<score>4.0</score>
		<players>2</players>
		<rating>Other - NR (Not Rated)</rating>
		<enabled>Yes</enabled>
	</game>
	<game name="3wondersu" index="" image="">
		<description>Three Wonders (910520 USA)</description>
		<cloneof>3wonders</cloneof>
		<crc></crc>
		<manufacturer>Capcom</manufacturer>
		<year>1991</year>
		<genre>Platform</genre>
		<score>4.0</score>
		<players>2</players>
		<rating>Other - NR (Not Rated)</rating>
		<enabled>Yes</enabled>
	</game>
	<game name="unsquad" index="true" image="u">
		<description>U.N. Squadron (USA)</description>
		<cloneof></cloneof>
		<crc></crc>
		<manufacturer>Capcom / Daipro</manufacturer>
		<year>1989</year>
		<genre>Shoot-'Em-Up</genre>
		<score>3.4</score>
		<players>2</players>		
		<rating>Other - NR (Not Rated)</rating>
		<enabled>Yes</enabled>
	</game>
	<game name="varth" index="true" image="v">
		<description>Varth: Operation Thunderstorm (World 920714)</description>
		<cloneof></cloneof>
		<crc></crc>
		<manufacturer>Capcom</manufacturer>
		<year>1992</year>
		<genre>Shoot-'Em-Up</genre>
		<score>3.5</score>
		<players>2</players>	
		<rating>Other - NR (Not Rated)</rating>
		<enabled>Yes</enabled>
	</game>
	<game name="varthu" index="true" image="v">
		<description>Varth: Operation Thunderstorm (USA 920612)</description>
		<cloneof>varth</cloneof>
		<crc></crc>
		<manufacturer>Capcom</manufacturer>
		<year>1992</year>
		<genre>Shoot-'Em-Up</genre>
		<score>3.5</score>
		<players>2</players>	
		<rating>Other - NR (Not Rated)</rating>
		<enabled>Yes</enabled>
	</game>	
	<game name="wof" index="true" image="w">
		<description>Warriors of Fate (World 921031)</description>
		<cloneof></cloneof>
		<crc></crc>
		<manufacturer>Capcom</manufacturer>
		<year>1992</year>
		<genre>Beat-'Em-Up</genre>
		<score>3.1</score>
		<players>2</players>		
		<rating>Other - NR (Not Rated)</rating>
		<enabled>Yes</enabled>
	</game>
	<game name="wofu" index="true" image="w">
		<description>Warriors of Fate (USA 921031)</description>
		<cloneof>wof</cloneof>
		<crc></crc>
		<manufacturer>Capcom</manufacturer>
		<year>1992</year>
		<genre>Beat-'Em-Up</genre>
		<score>3.1</score>
		<players>2</players>		
		<rating>Other - NR (Not Rated)</rating>
		<enabled>Yes</enabled>
	</game>	
	<game name="willow" index="" image="">
		<description>Willow (World)</description>
		<cloneof></cloneof>
		<crc></crc>
		<manufacturer>Capcom</manufacturer>
		<year>1989</year>
		<genre>Platformer</genre>
		<score>4.2</score>
		<players>2</players>		
		<rating>Other - NR (Not Rated)</rating>
		<enabled>Yes</enabled>
	</game>
	<game name="willowu" index="" image="">
		<description>Willow (USA)</description>
		<cloneof></cloneof>
		<crc></crc>
		<manufacturer>Capcom</manufacturer>
		<year>1989</year>
		<genre>Platformer</genre>
		<score>4.2</score>
		<players>2</players>		
		<rating>Other - NR (Not Rated)</rating>
		<enabled>Yes</enabled>
	</game>
	<game name="1944u" index="true" image="1">
		<description>1944: The Loop Master (USA 000620)</description>
		<cloneof></cloneof>
		<crc></crc>
		<manufacturer>Eighting / Raizing (Capcom license)</manufacturer>
		<year>2000</year>
		<genre>Shoot-'Em-Up</genre>
		<score>3.7</score>
		<players>2</players>
		<rating>Other - NR (Not Rated)</rating>
		<enabled>Yes</enabled>
	</game>
	<game name="19xxu" index="" image="">
		<description>19XX: The War Against Destiny (USA 951207)</description>
		<cloneof></cloneof>
		<crc></crc>
		<manufacturer>Capcom</manufacturer>
		<year>1996</year>
		<genre>Shoot-'Em-Up</genre>
		<score>3.6</score>
		<players>2</players>
		<rating>Other - NR (Not Rated)</rating>
		<enabled>Yes</enabled>
	</game>
	<game name="avspu" index="true" image="a">
		<description>Alien vs. Predator (USA 940520)</description>
		<cloneof></cloneof>
		<crc></crc>
		<manufacturer>Capcom</manufacturer>
		<year>1994</year>
		<genre>Beat-'Em-Up</genre>
		<score>2.3</score>
		<players>3</players>
		<rating>Other - NR (Not Rated)</rating>
		<enabled>Yes</enabled>
	</game>
	<game name="armwaru" index="" image="">
		<description>Armored Warriors (USA 941024)</description>
		<cloneof></cloneof>
		<crc></crc>
		<manufacturer>Capcom</manufacturer>
		<year>1994</year>
		<genre>Beat-'Em-Up</genre>
		<score>3.5</score>
		<players>3</players>
		<rating>Other - NR (Not Rated)</rating>
		<enabled>Yes</enabled>
	</game>
	<game name="batcir" index="true" image="b">
		<description>Battle Circuit (Euro 970319)</description>
		<cloneof></cloneof>
		<crc></crc>
		<manufacturer>Capcom</manufacturer>
		<year>1997</year>
		<genre>Beat-'Em-Up</genre>
		<score>3.3</score>
		<players>4</players>
		<rating>Other - NR (Not Rated)</rating>
		<enabled>Yes</enabled>
	</game>
	<game name="csclub" index="true" image="c">
		<description>Capcom Sports Club (Euro 971017)</description>
		<cloneof></cloneof>
		<crc></crc>
		<manufacturer>Capcom</manufacturer>
		<year>1997</year>
		<genre>Sports</genre>
		<score>3.6</score>
		<players>2</players>
		<rating>Other - NR (Not Rated)</rating>
		<enabled>Yes</enabled>
	</game>
	<game name="cybotsu" index="" image="">
		<description>Cyberbots: Fullmetal Madness (USA 950424)</description>
		<cloneof></cloneof>
		<crc></crc>
		<manufacturer>Capcom</manufacturer>
		<year>1995</year>
		<genre>Fighting</genre>
		<score>3.8</score>
		<players>2</players>		
		<rating>Other - NR (Not Rated)</rating>
		<enabled>Yes</enabled>
	</game>
	<game name="dstlku" index="true" image="d">
		<description>Darkstalkers: The Night Warriors (USA 940818)</description>
		<cloneof></cloneof>
		<crc></crc>
		<manufacturer>Capcom</manufacturer>
		<year>1994</year>
		<genre>Fighting</genre>
		<score>4.1</score>
		<players>2</players>		
		<rating>Other - NR (Not Rated)</rating>
		<enabled>Yes</enabled>
	</game>
	<game name="dimahoou" index="" image="">
		<description>Dimahoo (USA 000121)</description>
		<cloneof></cloneof>
		<crc></crc>
		<manufacturer>Eighting / Raizing (Capcom license)</manufacturer>
		<year>2000</year>
		<genre>Shoot-'Em-Up</genre>
		<score>4.5</score>
		<players>2</players>			
		<rating>Other - NR (Not Rated)</rating>
		<enabled>Yes</enabled>
	</game>
	<game name="ddsomu" index="" image="">
		<description>Dungeons &amp; Dragons: Shadow over Mystara (USA 960619)</description>
		<cloneof></cloneof>
		<crc></crc>
		<manufacturer>Capcom</manufacturer>
		<year>1996</year>
		<genre>Beat-'Em-Up</genre>
		<score>3.1</score>
		<players>4</players>			
		<rating>Other - NR (Not Rated)</rating>
		<enabled>Yes</enabled>
	</game>
	<game name="ddtodu" index="" image="">
		<description>Dungeons &amp; Dragons: Tower of Doom (USA 940125)</description>
		<cloneof></cloneof>
		<crc></crc>
		<manufacturer>Capcom</manufacturer>
		<year>1993</year>
		<genre>Beat-'Em-Up</genre>
		<score>3.2</score>
		<players>4</players>	
		<rating>Other - NR (Not Rated)</rating>
		<enabled>Yes</enabled>
	</game>
	<game name="ecofghtru" index="true" image="e">
		<description>Eco Fighters (World 931203)</description>
		<cloneof></cloneof>
		<crc></crc>
		<manufacturer>Capcom</manufacturer>
		<year>1993</year>
		<genre>Shoot-'Em-Up</genre>
		<score>3.5</score>
		<players>2</players>nre>
		<rating>Other - NR (Not Rated)</rating>
		<enabled>Yes</enabled>
	</game>
	<game name="gigawing" index="true" image="g">
		<description>Giga Wing (USA 990222)</description>
		<cloneof></cloneof>
		<crc></crc>
		<manufacturer>Takumi (Capcom license)</manufacturer>
		<year>1999</year>
		<genre>Shoot-'Em-Up</genre>
		<score>4.3</score>
		<players>2</players>nre>
		<rating>Other - NR (Not Rated)</rating>
		<enabled>Yes</enabled>
	</game>
	<game name="hsf2" index="true" image="h">
		<description>Hyper Street Fighter 2: The Anniversary Edition (USA 040202)</description>
		<cloneof></cloneof>
		<crc></crc>
		<manufacturer>Capcom</manufacturer>
		<year>2004</year>
		<genre>Fighting</genre>
		<score>4.1</score>
		<players>2</players>	
		<rating>Other - NR (Not Rated)</rating>
		<enabled>Yes</enabled>
	</game>
	<game name="choko" index="true" image="j">
		<description>Janpai Puzzle Choukou (Japan 010820)</description>
		<cloneof></cloneof>
		<crc></crc>
		<manufacturer>Mitchell (Capcom license)</manufacturer>
		<year>2001</year>
		<genre>Puzzle</genre>
		<score>4.0</score>
		<players>1</players>			
		<rating>Other - NR (Not Rated)</rating>
		<enabled>Yes</enabled>
	</game>
	<game name="jyangoku" index="" image="">
		<description>Jyangokushi: Haoh no Saihai (Japan 990527)</description>
		<cloneof></cloneof>
		<crc></crc>
		<manufacturer>Capcom</manufacturer>
		<year>1999</year>
		<genre>Mahjong</genre>
		<score>3.4</score>
		<players>1</players>	
		<rating>Other - NR (Not Rated)</rating>
		<enabled>Yes</enabled>
	</game>
	<game name="mmatrix" index="true" image="m">
		<description>Mars Matrix: Hyper Solid Shooting (USA 000412)</description>
		<cloneof></cloneof>
		<crc></crc>
		<manufacturer>Takumi (Capcom license)</manufacturer>
		<year>2000</year>
		<genre>Shoot-'Em-Up</genre>
		<score>3.6</score>
		<players>2</players>nre>
		<rating>Other - NR (Not Rated)</rating>
		<enabled>Yes</enabled>
	</game>
	<game name="mshu" index="" image="">
		<description>Marvel Super Heroes (USA 951024)</description>
		<cloneof></cloneof>
		<crc></crc>
		<manufacturer>Capcom</manufacturer>
		<year>1995</year>
		<genre>Fighting</genre>
		<score>4.0</score>
		<players>2</players>
		<rating>Other - NR (Not Rated)</rating>
		<enabled>Yes</enabled>
	</game>
	<game name="mshvsfu" index="" image="">
		<description>Marvel Super Heroes Vs. Street Fighter (USA 970827)</description>
		<cloneof></cloneof>
		<crc></crc>
		<manufacturer>Capcom</manufacturer>
		<year>1997</year>
		<genre>Fighting</genre>
		<score>4.1</score>
		<players>2</players>
		<rating>Other - NR (Not Rated)</rating>
		<enabled>Yes</enabled>
	</game>
	<game name="mvscu" index="" image="">
		<description>Marvel Vs. Capcom: Clash of Super Heroes (USA 980123)</description>
		<cloneof></cloneof>
		<crc></crc>
		<manufacturer>Capcom</manufacturer>
		<year>1998</year>
		<genre>Fighting</genre>
		<score>4.3</score>
		<players>2</players>
		<rating>Other - NR (Not Rated)</rating>
		<enabled>Yes</enabled>
	</game>
	<game name="mmancp2u" index="" image="">
		<description>Mega Man - The Power Battle (CPS2, USA 951006, SAMPLE Version)</description>
		<cloneof></cloneof>
		<crc></crc>
		<manufacturer>Capcom</manufacturer>
		<year>1995</year>
		<genre>Fighting</genre>
		<score>4.2</score>
		<players>2</players>
		<rating>Other - NR (Not Rated)</rating>
		<enabled>Yes</enabled>
	</game>
	<game name="megaman2" index="" image="">
		<description>Mega Man 2: The Power Fighters (USA 960708)</description>
		<cloneof></cloneof>
		<crc></crc>
		<manufacturer>Capcom</manufacturer>
		<year>1996</year>
		<genre>Fighting</genre>
		<score>3.8</score>
		<players>2</players>
		<rating>Other - NR (Not Rated)</rating>
		<enabled>Yes</enabled>
	</game>
	<game name="mpangu" index="" image="">
		<description>Mighty! Pang (USA 001010)</description>
		<cloneof></cloneof>
		<crc></crc>
		<manufacturer>Mitchell (Capcom license)</manufacturer>
		<year>2000</year>
		<genre>Puzzle</genre>
		<score>3.8</score>
		<players>2</players>
		<rating>Other - NR (Not Rated)</rating>
		<enabled>Yes</enabled>
	</game>
	<game name="nwarru" index="true" image="n">
		<description>Night Warriors: Darkstalkers&apos; Revenge (USA 950406)</description>
		<cloneof></cloneof>
		<crc></crc>
		<manufacturer>Capcom</manufacturer>
		<year>1995</year>
		<genre>Fighting</genre>
		<score>3.5</score>
		<players>2</players>
		<rating>Other - NR (Not Rated)</rating>
		<enabled>Yes</enabled>
	</game>
	<game name="progear" index="true" image="p">
		<description>Progear (USA 010117)</description>
		<cloneof></cloneof>
		<crc></crc>
		<manufacturer>Cave (Capcom license)</manufacturer>
		<year>2001</year>
		<genre>Shoot-'Em-Up</genre>
		<score>4.2</score>
		<players>2</players>nre>
		<rating>Other - NR (Not Rated)</rating>
		<enabled>Yes</enabled>
	</game>
	<game name="pzloop2j" index="" image="">
		<description>Puzz Loop 2 (Japan 010205)</description>
		<cloneof></cloneof>
		<crc></crc>
		<manufacturer>Mitchell (Capcom license)</manufacturer>
		<year>2001</year>
		<genre>Puzzle</genre>
		<score>3.5</score>
		<players>2</players>>
		<rating>Other - NR (Not Rated)</rating>
		<enabled>Yes</enabled>
	</game>
	<game name="qndream" index="true" image="q">
		<description>Quiz Nanairo Dreams: Nijiirochou no Kiseki (Japan 960826)</description>
		<cloneof></cloneof>
		<crc></crc>
		<manufacturer>Capcom</manufacturer>
		<year>1996</year>
		<genre>Quiz</genre>
		<score>4.4</score>
		<players>2</players>
		<rating>Other - NR (Not Rated)</rating>
		<enabled>Yes</enabled>
	</game>
	<game name="ringdest" index="true" image="r">
		<description>Ring of Destruction: Slammasters II (Euro 940902)</description>
		<cloneof></cloneof>
		<crc></crc>
		<manufacturer>Capcom</manufacturer>
		<year>1994</year>
		<genre>Fighting</genre>
		<score>3.6</score>
		<players>2</players>
		<rating>Other - NR (Not Rated)</rating>
		<enabled>Yes</enabled>
	</game>
	<game name="sfa2u" index="true" image="s">
		<description>Street Fighter Alpha 2 (USA 960430)</description>
		<cloneof></cloneof>
		<crc></crc>
		<manufacturer>Capcom</manufacturer>
		<year>1996</year>
		<genre>Fighting</genre>
		<score>3.9</score>
		<players>2</players>
		<rating>Other - NR (Not Rated)</rating>
		<enabled>Yes</enabled>
	</game>
	<game name="sfa3u" index="" image="">
		<description>Street Fighter Alpha 3 (USA 980904)</description>
		<cloneof></cloneof>
		<crc></crc>
		<manufacturer>Capcom</manufacturer>
		<year>1998</year>
		<genre>Fighting</genre>
		<score>4.3</score>
		<players>2</players>
		<rating>Other - NR (Not Rated)</rating>
		<enabled>Yes</enabled>
	</game>
	<game name="sfau" index="" image="">
		<description>Street Fighter Alpha: Warriors&apos; Dreams (USA 950627)</description>
		<cloneof></cloneof>
		<crc></crc>
		<manufacturer>Capcom</manufacturer>
		<year>1995</year>
		<genre>Fighting</genre>
		<score>3.9</score>
		<players>2</players>
		<rating>Other - NR (Not Rated)</rating>
		<enabled>Yes</enabled>
	</game>
	<game name="sfz2al" index="" image="">
		<description>Street Fighter Zero 2 Alpha (Asia 960826)</description>
		<cloneof></cloneof>
		<crc></crc>
		<manufacturer>Capcom</manufacturer>
		<year>1996</year>
		<genre>Fighting</genre>
		<score>4.2</score>
		<players>2</players>
		<rating>Other - NR (Not Rated)</rating>
		<enabled>Yes</enabled>
	</game>
	<game name="sgemf" index="" image="">
		<description>Super Gem Fighter Mini Mix (USA 970904)</description>
		<cloneof></cloneof>
		<crc></crc>
		<manufacturer>Capcom</manufacturer>
		<year>1997</year>
		<genre>Fighting</genre>
		<score>4.4</score>
		<players>2</players>
		<rating>Other - NR (Not Rated)</rating>
		<enabled>Yes</enabled>
	</game>
	<game name="spf2t" index="" image="">
		<description>Super Puzzle Fighter II Turbo (USA 960620)</description>
		<cloneof></cloneof>
		<crc></crc>
		<manufacturer>Capcom</manufacturer>
		<year>1996</year>
		<genre>Puzzle</genre>
		<score>3.8</score>
		<players>2</players>
		<rating>Other - NR (Not Rated)</rating>
		<enabled>Yes</enabled>
	</game>
	<game name="ssf2tu" index="" image="">
		<description>Super Street Fighter II Turbo (World 940223)</description>
		<cloneof></cloneof>
		<crc></crc>
		<manufacturer>Capcom</manufacturer>
		<year>1994</year>
		<genre>Fighting</genre>
		<score>4.2</score>
		<players>2</players>
		<rating>Other - NR (Not Rated)</rating>
		<enabled>Yes</enabled>
	</game>
	<game name="ssf2u" index="" image="">
		<description>Super Street Fighter II: The New Challengers (World 930911)</description>
		<cloneof></cloneof>
		<crc></crc>
		<manufacturer>Capcom</manufacturer>
		<year>1993</year>
		<genre>Fighting</genre>
		<score>4.3</score>
		<players>2</players>
		<rating>Other - NR (Not Rated)</rating>
		<enabled>Yes</enabled>
	</game>
	<game name="vhunt2" index="true" image="v">
		<description>Vampire Hunter 2: Darkstalkers Revenge (Japan 970929)</description>
		<cloneof></cloneof>
		<crc></crc>
		<manufacturer>Capcom</manufacturer>
		<year>1997</year>
		<genre>Fighting</genre>
		<score>3.6</score>
		<players>2</players>
		<rating>Other - NR (Not Rated)</rating>
		<enabled>Yes</enabled>
	</game>
	<game name="vsav2" index="" image="">
		<description>Vampire Savior 2: The Lord of Vampire (Japan 970913)</description>
		<cloneof></cloneof>
		<crc></crc>
		<manufacturer>Capcom</manufacturer>
		<year>1997</year>
		<genre>Fighting</genre>
		<score>3.7</score>
		<players>2</players>
		<rating>Other - NR (Not Rated)</rating>
		<enabled>Yes</enabled>
	</game>
	<game name="vsavu" index="" image="">
		<description>Vampire Savior: The Lord of Vampire (USA 970519)</description>
		<cloneof></cloneof>
		<crc></crc>
		<manufacturer>Capcom</manufacturer>
		<year>1997</year>
		<genre>Fighting</genre>
		<score>3.7</score>
		<players>2</players>
		<rating>Other - NR (Not Rated)</rating>
		<enabled>Yes</enabled>
	</game>
	<game name="xmvsfu" index="true" image="x">
		<description>X-Men Vs. Street Fighter (USA 961023)</description>
		<cloneof></cloneof>
		<crc></crc>
		<manufacturer>Capcom</manufacturer>
		<year>1996</year>
		<genre>Fighting</genre>
		<score>4.4</score>
		<players>2</players>
		<rating>Other - NR (Not Rated)</rating>
		<enabled>Yes</enabled>
	</game>
	<game name="xmcotau" index="" image="">
		<description>X-Men: Children of the Atom (USA 950105)</description>
		<cloneof></cloneof>
		<crc></crc>
		<manufacturer>Capcom</manufacturer>
		<year>1994</year>
		<genre>Fighting</genre>
		<score>3.2</score>
		<players>2</players>
		<rating>Other - NR (Not Rated)</rating>
		<enabled>Yes</enabled>
	</game>
	<game name="jojoba" index="true" image="j">
		<description>JoJo no Kimyouna Bouken: Miraie no Isan (Japan 990913)</description>
		<cloneof></cloneof>
		<crc></crc>
		<manufacturer>Capcom</manufacturer>
		<year>1999</year>
		<genre>Fighting</genre>
		<players>2</players>
		<score>3.7</score>
		<rating>Other - NR (Not Rated)</rating>
		<enabled>Yes</enabled>
	</game>
	<game name="jojo" index="true" image="j">
		<description>JoJo&apos;s Venture</description>
		<cloneof></cloneof>
		<crc></crc>
		<manufacturer>Capcom</manufacturer>
		<year>1999</year>
		<genre>Fighting</genre>
		<players>2</players>
		<score>3.7</score>
		<rating>Other - NR (Not Rated)</rating>
		<enabled>Yes</enabled>
	</game>	
	<game name="jojou" index="" image="">
		<description>JoJo&apos;s Venture (USA 990108)</description>
		<cloneof></cloneof>
		<crc></crc>
		<manufacturer>Capcom</manufacturer>
		<year>1998</year>
		<genre>Fighting</genre>
		<players>2</players>
		<score>3.7</score>
		<rating>Other - NR (Not Rated)</rating>
		<enabled>Yes</enabled>
	</game>
	<game name="redearth" index="true" image="r">
		<description>Red Earth (Euro 961121)</description>
		<cloneof></cloneof>
		<crc></crc>
		<manufacturer>Capcom</manufacturer>
		<year>1996</year>
		<genre>Fighting</genre>
		<players>2</players>
		<score>3.8</score>
		<rating>Other - NR (Not Rated)</rating>
		<enabled>Yes</enabled>
	</game>
	<game name="sfiii2" index="true" image="s">
		<description>Street Fighter III 2nd Impact: Giant Attack (USA 970930)</description>
		<cloneof></cloneof>
		<crc></crc>
		<manufacturer>Capcom</manufacturer>
		<year>1997</year>
		<genre>Fighting</genre>
		<players>2</players>
		<score>4.5</score>
		<rating>Other - NR (Not Rated)</rating>
		<enabled>Yes</enabled>
	</game>
	<game name="sfiii3u" index="" image="">
		<description>Street Fighter III 3rd Strike: Fight for the Future (USA 990608)</description>
		<cloneof></cloneof>
		<crc></crc>
		<manufacturer>Capcom</manufacturer>
		<year>1999</year>
		<genre>Fighting</genre>
		<players>2</players>
		<score>4.5</score>
		<rating>Other - NR (Not Rated)</rating>
		<enabled>Yes</enabled>
	</game>
	<game name="sfiiiu" index="" image="">
		<description>Street Fighter III: New Generation (USA 970204)</description>
		<cloneof></cloneof>
		<crc></crc>
		<manufacturer>Capcom</manufacturer>
		<year>1997</year>
		<genre>Fighting</genre>
		<players>2</players>
		<score>4.2</score>
		<rating>Other - NR (Not Rated)</rating>
		<enabled>Yes</enabled>
	</game>
</menu>	